periode,categorie_produit,motif,secteur,ville_siege_social
2026-07,10060-Gros appareils ménagers,Qualité des biens et services,Cabinets de dentistes,Montréal
2026-07,10010-Aliments/Boissons/Tabac,Pratique trompeuse ou déloyale,Stations-service,Sept-Îles
2026-07,11020-Services liés à la construction  l'entretien et à la rénovation de l'habitation,Mésentente liée au contrat conclu,Autres travaux spécialisés,Sainte-Julie
2026-07,99000-Autres (précisez),Pratique trompeuse ou déloyale,Marchés de viande,Québec
2026-07,11020-Services liés à la construction  l'entretien et à la rénovation de l'habitation,Service à la clientèle / Absence de livraison / Non conformité,Travaux d'excavation et de nivellement//Coulage et finition du béton,Longueuil
2026-07,10010-Aliments/Boissons/Tabac,Pratique trompeuse ou déloyale,Autres types de commerce de gros de produits alimentaires//Supermarchés d'alimentation,TORONTO
2026-07,11030-Déménagement  entreposage et livraison,Service à la clientèle / Absence de livraison / Non conformité,Déménagement et entreposage de biens usagés//Commerce de gros de marchandises diverses,NA
2026-07,11040-Entretien ménager,Pratique trompeuse ou déloyale,Autres services aux entreprises//Ménages,Montréal
2026-07,18010-Enseignement académique et formation continue,Mésentente liée au contrat conclu,NA,NA
2026-07,11020-Services liés à la construction  l'entretien et à la rénovation de l'habitation,Service à la clientèle / Absence de livraison / Non conformité,Plomberie,Saint-Pie
2026-07,10130-Automobiles d'occasion,Pratique trompeuse ou déloyale,Concessionnaires d'automobiles d'occasion,Vaudreuil-Dorion
2026-07,10120-Automobiles neuves,Qualité des biens et services,Concessionnaires d'automobiles d'occasion//Garages (réparations générales),Laval
2026-07,10140-Autres moyens de transport,Qualité des biens et services,NA,NA
2026-07,10130-Automobiles d'occasion,Pratique trompeuse ou déloyale,Concessionnaires d'automobiles d'occasion,Terrebonne
2026-07,10070-Appareils de chauffage et de climatisation,Pratique trompeuse ou déloyale,Rénovation de bâtiments résidentiels//Installation de systèmes de chauffage par fluide caloporteur,Longueuil
2026-07,10130-Automobiles d'occasion,Pratique trompeuse ou déloyale,Concessionnaires d'automobiles d'occasion,Mirabel
2026-07,11080-Entretien et réparation de véhicules et autres moyens de transport,Pratique trompeuse ou déloyale,Épiceries (sauf supermarchés)//Stations-service,Montréal
2026-07,10130-Automobiles d'occasion,Mésentente liée au contrat conclu,Garages (réparations générales),Drummondville
2026-07,10130-Automobiles d'occasion,Autre,Autres industries de produits manufacturés//Autres services techniques,NA
2026-07,10130-Automobiles d'occasion,Pratique trompeuse ou déloyale,NA,NA
2026-07,14030-Services d'infrastructures reliés au transport,Mésentente liée au contrat conclu,Commerce de gros d'automobiles//Garages (réparations générales),Trois-Rivières
2026-07,10130-Automobiles d'occasion,Qualité des biens et services,Concessionnaires d'automobiles neuves,Blainville
2026-07,11030-Déménagement  entreposage et livraison,Service à la clientèle / Absence de livraison / Non conformité,Ménages//Services de location d'automobiles et de camions,Terrebonne
2026-07,11020-Services liés à la construction  l'entretien et à la rénovation de l'habitation,Service à la clientèle / Absence de livraison / Non conformité,Travaux d'excavation et de nivellement,Saint-Basile
2026-07,10120-Automobiles neuves,Qualité des biens et services,Concessionnaires d'automobiles neuves//Garages (réparations générales),Salaberry-de-Valleyfield
2026-07,10140-Autres moyens de transport,Service à la clientèle / Absence de livraison / Non conformité,Commerce de détail de bicyclettes,Montréal
2026-07,10140-Autres moyens de transport,Pratique trompeuse ou déloyale,Concessionnaires d'automobiles d'occasion//Commerce de détail de motocyclettes et de motoneiges,Lévis
2026-07,11020-Services liés à la construction  l'entretien et à la rénovation de l'habitation,Service à la clientèle / Absence de livraison / Non conformité,Aucune,Québec
2026-07,10040-Meubles,Qualité des biens et services,Commerce de détail de meubles de maison (avec appareils ména,Saint-Anselme
2026-07,11020-Services liés à la construction  l'entretien et à la rénovation de l'habitation,Qualité des biens et services,Installation de systèmes de chauffage par fluide caloporteur//Travaux d'électricité,Laval
2026-07,12090-Recouvrement de créances,Pratique trompeuse ou déloyale,Agences de recouvrement,Toronto
2026-07,11020-Services liés à la construction  l'entretien et à la rénovation de l'habitation,Pratique trompeuse ou déloyale,Bâtiments commerciaux//Menuiserie,St-Jean-sur-Richelieu
2026-07,10120-Automobiles neuves,Qualité des biens et services,Concessionnaires d'automobiles neuves,Québec
2026-07,10120-Automobiles neuves,Pratique trompeuse ou déloyale,Concessionnaires d'automobiles neuves,Laval
2026-07,15010-Hôtels et autres hébergements touristiques,Service à la clientèle / Absence de livraison / Non conformité,Agences de publicité,Terrebonne
2026-07,10040-Meubles,Service à la clientèle / Absence de livraison / Non conformité,NA,NA
2026-07,10100-Articles des TIC (Technologies de l'information et de la communication),Qualité des biens et services,Autres services,Halifax
2026-07,11080-Entretien et réparation de véhicules et autres moyens de transport,Mésentente liée au contrat conclu,NA,NA
2026-07,13070-Services de télésurveillance,Service à la clientèle / Absence de livraison / Non conformité,Travaux d'électricité,Winnipeg
2026-07,11020-Services liés à la construction  l'entretien et à la rénovation de l'habitation,Pratique trompeuse ou déloyale,Industrie des armoires et placards de cuisine et des coiffeu,Québec
2026-07,10060-Gros appareils ménagers,Qualité des biens et services,Commerce de détail de meubles de maison (avec appareils ména//Autres services,Victoriaville
2026-07,10010-Aliments/Boissons/Tabac,Mésentente avant l’achat liée au prix / au tarif,Confiseries et magasins de noix//Entreprises de vente directe,Granby
2026-07,10080-Petits appareils électroménagers,Service à la clientèle / Absence de livraison / Non conformité,Transports aériens (vols réguliers ou nolisés),NA
2026-07,10130-Automobiles d'occasion,Pratique trompeuse ou déloyale,Concessionnaires d'automobiles neuves//Concessionnaires d'automobiles d'occasion,Trois-Rivières
2026-07,15010-Hôtels et autres hébergements touristiques,Problème de facturation ou de recouvrement de créance,NA,NA
2026-07,13040-Services Internet,Problème de facturation ou de recouvrement de créance,Services d'informatique,Montréal
2026-07,11020-Services liés à la construction  l'entretien et à la rénovation de l'habitation,Mésentente liée au contrat conclu,Autres services,Sainte-Anne-des-Plaines
2026-07,10120-Automobiles neuves,Autre,Concessionnaires d'automobiles neuves//Garages (réparations générales),Sept-Îles
2026-07,13030-Services de téléphonie mobile,Mésentente liée au contrat conclu,Autres services,Toronto
2026-07,12090-Recouvrement de créances,Problème de facturation ou de recouvrement de créance,Agences de recouvrement//Autres services aux entreprises,TROIS-RIVIÈRES (QUÉBEC)
2026-07,14020-Transport en commun  routier  ferroviaire et maritime,Pratique trompeuse ou déloyale,Autres transports par eau,Montréal
2026-07,10010-Aliments/Boissons/Tabac,Service à la clientèle / Absence de livraison / Non conformité,Épiceries (sauf supermarchés),Saint-Éphrem-de-Beauce
2026-07,11020-Services liés à la construction  l'entretien et à la rénovation de l'habitation,Pratique trompeuse ou déloyale,Entreprises de vente directe,Montréal
2026-07,10130-Automobiles d'occasion,Qualité des biens et services,Concessionnaires d'automobiles neuves,Chambly
2026-07,10040-Meubles,Qualité des biens et services,Autres types de commerce de détail,Edmonton
2026-07,11020-Services liés à la construction  l'entretien et à la rénovation de l'habitation,Qualité des biens et services,Pose de bardeaux pour toits,Terrebonne
2026-07,10010-Aliments/Boissons/Tabac,Mésentente avant l’achat liée au prix / au tarif,Supermarchés d'alimentation//Commerce de détail de produits du tabac et de journaux,Stellarton
2026-07,10090-Articles électroniques,Service à la clientèle / Absence de livraison / Non conformité,NA,NA
2026-07,10130-Automobiles d'occasion,Qualité des biens et services,Concessionnaires d'automobiles neuves//Concessionnaires d'automobiles d'occasion,Chambly
2026-07,10040-Meubles,Service à la clientèle / Absence de livraison / Non conformité,Commerce de détail de meubles de maison (avec appareils ména//Commerce de détail de revêtements de sol,Saint-Hyacinthe
2026-07,15010-Hôtels et autres hébergements touristiques,Pratique trompeuse ou déloyale,Agences de voyages et de vente de billets//Grossistes et commerçants en voyage,Toronto
2026-07,14010-Transport aérien,Service à la clientèle / Absence de livraison / Non conformité,Agences de voyages et de vente de billets,Montreal
2026-07,11080-Entretien et réparation de véhicules et autres moyens de transport,Service à la clientèle / Absence de livraison / Non conformité,NA,NA
2026-07,10090-Articles électroniques,Qualité des biens et services,Commerce de gros de machines  matériel et fournitures électr,Vancouver
2026-07,12090-Recouvrement de créances,Problème de facturation ou de recouvrement de créance,Parcs et garages de stationnement,Vimont
2026-07,13070-Services de télésurveillance,Pratique trompeuse ou déloyale,Travaux d'électricité,Boucherville
2026-07,12070-Garantie supplémentaire,Pratique trompeuse ou déloyale,Concessionnaires d'automobiles neuves//Garages (réparations générales),Mascouche
2026-07,15050-Services liés aux sports  aux loisirs  à la culture et au conditionnement physique,Mésentente avant l’achat liée au prix / au tarif,Organisations civiques et amicales,Granby
2026-07,10090-Articles électroniques,Qualité des biens et services,Autres types de commerce de gros de matériaux de constructio//Quincailleries,Boucherville
2026-07,11020-Services liés à la construction  l'entretien et à la rénovation de l'habitation,Mésentente liée au contrat conclu,Travaux d'excavation et de nivellement//Travaux d'isolation,Québec
2026-07,10030-Outils  matériaux  articles d'entretien et végétaux,Service à la clientèle / Absence de livraison / Non conformité,Autres types de commerce de gros de matériaux de constructio//Quincailleries,Boucherville
2026-07,10130-Automobiles d'occasion,Qualité des biens et services,Concessionnaires d'automobiles d'occasion,Mirabel
2026-07,10130-Automobiles d'occasion,Pratique trompeuse ou déloyale,Concessionnaires d'automobiles d'occasion,Mont-Laurier
2026-07,10130-Automobiles d'occasion,Qualité des biens et services,Autres types de commerce de gros,MARKHAM (ONTARIO)
2026-07,10030-Outils  matériaux  articles d'entretien et végétaux,Service à la clientèle / Absence de livraison / Non conformité,Autres types de commerce de gros de papier et produits du pa,Granby
2026-07,15040-Restaurants et bars,Pratique trompeuse ou déloyale,Restaurants sans permis d'alcool,Montréal
2026-07,11020-Services liés à la construction  l'entretien et à la rénovation de l'habitation,Qualité des biens et services,Rénovation de bâtiments résidentiels//Installation de la verrerie et de la vitrerie,Montréal
2026-07,10120-Automobiles neuves,Qualité des biens et services,Concessionnaires d'automobiles neuves//Garages (réparations générales),Salaberry-de-Valleyfield
2026-07,10130-Automobiles d'occasion,Qualité des biens et services,Concessionnaires d'automobiles d'occasion,Montréal
2026-07,10130-Automobiles d'occasion,Qualité des biens et services,Concessionnaires d'automobiles neuves//Concessionnaires d'automobiles d'occasion,Laval
2026-07,11020-Services liés à la construction  l'entretien et à la rénovation de l'habitation,Service à la clientèle / Absence de livraison / Non conformité,Travaux d'électricité,Sainte-Sophie
2026-07,10180-Produits cosmétiques  articles de toilette et appareils pour soins corporels,Pratique trompeuse ou déloyale,NA,NA
2026-07,10140-Autres moyens de transport,Qualité des biens et services,Autres types de commerce de détail,L'Île-Perrot
2026-07,10130-Automobiles d'occasion,Service à la clientèle / Absence de livraison / Non conformité,Autres types de commerce de détail,Saint-Eustache
2026-07,10060-Gros appareils ménagers,Service à la clientèle / Absence de livraison / Non conformité,Magasins d'appareils ménagers  de téléviseurs et d'autres ap,Montréal
2026-07,10070-Appareils de chauffage et de climatisation,Qualité des biens et services,Industrie du matériel commercial de réfrigération et de clim,Saint-Bruno-de-Montarville
2026-07,10070-Appareils de chauffage et de climatisation,Qualité des biens et services,Autres services aux entreprises,Gatineau
2026-07,10070-Appareils de chauffage et de climatisation,Qualité des biens et services,Commerce de gros de matériel et fournitures de plomberie  de,Boucherville
2026-07,11030-Déménagement  entreposage et livraison,Service à la clientèle / Absence de livraison / Non conformité,Autres industries d'impression commerciale//Commerce de gros de papeterie et fournitures de bureau,Montréal
2026-07,10010-Aliments/Boissons/Tabac,Service à la clientèle / Absence de livraison / Non conformité,NA,NA
2026-07,11020-Services liés à la construction  l'entretien et à la rénovation de l'habitation,Mésentente liée au contrat conclu,NA,NA
2026-07,10030-Outils  matériaux  articles d'entretien et végétaux,Service à la clientèle / Absence de livraison / Non conformité,Autres types de commerce de détail,Drummondville
2026-07,10110-Articles de loisirs,Qualité des biens et services,NA,NA
2026-07,11020-Services liés à la construction  l'entretien et à la rénovation de l'habitation,Service à la clientèle / Absence de livraison / Non conformité,Rénovation de bâtiments résidentiels//Rénovation de bâtiments non résidentiels,Saint-Sulpice
2026-07,13030-Services de téléphonie mobile,Service à la clientèle / Absence de livraison / Non conformité,Réseaux de téléphonie//Autres services de télécommunications,Verdun
2026-07,10130-Automobiles d'occasion,Problème de facturation ou de recouvrement de créance,Concessionnaires d'automobiles d'occasion,Sherbrooke
2026-07,14010-Transport aérien,Pratique trompeuse ou déloyale,Transports aériens (vols réguliers ou nolisés),Saint-Laurent
2026-07,10010-Aliments/Boissons/Tabac,Service à la clientèle / Absence de livraison / Non conformité,Épiceries (sauf supermarchés)//Restaurants avec permis d'alcool,Montréal
2026-07,10130-Automobiles d'occasion,Pratique trompeuse ou déloyale,Concessionnaires d'automobiles d'occasion,Lévis
2026-07,10120-Automobiles neuves,Mésentente liée au contrat conclu,Concessionnaires d'automobiles neuves//Ateliers de réparation de véhicules automobile,Rimouski
2026-07,10090-Articles électroniques,Qualité des biens et services,NA,NA
2026-07,10130-Automobiles d'occasion,Service à la clientèle / Absence de livraison / Non conformité,Concessionnaires d'automobiles neuves//Garages (réparations générales),ALMA (QUÉBEC)
2026-07,10130-Automobiles d'occasion,Qualité des biens et services,Concessionnaires d'automobiles d'occasion,Vaudreuil-Dorion
2026-07,11020-Services liés à la construction  l'entretien et à la rénovation de l'habitation,Service à la clientèle / Absence de livraison / Non conformité,Travaux d'excavation et de nivellement,Lévis
2026-07,10030-Outils  matériaux  articles d'entretien et végétaux,Qualité des biens et services,Autres types de commerce de machines  matériel et fourniture,Rosemère
2026-07,15050-Services liés aux sports  aux loisirs  à la culture et au conditionnement physique,Pratique trompeuse ou déloyale,Autres clubs sportifs et services de loisirs,Rouyn-Noranda
2026-07,12090-Recouvrement de créances,Problème de facturation ou de recouvrement de créance,Parcs et garages de stationnement,Vimont
2026-07,15010-Hôtels et autres hébergements touristiques,Problème de facturation ou de recouvrement de créance,Hôtels et auberges routières,Montréal
2026-07,10140-Autres moyens de transport,Pratique trompeuse ou déloyale,NA,NA
2026-07,12080-Cartes prépayées  coupons échangeables et programme de fidélisation,Service à la clientèle / Absence de livraison / Non conformité,Services d'informatique,Terrebonne
2026-07,10010-Aliments/Boissons/Tabac,Pratique trompeuse ou déloyale,Autres types de commerce de détail,Salaberry-de-Valleyfield
2026-07,10100-Articles des TIC (Technologies de l'information et de la communication),Qualité des biens et services,Commerce de détail de téléviseurs  de postes de radio et d'a,Vancouver
2026-07,10130-Automobiles d'occasion,Qualité des biens et services,Concessionnaires d'automobiles neuves,Saguenay
2026-07,13060-Forfait de services de communication,Service à la clientèle / Absence de livraison / Non conformité,Réseaux de téléphonie//Fournisseurs de services Internet et sites portails de reche,Victoriaville
2026-07,10120-Automobiles neuves,Mésentente liée au contrat conclu,Concessionnaires d'automobiles neuves,Brossard
2026-07,10020-Vêtements  bijoux et accessoires,Service à la clientèle / Absence de livraison / Non conformité,NA,NA
2026-07,10130-Automobiles d'occasion,Qualité des biens et services,Concessionnaires d'automobiles neuves//Concessionnaires d'automobiles d'occasion,Saint-Eustache
2026-07,10130-Automobiles d'occasion,Pratique trompeuse ou déloyale,Concessionnaires d'automobiles d'occasion,Québec
2026-07,10150-Pièces de rechange  accessoires et carburants pour moyens de transports,Pratique trompeuse ou déloyale,Récupération et démontage d'automobiles//Concessionnaires d'automobiles d'occasion,Saint-Alexandre
2026-07,10100-Articles des TIC (Technologies de l'information et de la communication),Qualité des biens et services,Autres services de télécommunications,Westmount
2026-07,18020-Cours de langue  leçons de conduite  cours relatifs aux sports  aux loisirs et autres passe-temps,Problème de facturation ou de recouvrement de créance,Autres clubs sportifs et services de loisirs//Vente de services de bronzage artificiel,Rosemère
2026-07,10020-Vêtements  bijoux et accessoires,Mésentente liée au contrat conclu,Autres magasins de marchandises diverses,Mont-Royal
2026-07,10080-Petits appareils électroménagers,Qualité des biens et services,Magasins à rayons,ST. PURDY'S WHARF TOWER II
2026-07,15040-Restaurants et bars,Service à la clientèle / Absence de livraison / Non conformité,Restaurants avec permis d'alcool,Laval
2026-07,10060-Gros appareils ménagers,Qualité des biens et services,Autres types de commerce de machines  matériel et fourniture,Mississauga
2026-07,11020-Services liés à la construction  l'entretien et à la rénovation de l'habitation,Problème de facturation ou de recouvrement de créance,Plomberie,Repentigny
2026-07,10110-Articles de loisirs,Qualité des biens et services,NA,NA
2026-07,12010-Prêt d'argent,Pratique trompeuse ou déloyale,Autres types de commerce de détail,Edmonton
2026-07,17020-Médicaments en vente libre,Service à la clientèle / Absence de livraison / Non conformité,NA,NA
2026-07,10120-Automobiles neuves,Qualité des biens et services,Industrie des véhicules automobiles,MISSISSAUGA (ONTARIO)
2026-07,10130-Automobiles d'occasion,Qualité des biens et services,Concessionnaires d'automobiles d'occasion,Mascouche
2026-07,11140-Services d’impression  de reproduction et d’encadrement,Pratique trompeuse ou déloyale,NA,NA
2026-07,10110-Articles de loisirs,Qualité des biens et services,Autres types de commerce de détail,Vaudreuil-Dorion
2026-07,10090-Articles électroniques,Service à la clientèle / Absence de livraison / Non conformité,Autres types de commerce de détail,Gatineau
2026-07,11020-Services liés à la construction  l'entretien et à la rénovation de l'habitation,Qualité des biens et services,Rénovation de bâtiments résidentiels//Installation de la verrerie et de la vitrerie,Montréal
2026-07,10130-Automobiles d'occasion,Pratique trompeuse ou déloyale,Commerce de gros d'automobiles,Saint-Eustache
2026-07,10070-Appareils de chauffage et de climatisation,Pratique trompeuse ou déloyale,Installation de systèmes de chauffage par fluide caloporteur//Tôlerie et autres travaux sur conduites,Lévis
2026-07,98000-Aucun,Pratique trompeuse ou déloyale,Organismes internationaux et autres organismes extraterritor//Autres associations et organismes des domaines de la santé e,Québec
2026-07,11080-Entretien et réparation de véhicules et autres moyens de transport,Service à la clientèle / Absence de livraison / Non conformité,Garages (réparations générales)//Ateliers de peinture et de carrosserie,Montréal
2026-07,10020-Vêtements  bijoux et accessoires,Problème de facturation ou de recouvrement de créance,Autres services,Saint-Laurent
2026-07,14020-Transport en commun  routier  ferroviaire et maritime,Mésentente liée au contrat conclu,Services aux commerces transitaires//Autres services d'entreposage,Salaberry-de-Valleyfield
2026-07,14010-Transport aérien,Service à la clientèle / Absence de livraison / Non conformité,Autres services aux entreprises,Vancouver
2026-07,10130-Automobiles d'occasion,Qualité des biens et services,Concessionnaires d'automobiles d'occasion,Lévis
2026-07,15020-Voyages à forfait,Service à la clientèle / Absence de livraison / Non conformité,Caisses d'épargne et de crédit,Lévis
2026-07,11070-Services d'appui  de recherche et de rencontre,Pratique trompeuse ou déloyale,Autres services,NA
2026-07,12090-Recouvrement de créances,Qualité des biens et services,Commerce de détail de meubles de maison (avec appareils ména,Chicoutimi
2026-07,10150-Pièces de rechange  accessoires et carburants pour moyens de transports,Service à la clientèle / Absence de livraison / Non conformité,Concessionnaires d'automobiles neuves,Châteauguay
2026-07,10180-Produits cosmétiques  articles de toilette et appareils pour soins corporels,Service à la clientèle / Absence de livraison / Non conformité,Autres types de commerce de détail,Salaberry-de-Valleyfield
2026-07,11080-Entretien et réparation de véhicules et autres moyens de transport,Qualité des biens et services,Concessionnaires d'automobiles neuves//Concessionnaires d'automobiles d'occasion,Montréal
2026-07,11080-Entretien et réparation de véhicules et autres moyens de transport,Service à la clientèle / Absence de livraison / Non conformité,Garages (réparations générales),Montréal
2026-07,10150-Pièces de rechange  accessoires et carburants pour moyens de transports,Qualité des biens et services,Concessionnaires d'automobiles neuves,Rivière-du-Loup
2026-07,10020-Vêtements  bijoux et accessoires,Service à la clientèle / Absence de livraison / Non conformité,Bijouteries,Montréal
2026-07,10130-Automobiles d'occasion,Qualité des biens et services,Concessionnaires d'automobiles neuves,Laval
2026-07,11020-Services liés à la construction  l'entretien et à la rénovation de l'habitation,Service à la clientèle / Absence de livraison / Non conformité,Services de désinfection et d'extermination,Montréal
2026-07,15050-Services liés aux sports  aux loisirs  à la culture et au conditionnement physique,Service à la clientèle / Absence de livraison / Non conformité,Autres clubs sportifs et services de loisirs//Vente de services de bronzage artificiel,Rosemère
2026-07,10140-Autres moyens de transport,Service à la clientèle / Absence de livraison / Non conformité,NA,NA
2026-07,13030-Services de téléphonie mobile,Problème de facturation ou de recouvrement de créance,Autres services de télécommunications//Autres services aux entreprises,Vancouver
2026-07,10060-Gros appareils ménagers,Qualité des biens et services,Autres types de commerce de machines  matériel et fourniture,North York
2026-07,10070-Appareils de chauffage et de climatisation,Mésentente liée au contrat conclu,Commerce de gros de matériel et fournitures de plomberie  de,Boucherville
2026-07,10180-Produits cosmétiques  articles de toilette et appareils pour soins corporels,Mésentente avant l’achat liée au prix / au tarif,Pharmacies (vente de médicaments au détail et consultation),Montréal
2026-07,10130-Automobiles d'occasion,Pratique trompeuse ou déloyale,Commerce de gros d'automobiles,Granby
2026-07,10070-Appareils de chauffage et de climatisation,Qualité des biens et services,Autres types de commerce de détail,Longueuil
2026-07,12090-Recouvrement de créances,Problème de facturation ou de recouvrement de créance,Concessionnaires d'automobiles d'occasion//Sociétés de prêts à la consommation,Montréal
2026-07,10140-Autres moyens de transport,Qualité des biens et services,NA,NA
2026-07,10130-Automobiles d'occasion,Service à la clientèle / Absence de livraison / Non conformité,Concessionnaires d'automobiles neuves,Drummondville
2026-07,10010-Aliments/Boissons/Tabac,Mésentente avant l’achat liée au prix / au tarif,NA,NA
2026-07,15040-Restaurants et bars,Pratique trompeuse ou déloyale,Restaurants sans permis d'alcool,Montréal
2026-07,10060-Gros appareils ménagers,Service à la clientèle / Absence de livraison / Non conformité,Magasins d'appareils ménagers  de téléviseurs et d'autres ap,Montréal
2026-07,11100-Services professionnels (autres que des services de santé),Service à la clientèle / Absence de livraison / Non conformité,Autres services de comptabilité et de tenue de livres,Brossard
2026-07,10010-Aliments/Boissons/Tabac,Mésentente avant l’achat liée au prix / au tarif,Épiceries (sauf supermarchés)//Commerce de détail de produits du tabac et de journaux,Montréal
2026-07,11100-Services professionnels (autres que des services de santé),Pratique trompeuse ou déloyale,Études d'avocats ou de notaires  conseillers en loi  conseil,Montréal
2026-07,10130-Automobiles d'occasion,Service à la clientèle / Absence de livraison / Non conformité,Concessionnaires d'automobiles d'occasion,Saint-Constant
2026-07,10020-Vêtements  bijoux et accessoires,Mésentente liée au contrat conclu,Industrie des luminaires pour résidences//Réparation de moteurs électriques,Montréal
2026-07,10130-Automobiles d'occasion,Qualité des biens et services,Restaurants avec permis d'alcool,Montréal
2026-07,10120-Automobiles neuves,Qualité des biens et services,Concessionnaires d'automobiles neuves//Concessionnaires d'automobiles d'occasion,Montréal
2026-07,10070-Appareils de chauffage et de climatisation,Qualité des biens et services,Installation de systèmes de chauffage par fluide caloporteur//Commerce de gros de marchandises diverses,Ste-Therese
2026-07,18020-Cours de langue  leçons de conduite  cours relatifs aux sports  aux loisirs et autres passe-temps,Problème de facturation ou de recouvrement de créance,Entreprises de vente directe//Agences de publicité,Montréal
2026-07,13040-Services Internet,Mésentente liée au contrat conclu,Réseaux de téléphonie//Autres services de télécommunications,Verdun
2026-07,10070-Appareils de chauffage et de climatisation,Qualité des biens et services,Installation de systèmes de chauffage par fluide caloporteur,Saint-Rémi
2026-07,10140-Autres moyens de transport,Qualité des biens et services,Autres types de commerce de gros de véhicules automobiles//Autres types de commerce de détail de véhicules de loisir,Trois-Rivières
2026-07,12990-Autres services financiers (lequel?),Service à la clientèle / Absence de livraison / Non conformité,Bureaux de comptables,Montréal
2026-07,11040-Entretien ménager,Qualité des biens et services,NA,Saint-Ambroise
2026-07,10130-Automobiles d'occasion,Pratique trompeuse ou déloyale,Concessionnaires d'automobiles neuves//Concessionnaires d'automobiles d'occasion,Sorel-Tracy
2026-07,10020-Vêtements  bijoux et accessoires,Qualité des biens et services,Commerce de détail de bagages et de maroquinerie,Montréal
2026-07,14030-Services d'infrastructures reliés au transport,Problème de facturation ou de recouvrement de créance,Parcs et garages de stationnement,Vimont
2026-07,10130-Automobiles d'occasion,Mésentente liée au contrat conclu,Concessionnaires d'automobiles d'occasion,Saint-Jérôme
2026-07,10120-Automobiles neuves,Qualité des biens et services,Concessionnaires d'automobiles neuves//Concessionnaires d'automobiles d'occasion,MASCOUCHE (QUÉBEC)
2026-07,12090-Recouvrement de créances,Problème de facturation ou de recouvrement de créance,Agences de recouvrement,Laval
2026-07,10140-Autres moyens de transport,Qualité des biens et services,Autres industries de la machinerie et de l'équipement//Commerce de gros de machines  matériel et fournitures agrico,Notre-Dame-des-Prairies
2026-07,10130-Automobiles d'occasion,Qualité des biens et services,Garages (réparations générales),Montréal
2026-07,10120-Automobiles neuves,Qualité des biens et services,Concessionnaires d'automobiles neuves//Ateliers de peinture et de carrosserie,Montréal
2026-07,10020-Vêtements  bijoux et accessoires,Pratique trompeuse ou déloyale,NA,NA
2026-07,10130-Automobiles d'occasion,Qualité des biens et services,Concessionnaires d'automobiles d'occasion//Services de location d'automobiles et de camions,St-Eustache
2026-07,10070-Appareils de chauffage et de climatisation,Pratique trompeuse ou déloyale,Gestion de travaux de construction//Sociétés d'investissement,Montréal
2026-07,10020-Vêtements  bijoux et accessoires,Qualité des biens et services,NA,NA
2026-07,10120-Automobiles neuves,Qualité des biens et services,Industrie des véhicules automobiles,Ajax
2026-07,10010-Aliments/Boissons/Tabac,Mésentente avant l’achat liée au prix / au tarif,Autres types de commerce de détail,Saint-Roch-de-l'Achigan
2026-07,10070-Appareils de chauffage et de climatisation,Qualité des biens et services,Commerce de gros d'articles de quincaillerie,Mont-Laurier
2026-07,10070-Appareils de chauffage et de climatisation,Qualité des biens et services,Rénovation de bâtiments résidentiels//Gestion de travaux de construction,Gatineau
2026-07,10060-Gros appareils ménagers,Qualité des biens et services,Autres services,Burlington
2026-07,10130-Automobiles d'occasion,Qualité des biens et services,Concessionnaires d'automobiles neuves//Concessionnaires d'automobiles d'occasion,Joliette
2026-07,10130-Automobiles d'occasion,Qualité des biens et services,Concessionnaires d'automobiles d'occasion//Autres services,Saint-Eustache
2026-07,10130-Automobiles d'occasion,Pratique trompeuse ou déloyale,NA,NA
2026-07,11020-Services liés à la construction  l'entretien et à la rénovation de l'habitation,Pratique trompeuse ou déloyale,Rénovation de bâtiments résidentiels,Cote-St-Luc
2026-07,10130-Automobiles d'occasion,Qualité des biens et services,Concessionnaires d'automobiles neuves,Brossard
2026-07,10130-Automobiles d'occasion,Qualité des biens et services,Concessionnaires d'automobiles d'occasion,Lévis
2026-07,10130-Automobiles d'occasion,Qualité des biens et services,Concessionnaires d'automobiles d'occasion,Sherbrooke
2026-07,11020-Services liés à la construction  l'entretien et à la rénovation de l'habitation,Service à la clientèle / Absence de livraison / Non conformité,Autres services aux entreprises,NA
2026-07,10150-Pièces de rechange  accessoires et carburants pour moyens de transports,Pratique trompeuse ou déloyale,Récupération et démontage d'automobiles,Saint-Clet
2026-07,10020-Vêtements  bijoux et accessoires,Service à la clientèle / Absence de livraison / Non conformité,Autres types de commerce de gros,Montréal
2026-07,11020-Services liés à la construction  l'entretien et à la rénovation de l'habitation,Pratique trompeuse ou déloyale,Rénovation de bâtiments résidentiels//Rénovation de bâtiments non résidentiels,Gatineau
2026-07,11060-Nettoyage  réparation et location d'articles d'habillement,Service à la clientèle / Absence de livraison / Non conformité,Blanchissage ou nettoyage à sec mécanisés,Laval
2026-07,18010-Enseignement académique et formation continue,Mésentente liée au contrat conclu,NA,NA
2026-07,10140-Autres moyens de transport,Service à la clientèle / Absence de livraison / Non conformité,Autres types de commerce de gros de véhicules automobiles//Autres types de commerce de détail de véhicules de loisir,Sainte-Hélène-de-Bagot
2026-07,10150-Pièces de rechange  accessoires et carburants pour moyens de transports,Pratique trompeuse ou déloyale,Récupération et démontage d'automobiles//Commerce de détail de pneus  d'accumulateurs  de pièces et d,Saint-Cyrille-de-Wendover
2026-07,15050-Services liés aux sports  aux loisirs  à la culture et au conditionnement physique,Mésentente liée au contrat conclu,Autres services d'enseignement//Autres clubs sportifs et services de loisirs,NA
2026-07,10070-Appareils de chauffage et de climatisation,Service à la clientèle / Absence de livraison / Non conformité,Autres industries de produits électriques,Blainville
2026-07,10130-Automobiles d'occasion,Qualité des biens et services,Concessionnaires d'automobiles d'occasion,NA
2026-07,12090-Recouvrement de créances,Problème de facturation ou de recouvrement de créance,Sociétés de financement des ventes,Toronto
2026-07,10130-Automobiles d'occasion,Qualité des biens et services,Concessionnaires d'automobiles d'occasion//Autres services,Saint-Eustache
2026-07,10020-Vêtements  bijoux et accessoires,Pratique trompeuse ou déloyale,Autres types de commerce de détail,Val-des-Lacs
2026-07,10020-Vêtements  bijoux et accessoires,Qualité des biens et services,NA,NA
2026-07,11020-Services liés à la construction  l'entretien et à la rénovation de l'habitation,Qualité des biens et services,Industrie de la production d'aluminium de première fusion,Victoriaville
2026-07,15010-Hôtels et autres hébergements touristiques,Service à la clientèle / Absence de livraison / Non conformité,Grossistes et commerçants en voyage,Toronto
2026-07,18010-Enseignement académique et formation continue,Problème de facturation ou de recouvrement de créance,Bureaux de placement//Enseignement de formation personnelle et populaire,Montréal
2026-07,10020-Vêtements  bijoux et accessoires,Pratique trompeuse ou déloyale,Camionnage de marchandises ordinaires//Déménagement et entreposage de biens usagés,Montréal
2026-07,11020-Services liés à la construction  l'entretien et à la rénovation de l'habitation,Mésentente liée au contrat conclu,Services de conciergerie et d'entretien,Laval
2026-07,10020-Vêtements  bijoux et accessoires,Pratique trompeuse ou déloyale,Bijouteries,Laval
2026-07,17030-Dispositifs médicaux et autre appareillage,Autre,NA,NA
2026-07,14010-Transport aérien,Pratique trompeuse ou déloyale,NA,NA
2026-07,10020-Vêtements  bijoux et accessoires,Problème de facturation ou de recouvrement de créance,Autres types de commerce de détail,Cambridge
2026-07,11020-Services liés à la construction  l'entretien et à la rénovation de l'habitation,Service à la clientèle / Absence de livraison / Non conformité,Autres services relatifs aux bâtiments et aux habitations,Trois-Rivières
2026-07,15020-Voyages à forfait,Pratique trompeuse ou déloyale,Agences de voyages et de vente de billets,Montréal
2026-07,15050-Services liés aux sports  aux loisirs  à la culture et au conditionnement physique,Pratique trompeuse ou déloyale,Autres clubs sportifs et services de loisirs,Gatineau
2026-07,10120-Automobiles neuves,Pratique trompeuse ou déloyale,Concessionnaires d'automobiles neuves,Laval
2026-07,10040-Meubles,Service à la clientèle / Absence de livraison / Non conformité,NA,NA
2026-07,13060-Forfait de services de communication,Mésentente liée au contrat conclu,Réseaux de téléphonie//Autres services de télécommunications,Verdun
2026-07,15040-Restaurants et bars,Pratique trompeuse ou déloyale,Restaurants avec permis d'alcool,Montréal
2026-07,10070-Appareils de chauffage et de climatisation,Service à la clientèle / Absence de livraison / Non conformité,Commerce de détail d'appareils ménagers  de téléviseurs  de,Laval
2026-07,10130-Automobiles d'occasion,Pratique trompeuse ou déloyale,Concessionnaires d'automobiles d'occasion,Lévis
2026-07,10180-Produits cosmétiques  articles de toilette et appareils pour soins corporels,Service à la clientèle / Absence de livraison / Non conformité,Autres services de soins personnels,Rosemère
2026-07,10130-Automobiles d'occasion,Mésentente liée au contrat conclu,Concessionnaires d'automobiles d'occasion,Saint-Constant
2026-07,10130-Automobiles d'occasion,Qualité des biens et services,Industrie des véhicules automobiles//Commerce de gros d'automobiles,MARKHAM (ONTARIO)
2026-07,99000-Autres (précisez),Mésentente avant l’achat liée au prix / au tarif,Camionnage de marchandises ordinaires,Laval
2026-07,10130-Automobiles d'occasion,Qualité des biens et services,Concessionnaires d'automobiles neuves,Laval
2026-07,10060-Gros appareils ménagers,Qualité des biens et services,Ateliers de réparation d'appareils ménagers,Longueuil (Québec)
2026-07,10130-Automobiles d'occasion,Qualité des biens et services,Concessionnaires d'automobiles neuves//Concessionnaires d'automobiles d'occasion,Québec
2026-07,10060-Gros appareils ménagers,Qualité des biens et services,Commerce de détail d'appareils ménagers  de téléviseurs  de//Ateliers de réparation d'appareils ménagers,Montréal
2026-07,10070-Appareils de chauffage et de climatisation,Qualité des biens et services,Travaux d'isolation//Installation d'isolation thermique,Québec
2026-07,11020-Services liés à la construction  l'entretien et à la rénovation de l'habitation,Service à la clientèle / Absence de livraison / Non conformité,Autres types de commerce de détail,Montréal
2026-07,10070-Appareils de chauffage et de climatisation,Mésentente liée au contrat conclu,Entreprises de vente directe,grand mere
2026-07,11020-Services liés à la construction  l'entretien et à la rénovation de l'habitation,Autre,Travaux d'asphaltage,Montréal
2026-07,10130-Automobiles d'occasion,Service à la clientèle / Absence de livraison / Non conformité,Concessionnaires d'automobiles neuves//Concessionnaires d'automobiles d'occasion,MASCOUCHE (QUÉBEC)
2026-07,11030-Déménagement  entreposage et livraison,Problème de facturation ou de recouvrement de créance,Camionnage de marchandises ordinaires//Déménagement et entreposage de biens usagés,Québec
2026-07,11080-Entretien et réparation de véhicules et autres moyens de transport,Qualité des biens et services,Ateliers de réparation et de remplacement de boîtes de vites,Montréal
2026-07,15020-Voyages à forfait,Service à la clientèle / Absence de livraison / Non conformité,Autres services aux entreprises,Vancouver
2026-07,13030-Services de téléphonie mobile,Pratique trompeuse ou déloyale,Autres services de télécommunications,Verdun
2026-07,10130-Automobiles d'occasion,Pratique trompeuse ou déloyale,Commerce de gros d'automobiles//Garages (réparations générales),Vaudreuil-Dorion
2026-07,11020-Services liés à la construction  l'entretien et à la rénovation de l'habitation,Service à la clientèle / Absence de livraison / Non conformité,Industrie des portes et fenêtres en métal,Montréal
2026-07,10060-Gros appareils ménagers,Qualité des biens et services,Commerce de détail de téléviseurs  de postes de radio et d'a,MISSISSAUGA (ONTARIO)
2026-07,10030-Outils  matériaux  articles d'entretien et végétaux,Service à la clientèle / Absence de livraison / Non conformité,Rénovation de bâtiments résidentiels//Installation de la verrerie et de la vitrerie,Saint-Eustache
2026-07,11080-Entretien et réparation de véhicules et autres moyens de transport,Service à la clientèle / Absence de livraison / Non conformité,Garages (réparations générales),Gatineau
2026-07,10120-Automobiles neuves,Pratique trompeuse ou déloyale,Concessionnaires d'automobiles neuves//Garages (réparations générales),Mirabel
2026-07,11050-Soins corporels et d’esthétique,Mésentente liée au contrat conclu,Autres services de soins personnels,Québec
2026-07,11020-Services liés à la construction  l'entretien et à la rénovation de l'habitation,Service à la clientèle / Absence de livraison / Non conformité,Autres types de commerce de détail,Trois-Rivières
2026-07,11120-Services de garde,Service à la clientèle / Absence de livraison / Non conformité,NA,NA
2026-07,10070-Appareils de chauffage et de climatisation,Qualité des biens et services,Industrie des véhicules automobiles//Commerce de gros d'automobiles,MARKHAM (ONTARIO)
2026-07,10100-Articles des TIC (Technologies de l'information et de la communication),Qualité des biens et services,Magasins généraux//Exploitants de bâtiments non résidentiels,OTTAWA (ONTARIO)
2026-07,13040-Services Internet,Problème de facturation ou de recouvrement de créance,Câblovision,Montréal
2026-07,10080-Petits appareils électroménagers,Qualité des biens et services,Autres types de commerce de détail,Albanel
2026-07,10130-Automobiles d'occasion,Pratique trompeuse ou déloyale,Concessionnaires d'automobiles d'occasion//Garages (réparations générales),Sherbrooke
2026-07,10070-Appareils de chauffage et de climatisation,Qualité des biens et services,Installation de systèmes de chauffage par fluide caloporteur//Travaux d'électricité,Laval
2026-07,15040-Restaurants et bars,Pratique trompeuse ou déloyale,NA,NA
2026-07,10130-Automobiles d'occasion,Qualité des biens et services,Concessionnaires d'automobiles d'occasion,Mtl Nord
2026-07,15010-Hôtels et autres hébergements touristiques,Pratique trompeuse ou déloyale,Hôtels et auberges routières,Québec
2026-07,10090-Articles électroniques,Pratique trompeuse ou déloyale,Commerce de gros de machines  matériel et fournitures de bur//Autres types de commerce de gros de machines  matériel et fo,Vancouver
2026-07,10060-Gros appareils ménagers,Qualité des biens et services,Commerce de détail de meubles de maison (avec appareils ména,Montreal
2026-07,10100-Articles des TIC (Technologies de l'information et de la communication),Service à la clientèle / Absence de livraison / Non conformité,NA,NA
2026-07,13030-Services de téléphonie mobile,Service à la clientèle / Absence de livraison / Non conformité,Autres services de télécommunications//Autres services aux entreprises,Vancouver
2026-07,14040-Services de location d’un transport à court terme,Service à la clientèle / Absence de livraison / Non conformité,NA,NA
2026-07,10010-Aliments/Boissons/Tabac,Pratique trompeuse ou déloyale,Entrepôts frigorifiques//Autres types de commerce de gros de produits alimentaires,Montréal
2026-07,10060-Gros appareils ménagers,Qualité des biens et services,Autres services,Burlington
2026-07,13060-Forfait de services de communication,Service à la clientèle / Absence de livraison / Non conformité,Réseaux de téléphonie//Autres services de télécommunications,Verdun
2026-07,10010-Aliments/Boissons/Tabac,Pratique trompeuse ou déloyale,Magasins à rayons,SAINT-JEAN-SUR-RICHELIEU
2026-07,10060-Gros appareils ménagers,Problème de facturation ou de recouvrement de créance,Autres camionnages//Commerce de détail d'appareils ménagers  de téléviseurs  de,Québec
2026-07,10150-Pièces de rechange  accessoires et carburants pour moyens de transports,Problème de facturation ou de recouvrement de créance,Commerces de détail de pièces et d'accessoires pour véhicule,Laval
2026-07,11040-Entretien ménager,Service à la clientèle / Absence de livraison / Non conformité,Services de désinfection et d'extermination,Montréal
2026-07,13060-Forfait de services de communication,Service à la clientèle / Absence de livraison / Non conformité,Travaux de peinture et de décoration//Ménages,Lavaltrie
2026-07,10120-Automobiles neuves,Pratique trompeuse ou déloyale,Concessionnaires d'automobiles neuves//Concessionnaires d'automobiles d'occasion,Montréal
2026-07,11010-Services immobiliers,Pratique trompeuse ou déloyale,Promotion et construction de maisons individuelles//Promotion et construction d'autres types de constructions ré,Dolbeau-Mistassini
2026-07,18010-Enseignement académique et formation continue,Mésentente liée au contrat conclu,Autres services,Boucherville
2026-07,17040-Services liés à la santé,Pratique trompeuse ou déloyale,Services de maintien à domicile//Autres services,Montréal
2026-07,10010-Aliments/Boissons/Tabac,Pratique trompeuse ou déloyale,Autres types de commerce de détail//Entreprises de vente directe,Saint-Sauveur
2026-07,10130-Automobiles d'occasion,Mésentente liée au contrat conclu,Concessionnaires d'automobiles neuves,Sherbrooke
2026-07,11020-Services liés à la construction  l'entretien et à la rénovation de l'habitation,Problème de facturation ou de recouvrement de créance,Services de désinfection et d'extermination//Autres services relatifs aux bâtiments et aux habitations,Montréal
2026-07,15040-Restaurants et bars,Pratique trompeuse ou déloyale,Restaurants sans permis d'alcool,Brossard
2026-07,10010-Aliments/Boissons/Tabac,Pratique trompeuse ou déloyale,Supermarchés d'alimentation//Stations-service,Saint-Eustache
2026-07,11080-Entretien et réparation de véhicules et autres moyens de transport,Service à la clientèle / Absence de livraison / Non conformité,Commerce de détails de pneus  d'accumulateurs  de pièces et//Garages (réparations générales),Lavaltrie
2026-07,10030-Outils  matériaux  articles d'entretien et végétaux,Mésentente avant l’achat liée au prix / au tarif,Autres types de commerce de gros,Saint-Augustin-de-Desmaures
2026-07,10030-Outils  matériaux  articles d'entretien et végétaux,Service à la clientèle / Absence de livraison / Non conformité,NA,NA
2026-07,10120-Automobiles neuves,Qualité des biens et services,Concessionnaires d'automobiles neuves//Concessionnaires d'automobiles d'occasion,Levis
2026-07,10090-Articles électroniques,Qualité des biens et services,Services d'informatique,Toronto
2026-07,10120-Automobiles neuves,Qualité des biens et services,Concessionnaires d'automobiles neuves,Laval
2026-07,15020-Voyages à forfait,Service à la clientèle / Absence de livraison / Non conformité,Agences de voyages et de vente de billets,Terrebonne
2026-07,10070-Appareils de chauffage et de climatisation,Qualité des biens et services,Installation de systèmes de chauffage par fluide caloporteur,Montréal
2026-07,11080-Entretien et réparation de véhicules et autres moyens de transport,Mésentente liée au contrat conclu,Industrie des carrosseries de camions et d'autobus//Concessionnaires d'automobiles neuves,Joliette
2026-07,13030-Services de téléphonie mobile,Service à la clientèle / Absence de livraison / Non conformité,Autres services de télécommunications,Verdun
2026-07,10060-Gros appareils ménagers,Qualité des biens et services,Autres types de commerce de machines  matériel et fourniture,Mississauga
2026-07,15020-Voyages à forfait,Pratique trompeuse ou déloyale,Agences de voyages et de vente de billets,Baie-Saint-Paul
2026-07,11080-Entretien et réparation de véhicules et autres moyens de transport,Service à la clientèle / Absence de livraison / Non conformité,Autres services,Québec
2026-07,10130-Automobiles d'occasion,Mésentente liée au contrat conclu,Concessionnaires d'automobiles neuves,Trois-Rivières
2026-07,10110-Articles de loisirs,Service à la clientèle / Absence de livraison / Non conformité,Autres types de commerce de détail,Laval
2026-07,10130-Automobiles d'occasion,Qualité des biens et services,Concessionnaires d'automobiles neuves//Concessionnaires d'automobiles d'occasion,Saint-Eustache
2026-07,10070-Appareils de chauffage et de climatisation,Service à la clientèle / Absence de livraison / Non conformité,Commerce de gros de matériel et fournitures de plomberie  de,Boucherville
2026-07,10010-Aliments/Boissons/Tabac,Service à la clientèle / Absence de livraison / Non conformité,Autres types de commerce de gros de produits alimentaires//Supermarchés d'alimentation,TORONTO
2026-07,10100-Articles des TIC (Technologies de l'information et de la communication),Qualité des biens et services,NA,NA
2026-07,10060-Gros appareils ménagers,Qualité des biens et services,Commerce de gros d'appareils ménagers électriques//Commerce de détail de meubles de maison (avec appareils ména,St-Roch-de-l'Achigan
2026-07,10030-Outils  matériaux  articles d'entretien et végétaux,Service à la clientèle / Absence de livraison / Non conformité,Commerce de gros d'appareils ménagers électriques,Pointe-Claire
2026-07,10130-Automobiles d'occasion,Mésentente liée au contrat conclu,Autres intermédiaires de type bancaire//Autres sociétés de financement des entreprises,Halifax
2026-07,10130-Automobiles d'occasion,Qualité des biens et services,Concessionnaires d'automobiles d'occasion,Saint-Constant
2026-07,11020-Services liés à la construction  l'entretien et à la rénovation de l'habitation,Service à la clientèle / Absence de livraison / Non conformité,Rénovation de bâtiments résidentiels,Mascouche
2026-07,10150-Pièces de rechange  accessoires et carburants pour moyens de transports,Problème de facturation ou de recouvrement de créance,Épiceries (sauf supermarchés),Sherbrooke
2026-07,12010-Prêt d'argent,Mésentente liée au contrat conclu,Sociétés de prêts à la consommation//Sociétés de crédit-bail,Granby
2026-07,14040-Services de location d’un transport à court terme,Mésentente liée au contrat conclu,Agences de voyages et de vente de billets//Grossistes et commerçants en voyage,Toronto
2026-07,10070-Appareils de chauffage et de climatisation,Qualité des biens et services,Installation de systèmes de chauffage par fluide caloporteur//Travaux d'électricité,Laval
2026-07,11020-Services liés à la construction  l'entretien et à la rénovation de l'habitation,Service à la clientèle / Absence de livraison / Non conformité,Autres services aux entreprises,Boisbriand
2026-07,11020-Services liés à la construction  l'entretien et à la rénovation de l'habitation,Mésentente liée au contrat conclu,Installation de systèmes de chauffage par fluide caloporteur,Terrebonne
2026-07,10130-Automobiles d'occasion,Qualité des biens et services,Commerce de gros d'automobiles,NA
2026-07,12090-Recouvrement de créances,Problème de facturation ou de recouvrement de créance,Parcs et garages de stationnement,Vimont
2026-07,15020-Voyages à forfait,Service à la clientèle / Absence de livraison / Non conformité,Agences de voyages et de vente de billets,Québec
2026-07,10130-Automobiles d'occasion,Qualité des biens et services,Concessionnaires d'automobiles neuves,Sherbrooke
2026-07,10130-Automobiles d'occasion,Problème de facturation ou de recouvrement de créance,Concessionnaires d'automobiles d'occasion//Services de location d'automobiles et de camions,Saint-Jérôme
2026-07,10130-Automobiles d'occasion,Qualité des biens et services,Concessionnaires d'automobiles d'occasion,Mirabel
2026-07,10020-Vêtements  bijoux et accessoires,Pratique trompeuse ou déloyale,NA,NA
2026-07,15040-Restaurants et bars,Service à la clientèle / Absence de livraison / Non conformité,Restaurants sans permis d'alcool,Granby
2026-07,14010-Transport aérien,Service à la clientèle / Absence de livraison / Non conformité,Grossistes et commerçants en voyage,Toronto
2026-07,15050-Services liés aux sports  aux loisirs  à la culture et au conditionnement physique,Mésentente liée au contrat conclu,Autres services personnels et domestiques,Montréal
2026-07,10010-Aliments/Boissons/Tabac,Pratique trompeuse ou déloyale,NA,Saint-Nazaire-D'Acton
2026-07,10130-Automobiles d'occasion,Pratique trompeuse ou déloyale,Concessionnaires d'automobiles d'occasion//Autres services,Trois-Rivières
2026-07,10060-Gros appareils ménagers,Qualité des biens et services,Autres services,Montréal
2026-07,10070-Appareils de chauffage et de climatisation,Service à la clientèle / Absence de livraison / Non conformité,Autres industries de produits électriques,Anjou
2026-07,12010-Prêt d'argent,Pratique trompeuse ou déloyale,Sociétés de crédit-bail,Burnaby  British-Columbia
2026-07,10060-Gros appareils ménagers,Qualité des biens et services,Autres types de commerce de détail,Edmonton
2026-07,10130-Automobiles d'occasion,Pratique trompeuse ou déloyale,Concessionnaires d'automobiles d'occasion,Thurso
2026-07,10130-Automobiles d'occasion,Pratique trompeuse ou déloyale,Concessionnaires d'automobiles d'occasion,Québec
2026-07,10130-Automobiles d'occasion,Service à la clientèle / Absence de livraison / Non conformité,Concessionnaires d'automobiles d'occasion,STE EUSTACHE
2026-07,10130-Automobiles d'occasion,Qualité des biens et services,Concessionnaires d'automobiles d'occasion,Montréal
2026-07,10070-Appareils de chauffage et de climatisation,Qualité des biens et services,Commerce de détail de meubles de maison (avec appareils ména,Montreal
2026-07,10040-Meubles,Mésentente avant l’achat liée au prix / au tarif,Autres types de commerce de détail d'accessoires d'ameubleme,Montréal
2026-07,11020-Services liés à la construction  l'entretien et à la rénovation de l'habitation,Service à la clientèle / Absence de livraison / Non conformité,Promotion et construction de maisons individuelles//Rénovation de bâtiments résidentiels,Shannon
2026-07,10120-Automobiles neuves,Pratique trompeuse ou déloyale,Concessionnaires d'automobiles neuves,Mont-Laurier
2026-07,10010-Aliments/Boissons/Tabac,Mésentente liée au contrat conclu,Entrepôts frigorifiques//Autres types de commerce de gros de produits alimentaires,Montréal
2026-07,13060-Forfait de services de communication,Pratique trompeuse ou déloyale,Câblovision,Montréal
2026-07,10130-Automobiles d'occasion,Pratique trompeuse ou déloyale,Concessionnaires d'automobiles d'occasion,Montréal
2026-07,10060-Gros appareils ménagers,Qualité des biens et services,Autres types de commerce de machines  matériel et fourniture,North York
2026-07,10130-Automobiles d'occasion,Qualité des biens et services,Concessionnaires d'automobiles d'occasion,Longueuil
2026-07,10080-Petits appareils électroménagers,Problème de facturation ou de recouvrement de créance,Sociétés d'investissement,Mississauga
2026-07,10120-Automobiles neuves,Pratique trompeuse ou déloyale,Concessionnaires d'automobiles neuves//Garages (réparations générales),Gatineau
2026-07,13040-Services Internet,Problème de facturation ou de recouvrement de créance,Autres services,Toronto
2026-07,14040-Services de location d’un transport à court terme,Pratique trompeuse ou déloyale,Agences de voyages et de vente de billets//Grossistes et commerçants en voyage,Toronto
2026-07,10120-Automobiles neuves,Pratique trompeuse ou déloyale,Concessionnaires d'automobiles neuves//Autres ateliers de réparation de véhicules automobiles,Boucherville
2026-07,15040-Restaurants et bars,Pratique trompeuse ou déloyale,Restaurants avec permis d'alcool,Laval
2026-07,10130-Automobiles d'occasion,Pratique trompeuse ou déloyale,Concessionnaires d'automobiles neuves//Garages (réparations générales),Salaberry-de-Valleyfield
2026-07,10130-Automobiles d'occasion,Pratique trompeuse ou déloyale,Concessionnaires d'automobiles d'occasion,Laval
2026-07,10030-Outils  matériaux  articles d'entretien et végétaux,Qualité des biens et services,Commerce de détail de vêtements pour enfants//Autres types de commerce de détail d'accessoires d'ameubleme,Québec
2026-07,12090-Recouvrement de créances,Problème de facturation ou de recouvrement de créance,Parcs et garages de stationnement,Vimont
2026-07,10070-Appareils de chauffage et de climatisation,Qualité des biens et services,NA,NA
2026-07,11020-Services liés à la construction  l'entretien et à la rénovation de l'habitation,Pratique trompeuse ou déloyale,Autres services relatifs aux bâtiments et aux habitations,Nepean
2026-07,10140-Autres moyens de transport,Pratique trompeuse ou déloyale,Autres types de commerce de gros de véhicules automobiles//Garages (réparations générales),Drummondville
2026-07,11090-Entretien et réparation de biens (autres qu'un véhicule),Service à la clientèle / Absence de livraison / Non conformité,Nettoyage de moquettes,Blainville
2026-07,12010-Prêt d'argent,Problème de facturation ou de recouvrement de créance,NA,NA
2026-07,10090-Articles électroniques,Qualité des biens et services,Commerce de détail de meubles de maison (avec appareils ména,Montreal
2026-07,10110-Articles de loisirs,Service à la clientèle / Absence de livraison / Non conformité,Autres travaux spécialisés//Autres types de commerce de détail,MIRABEL (QUÉBEC)
2026-07,10140-Autres moyens de transport,Qualité des biens et services,Industrie des véhicules automobiles//Commerce de gros d'automobiles,MARKHAM (ONTARIO)
2026-07,13060-Forfait de services de communication,Service à la clientèle / Absence de livraison / Non conformité,Câblovision,Montréal
2026-07,10070-Appareils de chauffage et de climatisation,Service à la clientèle / Absence de livraison / Non conformité,Commerce de gros de matériel et fournitures de plomberie  de,FERGUS (ONTARIO)
2026-07,15040-Restaurants et bars,Service à la clientèle / Absence de livraison / Non conformité,Autres services aux entreprises,Toronto
2026-07,10130-Automobiles d'occasion,Pratique trompeuse ou déloyale,Concessionnaires d'automobiles d'occasion,Saint-Ambroise-de-Kildare
2026-07,13040-Services Internet,Mésentente liée au contrat conclu,Réseaux de téléphonie//Autres services de télécommunications,Verdun
2026-07,10130-Automobiles d'occasion,Qualité des biens et services,Concessionnaires d'automobiles neuves//Concessionnaires d'automobiles d'occasion,Salaberry-de-Valleyfield
2026-07,11050-Soins corporels et d’esthétique,Service à la clientèle / Absence de livraison / Non conformité,Autres services de soins personnels,saint basile le grand
2026-07,10130-Automobiles d'occasion,Qualité des biens et services,Concessionnaires d'automobiles d'occasion//Autres services,Saint-Eustache
2026-07,11030-Déménagement  entreposage et livraison,Pratique trompeuse ou déloyale,Déménagement et entreposage de biens usagés,Brossard
2026-07,10040-Meubles,Service à la clientèle / Absence de livraison / Non conformité,Autres types de commerce de détail,Edmonton
2026-07,10130-Automobiles d'occasion,Pratique trompeuse ou déloyale,Concessionnaires d'automobiles d'occasion,Sherbrooke
2026-07,10130-Automobiles d'occasion,Qualité des biens et services,Concessionnaires d'automobiles d'occasion//Garages (réparations générales),Laval
2026-07,10130-Automobiles d'occasion,Qualité des biens et services,Concessionnaires d'automobiles d'occasion//Autres services,Saint-Eustache
2026-07,10080-Petits appareils électroménagers,Qualité des biens et services,Autres types de commerce de machines  matériel et fourniture,North York
2026-07,13070-Services de télésurveillance,Problème de facturation ou de recouvrement de créance,Services de sécurité et d'enquêtes,Toronto
2026-07,10130-Automobiles d'occasion,Qualité des biens et services,Concessionnaires d'automobiles neuves,Laval
2026-07,11020-Services liés à la construction  l'entretien et à la rénovation de l'habitation,Pratique trompeuse ou déloyale,Services de nettoyage de vitres,Gatineau
2026-07,10130-Automobiles d'occasion,Qualité des biens et services,Concessionnaires d'automobiles d'occasion,Montréal
2026-07,10130-Automobiles d'occasion,Qualité des biens et services,Concessionnaires d'automobiles neuves,MIRABEL (QUÉBEC)
2026-07,10120-Automobiles neuves,Service à la clientèle / Absence de livraison / Non conformité,Commerce de gros d'automobiles//Services de location d'automobiles et de camions,Longueuil
2026-07,11050-Soins corporels et d’esthétique,Pratique trompeuse ou déloyale,Sociétés de portefeuille (holdings)//Autres services de soins personnels,Montréal
2026-07,11020-Services liés à la construction  l'entretien et à la rénovation de l'habitation,Pratique trompeuse ou déloyale,Travaux d'asphaltage//Autres services relatifs aux bâtiments et aux habitations,Québec
2026-07,10040-Meubles,Service à la clientèle / Absence de livraison / Non conformité,Autres types de commerce de gros,Trois-Rivières
2026-07,10080-Petits appareils électroménagers,Service à la clientèle / Absence de livraison / Non conformité,Commerce de détail de meubles de maison (avec appareils ména,Montreal
2026-07,10120-Automobiles neuves,Qualité des biens et services,Concessionnaires d'automobiles neuves//Garages (réparations générales),Trois-Rivières
2026-07,10040-Meubles,Service à la clientèle / Absence de livraison / Non conformité,Autres types de commerce de détail,Edmonton
2026-07,10110-Articles de loisirs,Pratique trompeuse ou déloyale,Sociétés de portefeuille (holdings),Québec
2026-07,10070-Appareils de chauffage et de climatisation,Qualité des biens et services,Commerce de gros de matériel et fournitures de plomberie  de,Boucherville
2026-07,10060-Gros appareils ménagers,Qualité des biens et services,Autres types de commerce de machines  matériel et fourniture,North York
2026-07,10040-Meubles,Service à la clientèle / Absence de livraison / Non conformité,Commerce de détail de meubles de maison (avec appareils ména//Autres services,Victoriaville
2026-07,10070-Appareils de chauffage et de climatisation,Pratique trompeuse ou déloyale,NA,NA
2026-07,10060-Gros appareils ménagers,Qualité des biens et services,Magasins d'appareils ménagers  de téléviseurs et d'autres ap,Montréal
2026-07,13030-Services de téléphonie mobile,Pratique trompeuse ou déloyale,Autres services de télécommunications,Verdun
2026-07,10020-Vêtements  bijoux et accessoires,Qualité des biens et services,Autres services,Toronto
2026-07,11080-Entretien et réparation de véhicules et autres moyens de transport,Mésentente liée au contrat conclu,Concessionnaires d'automobiles neuves,Sherbrooke
2026-07,10130-Automobiles d'occasion,Service à la clientèle / Absence de livraison / Non conformité,Autres sociétés d'assurance biens et risques divers,Saint-Hubert
2026-07,11080-Entretien et réparation de véhicules et autres moyens de transport,Qualité des biens et services,Garages (réparations générales),Longueuil
2026-07,14010-Transport aérien,Pratique trompeuse ou déloyale,Agences de voyages et de vente de billets,Trois-Rivières
2026-07,10140-Autres moyens de transport,Mésentente avant l’achat liée au prix / au tarif,Commerce de détail de motocyclettes et de motoneiges,Sherbrooke
2026-07,11080-Entretien et réparation de véhicules et autres moyens de transport,Qualité des biens et services,Concessionnaires d'automobiles neuves//Concessionnaires d'automobiles d'occasion,Sainte-Agathe-des-Monts
2026-07,13060-Forfait de services de communication,Mésentente liée au contrat conclu,Réseaux de téléphonie//Autres services de télécommunications,Verdun
2026-07,10130-Automobiles d'occasion,Qualité des biens et services,Concessionnaires d'automobiles neuves//Concessionnaires d'automobiles d'occasion,Sherbrooke
2026-07,10130-Automobiles d'occasion,Mésentente liée au contrat conclu,Commerce de gros d'automobiles//Autres types de commerce de détail pour véhicules automobile,Mirabel
2026-07,11090-Entretien et réparation de biens (autres qu'un véhicule),Autre,Commerce de détail de bicyclettes,Gatineau
2026-07,10070-Appareils de chauffage et de climatisation,Qualité des biens et services,Commerce de gros de matériel et fournitures de plomberie  de,Boucherville
2026-07,11080-Entretien et réparation de véhicules et autres moyens de transport,Qualité des biens et services,Sociétés d'investissement,Lac-Beauport
2026-07,10130-Automobiles d'occasion,Qualité des biens et services,Concessionnaires d'automobiles neuves,Québec
2026-07,13030-Services de téléphonie mobile,Problème de facturation ou de recouvrement de créance,Autres services,Toronto
2026-07,10030-Outils  matériaux  articles d'entretien et végétaux,Service à la clientèle / Absence de livraison / Non conformité,NA,NA
2026-07,10130-Automobiles d'occasion,Qualité des biens et services,Concessionnaires d'automobiles neuves,Québec
2026-07,14020-Transport en commun  routier  ferroviaire et maritime,Service à la clientèle / Absence de livraison / Non conformité,Autres services aux entreprises,Toronto
2026-07,10070-Appareils de chauffage et de climatisation,Qualité des biens et services,Autres services,Burlington
2026-07,10130-Automobiles d'occasion,Mésentente liée au contrat conclu,Services de location d'automobiles et de camions,Farnham
2026-07,11010-Services immobiliers,Pratique trompeuse ou déloyale,Pourvoyeurs de chasse et de pêche,St-Urbain-de-Charlevoix
2026-07,11020-Services liés à la construction  l'entretien et à la rénovation de l'habitation,Service à la clientèle / Absence de livraison / Non conformité,Travaux de peinture et de décoration,Markham
2026-07,10020-Vêtements  bijoux et accessoires,Service à la clientèle / Absence de livraison / Non conformité,Bijouteries,Longueuil
2026-07,10060-Gros appareils ménagers,Service à la clientèle / Absence de livraison / Non conformité,Commerce de détail de téléviseurs  de postes de radio et d'a,MISSISSAUGA (ONTARIO)
2026-07,10130-Automobiles d'occasion,Qualité des biens et services,Concessionnaires d'automobiles neuves//Concessionnaires d'automobiles d'occasion,Levis
2026-07,17030-Dispositifs médicaux et autre appareillage,Qualité des biens et services,Commerce de gros de machines  matériel et fournitures d'usag//Autres services personnels et domestiques,Montréal
2026-07,10140-Autres moyens de transport,Service à la clientèle / Absence de livraison / Non conformité,Commerce de détail de motocyclettes et de motoneiges,Québec
2026-07,10090-Articles électroniques,Service à la clientèle / Absence de livraison / Non conformité,Commerce de détail de téléviseurs  de postes de radio et d'a,Vancouver
2026-07,99000-Autres (précisez),Mésentente avant l’achat liée au prix / au tarif,NA,NA
2026-07,13030-Services de téléphonie mobile,Problème de facturation ou de recouvrement de créance,Autres services,Toronto
2026-07,10040-Meubles,Qualité des biens et services,NA,NA
2026-07,11080-Entretien et réparation de véhicules et autres moyens de transport,Mésentente liée au contrat conclu,Concessionnaires d'automobiles d'occasion//Garages (réparations générales),Sainte-Catherine
2026-07,12090-Recouvrement de créances,Problème de facturation ou de recouvrement de créance,Agences de recouvrement//Autres services aux entreprises,TROIS-RIVIÈRES (QUÉBEC)
2026-07,10070-Appareils de chauffage et de climatisation,Mésentente liée au contrat conclu,Aucune,Montréal
2026-07,10040-Meubles,Qualité des biens et services,Commerce de détail de meubles de maison (avec appareils ména//Autres services,Victoriaville
2026-07,10110-Articles de loisirs,Mésentente liée au contrat conclu,Autres services,Montréal
2026-07,11080-Entretien et réparation de véhicules et autres moyens de transport,Service à la clientèle / Absence de livraison / Non conformité,Autres services de réparation,Sainte-Claire
2026-07,11020-Services liés à la construction  l'entretien et à la rénovation de l'habitation,Pratique trompeuse ou déloyale,Rénovation de bâtiments résidentiels,Saint-Hubert
2026-07,10030-Outils  matériaux  articles d'entretien et végétaux,Service à la clientèle / Absence de livraison / Non conformité,Commerce de détail d'objets d'art et d'artisanat  de cadeaux//Autres types de commerce de détail,Laval
2026-07,10060-Gros appareils ménagers,Service à la clientèle / Absence de livraison / Non conformité,Autres services aux entreprises,Laval
2026-07,12090-Recouvrement de créances,Pratique trompeuse ou déloyale,Agences de recouvrement,Toronto
2026-07,10130-Automobiles d'occasion,Qualité des biens et services,Concessionnaires d'automobiles d'occasion,Longueuil
2026-07,10060-Gros appareils ménagers,Qualité des biens et services,Commerce de gros de meubles de maison,Saint-Hyacinthe
2026-07,10070-Appareils de chauffage et de climatisation,Qualité des biens et services,Installation de systèmes de chauffage par fluide caloporteur,Montréal
2026-07,10090-Articles électroniques,Service à la clientèle / Absence de livraison / Non conformité,NA,NA
2026-07,11020-Services liés à la construction  l'entretien et à la rénovation de l'habitation,Qualité des biens et services,Travaux d'asphaltage,Longueuil
2026-07,11020-Services liés à la construction  l'entretien et à la rénovation de l'habitation,Service à la clientèle / Absence de livraison / Non conformité,Autres travaux de finition à l'extérieur,Gatineau
2026-07,10060-Gros appareils ménagers,Qualité des biens et services,NA,NA
2026-07,11020-Services liés à la construction  l'entretien et à la rénovation de l'habitation,Pratique trompeuse ou déloyale,Services de désinfection et d'extermination,Longueuil
2026-07,12090-Recouvrement de créances,Problème de facturation ou de recouvrement de créance,Agences de recouvrement,Montréal
2026-07,10140-Autres moyens de transport,Service à la clientèle / Absence de livraison / Non conformité,Autres services relatifs aux transports//Autres services de réparation,Beauharnois
2026-07,10130-Automobiles d'occasion,Pratique trompeuse ou déloyale,Concessionnaires d'automobiles d'occasion,Montréal
2026-07,10100-Articles des TIC (Technologies de l'information et de la communication),Pratique trompeuse ou déloyale,Commerce de gros de machines  matériel et fournitures de bur//Autres types de commerce de gros de machines  matériel et fo,Vancouver
2026-07,10030-Outils  matériaux  articles d'entretien et végétaux,Qualité des biens et services,Autres types de commerce de détail,Saint-Eustache
2026-07,11020-Services liés à la construction  l'entretien et à la rénovation de l'habitation,Qualité des biens et services,Autres travaux de finition à l'extérieur,Mirabel
2026-07,10130-Automobiles d'occasion,Pratique trompeuse ou déloyale,Sociétés de prêts à la consommation,Oakville
2026-07,10120-Automobiles neuves,Qualité des biens et services,Autres types de commerce de gros,MARKHAM (ONTARIO)
2026-07,10170-Animaux et articles connexes,Mésentente avant l’achat liée au prix / au tarif,Autres types de commerce de détail,Montréal
2026-07,15040-Restaurants et bars,Pratique trompeuse ou déloyale,Restaurants avec permis d'alcool,Montréal
2026-07,10060-Gros appareils ménagers,Qualité des biens et services,Commerce de détail d'appareils ménagers  de téléviseurs  de//Ateliers de réparation d'appareils ménagers,Québec
2026-07,10080-Petits appareils électroménagers,Service à la clientèle / Absence de livraison / Non conformité,Autres types de commerce de gros de matériaux de constructio//Quincailleries,Boucherville
2026-07,10080-Petits appareils électroménagers,Mésentente avant l’achat liée au prix / au tarif,Magasins à rayons,ST. PURDY'S WHARF TOWER II
2026-07,15040-Restaurants et bars,Pratique trompeuse ou déloyale,Restaurants avec permis d'alcool,Sherbrooke
2026-07,12090-Recouvrement de créances,Problème de facturation ou de recouvrement de créance,Parcs et garages de stationnement,Vimont
2026-07,15040-Restaurants et bars,Pratique trompeuse ou déloyale,Sociétés de portefeuille (holdings)//Autres services aux entreprises,Québec
2026-07,10140-Autres moyens de transport,Qualité des biens et services,Concessionnaires d'automobiles d'occasion//Commerce de détail de roulottes motorisées et de roulottes d,Saint-Eustache
2026-07,12990-Autres services financiers (lequel?),Service à la clientèle / Absence de livraison / Non conformité,Autres services de comptabilité et de tenue de livres//Bureaux de conseillers en gestion,NA
2026-07,10010-Aliments/Boissons/Tabac,Service à la clientèle / Absence de livraison / Non conformité,Autres types de commerce de gros de produits alimentaires//Supermarchés d'alimentation,TORONTO
2026-07,11020-Services liés à la construction  l'entretien et à la rénovation de l'habitation,Pratique trompeuse ou déloyale,Rénovation de bâtiments résidentiels,Saint-Hubert
2026-07,10040-Meubles,Qualité des biens et services,Commerce de détail de meubles de maison (avec appareils ména,Laval
2026-07,10060-Gros appareils ménagers,Service à la clientèle / Absence de livraison / Non conformité,Magasins généraux//Exploitants de bâtiments non résidentiels,OTTAWA (ONTARIO)
2026-07,11090-Entretien et réparation de biens (autres qu'un véhicule),Qualité des biens et services,Autres services relatifs aux bâtiments et aux habitations,Québec
2026-07,11020-Services liés à la construction  l'entretien et à la rénovation de l'habitation,Pratique trompeuse ou déloyale,Services de désinfection et d'extermination,Montréal
2026-07,10110-Articles de loisirs,Service à la clientèle / Absence de livraison / Non conformité,Commerce de détail d'objets d'art et d'artisanat  de cadeaux//Autres services de divertissement et de loisirs,Beauharnois
2026-07,11030-Déménagement  entreposage et livraison,Service à la clientèle / Absence de livraison / Non conformité,Déménagement et entreposage de biens usagés//Exploitants de bâtiments résidentiels et de logements,Québec
2026-07,10060-Gros appareils ménagers,Qualité des biens et services,Autres services,Montréal
2026-07,11020-Services liés à la construction  l'entretien et à la rénovation de l'habitation,Pratique trompeuse ou déloyale,Autres types de commerce de gros de matériaux de constructio//Quincailleries,Boucherville
2026-07,12090-Recouvrement de créances,Problème de facturation ou de recouvrement de créance,Parcs et garages de stationnement,Vimont
2026-07,15020-Voyages à forfait,Service à la clientèle / Absence de livraison / Non conformité,Agences de voyages et de vente de billets,Québec
2026-07,10070-Appareils de chauffage et de climatisation,Qualité des biens et services,Installation d'équipements de réfrigération commerciale,Prévost
2026-07,10060-Gros appareils ménagers,Mésentente avant l’achat liée au prix / au tarif,Commerce de détail de téléviseurs  de postes de radio et d'a,Vancouver
2026-07,10010-Aliments/Boissons/Tabac,Mésentente avant l’achat liée au prix / au tarif,Garages (réparations générales)//Magasins à rayons,Laval
2026-07,10010-Aliments/Boissons/Tabac,Mésentente liée au contrat conclu,Supermarchés d'alimentation,Montréal
2026-07,11090-Entretien et réparation de biens (autres qu'un véhicule),Mésentente liée au contrat conclu,Services de conciergerie et d'entretien,Magog
2026-07,18020-Cours de langue  leçons de conduite  cours relatifs aux sports  aux loisirs et autres passe-temps,Mésentente liée au contrat conclu,Autres travaux spécialisés,Marieville
2026-07,10010-Aliments/Boissons/Tabac,Service à la clientèle / Absence de livraison / Non conformité,Autres industries de produits alimentaires,Vancouver
2026-07,11080-Entretien et réparation de véhicules et autres moyens de transport,Mésentente liée au contrat conclu,Concessionnaires d'automobiles d'occasion//Garages (réparations générales),Montréal
2026-07,10020-Vêtements  bijoux et accessoires,Pratique trompeuse ou déloyale,Autres magasins de marchandises diverses,Montréal
2026-07,11030-Déménagement  entreposage et livraison,Service à la clientèle / Absence de livraison / Non conformité,Camionnage de marchandises ordinaires//Déménagement et entreposage de biens usagés,Québec
2026-07,10130-Automobiles d'occasion,Qualité des biens et services,Autres ateliers de réparation de véhicules automobiles//Autres types de commerce de détail pour véhicules automobile,Granby
2026-07,11020-Services liés à la construction  l'entretien et à la rénovation de l'habitation,Pratique trompeuse ou déloyale,Promotion et construction de maisons individuelles//Rénovation de bâtiments résidentiels,Montréal
2026-07,11020-Services liés à la construction  l'entretien et à la rénovation de l'habitation,Mésentente liée au contrat conclu,Bâtiments commerciaux//Installation de systèmes de chauffage par fluide caloporteur,Boucherville
2026-07,10130-Automobiles d'occasion,Qualité des biens et services,Concessionnaires d'automobiles d'occasion,Vaudreuil-Dorion
2026-07,13070-Services de télésurveillance,Service à la clientèle / Absence de livraison / Non conformité,Travaux d'électricité,Winnipeg
2026-07,10110-Articles de loisirs,Service à la clientèle / Absence de livraison / Non conformité,Entreprises de vente directe,SAINT-JEAN-SUR-RICHELIEU
2026-07,14040-Services de location d’un transport à court terme,Pratique trompeuse ou déloyale,Concessionnaires d'automobiles d'occasion//Services de location d'automobiles et de camions,Mississauga
2026-07,10060-Gros appareils ménagers,Qualité des biens et services,Commerce de gros d'appareils ménagers électriques//Commerce de gros d'appareils ménagers électroniques,Vancouver
2026-07,10130-Automobiles d'occasion,Service à la clientèle / Absence de livraison / Non conformité,Concessionnaires d'automobiles d'occasion,Sherbrooke
2026-07,10070-Appareils de chauffage et de climatisation,Qualité des biens et services,Commerce de gros de matériel et fournitures de plomberie  de,Boucherville
2026-07,10130-Automobiles d'occasion,Pratique trompeuse ou déloyale,Concessionnaires d'automobiles neuves//Garages (réparations générales),Mirabel
2026-07,10150-Pièces de rechange  accessoires et carburants pour moyens de transports,Service à la clientèle / Absence de livraison / Non conformité,NA,NA
2026-07,10130-Automobiles d'occasion,Qualité des biens et services,NA,NA
2026-07,10070-Appareils de chauffage et de climatisation,Qualité des biens et services,Commerce de détail de meubles de maison (avec appareils ména//Autres services,Victoriaville
2026-07,10030-Outils  matériaux  articles d'entretien et végétaux,Service à la clientèle / Absence de livraison / Non conformité,Autres types de commerce de détail de véhicules de loisir//Autres types de commerce de détail,Longueuil
2026-07,10130-Automobiles d'occasion,Qualité des biens et services,Concessionnaires d'automobiles neuves,Val-d'Or
2026-07,15050-Services liés aux sports  aux loisirs  à la culture et au conditionnement physique,Pratique trompeuse ou déloyale,Autres services de divertissement et de loisirs,Saint-Calixte
2026-07,10040-Meubles,Service à la clientèle / Absence de livraison / Non conformité,Autres magasins de marchandises diverses,Mont-Royal
2026-07,10090-Articles électroniques,Service à la clientèle / Absence de livraison / Non conformité,NA,NA
2026-07,15040-Restaurants et bars,Service à la clientèle / Absence de livraison / Non conformité,Autres services aux entreprises,Toronto
2026-07,15020-Voyages à forfait,Problème de facturation ou de recouvrement de créance,Agences de voyages et de vente de billets,Saint-Jérôme
2026-07,11030-Déménagement  entreposage et livraison,Pratique trompeuse ou déloyale,NA,NA
2026-07,15040-Restaurants et bars,Problème de facturation ou de recouvrement de créance,Restaurants sans permis d'alcool,Montréal
2026-07,10140-Autres moyens de transport,Qualité des biens et services,Autres types de commerce de gros de véhicules automobiles,Thurso
2026-07,14040-Services de location d’un transport à court terme,Service à la clientèle / Absence de livraison / Non conformité,Services de location d'automobiles et de camions,Halifax
2026-07,10060-Gros appareils ménagers,Qualité des biens et services,Autres types de commerce de machines  matériel et fourniture,North York
2026-07,11080-Entretien et réparation de véhicules et autres moyens de transport,Qualité des biens et services,Ateliers de peinture et de carrosserie,Québec
2026-07,11050-Soins corporels et d’esthétique,Mésentente liée au contrat conclu,Salons de beauté pour femmes,Montréal
2026-07,10130-Automobiles d'occasion,Qualité des biens et services,Concessionnaires d'automobiles neuves,Gatineau
2026-07,11030-Déménagement  entreposage et livraison,Pratique trompeuse ou déloyale,Déménagement et entreposage de biens usagés,Gatineau
2026-07,15050-Services liés aux sports  aux loisirs  à la culture et au conditionnement physique,Service à la clientèle / Absence de livraison / Non conformité,Autres clubs sportifs et services de loisirs,Blainville
2026-07,10110-Articles de loisirs,Qualité des biens et services,Autres types de commerce de détail,Montréal
2026-07,10040-Meubles,Service à la clientèle / Absence de livraison / Non conformité,Magasins à rayons,Montréal
2026-07,11120-Services de garde,Service à la clientèle / Absence de livraison / Non conformité,Garderies pour enfants,Longueuil
2026-07,10130-Automobiles d'occasion,Pratique trompeuse ou déloyale,Concessionnaires d'automobiles neuves,Brossard
2026-07,15010-Hôtels et autres hébergements touristiques,Pratique trompeuse ou déloyale,Autres exploitants immobiliers,Rouyn-Noranda
2026-07,11030-Déménagement  entreposage et livraison,Service à la clientèle / Absence de livraison / Non conformité,Services aux commerces transitaires//Autres services d'entreposage,Salaberry-de-Valleyfield
2026-07,10110-Articles de loisirs,Qualité des biens et services,Commerce de détail de téléviseurs  de postes de radio et d'a,Vancouver
2026-07,10130-Automobiles d'occasion,Qualité des biens et services,Industrie des véhicules automobiles,MONTRÉAL (QUÉBEC)
2026-07,10090-Articles électroniques,Pratique trompeuse ou déloyale,Magasins à rayons,ST. PURDY'S WHARF TOWER II
2026-07,10090-Articles électroniques,Qualité des biens et services,Câblovision,Montréal
2026-07,10020-Vêtements  bijoux et accessoires,Mésentente liée au contrat conclu,Entreprises de vente directe//Autres services,Markham
2026-07,10110-Articles de loisirs,Pratique trompeuse ou déloyale,Installation de piscines privées//Autres types de commerce de détail,MIRABEL (QUÉBEC)
2026-07,18020-Cours de langue  leçons de conduite  cours relatifs aux sports  aux loisirs et autres passe-temps,Pratique trompeuse ou déloyale,NA,NA
2026-07,15040-Restaurants et bars,Pratique trompeuse ou déloyale,Restaurants sans permis d'alcool,Sorel-Tracy
2026-07,97000-Inconnu,Pratique trompeuse ou déloyale,Magasins à rayons//Autres types de commerce de détail,Laval
2026-07,15040-Restaurants et bars,Pratique trompeuse ou déloyale,Restaurants avec permis d'alcool,Saint-Eustache
2026-07,10060-Gros appareils ménagers,Qualité des biens et services,Commerce de détail d'appareils ménagers  de téléviseurs  de,Montréal
2026-07,10090-Articles électroniques,Qualité des biens et services,Commerce de détail de téléviseurs  de postes de radio et d'a,Vancouver
2026-07,10150-Pièces de rechange  accessoires et carburants pour moyens de transports,Qualité des biens et services,Concessionnaires d'automobiles d'occasion,Saint-Constant
2026-07,12090-Recouvrement de créances,Problème de facturation ou de recouvrement de créance,Parcs et garages de stationnement,Vimont
2026-07,11080-Entretien et réparation de véhicules et autres moyens de transport,Service à la clientèle / Absence de livraison / Non conformité,Commerce de gros de camions et d'autobus,Saint-Pamphile
2026-07,11020-Services liés à la construction  l'entretien et à la rénovation de l'habitation,Pratique trompeuse ou déloyale,NA,NA
2026-07,10060-Gros appareils ménagers,Qualité des biens et services,Autres types de commerce de gros de matériaux de constructio//Quincailleries,Boucherville
2026-07,10060-Gros appareils ménagers,Qualité des biens et services,Industrie des petits appareils électroménagers//Ateliers de réparation d'appareils ménagers,MISSISSAUGA (ONTARIO)
2026-07,10130-Automobiles d'occasion,Pratique trompeuse ou déloyale,Concessionnaires d'automobiles neuves//Concessionnaires d'automobiles d'occasion,Saint-Eustache
2026-07,13030-Services de téléphonie mobile,Mésentente liée au contrat conclu,Revendeurs de services de télécommunications,Burnaby
2026-07,15040-Restaurants et bars,Pratique trompeuse ou déloyale,Restaurants avec permis d'alcool,Québec
2026-07,14030-Services d'infrastructures reliés au transport,Problème de facturation ou de recouvrement de créance,Parcs et garages de stationnement,Vimont
2026-07,10130-Automobiles d'occasion,Qualité des biens et services,Services de location d'automobiles et de camions,Montréal
2026-07,10130-Automobiles d'occasion,Mésentente liée au contrat conclu,Concessionnaires d'automobiles d'occasion//Services de location d'automobiles et de camions,Montréal
2026-07,11030-Déménagement  entreposage et livraison,Service à la clientèle / Absence de livraison / Non conformité,Déménagement et entreposage de biens usagés//Services de messagers,Lasalle
2026-07,10010-Aliments/Boissons/Tabac,Mésentente avant l’achat liée au prix / au tarif,Magasins généraux//Exploitants de bâtiments non résidentiels,OTTAWA (ONTARIO)
2026-07,10130-Automobiles d'occasion,Qualité des biens et services,Concessionnaires d'automobiles neuves//Autres ateliers de réparation de véhicules automobiles,Mont-Royal
2026-07,10090-Articles électroniques,Qualité des biens et services,Autres industries du matériel électronique et de communicati//Industrie des ordinateurs et de leurs unités périphériques,NA
2026-07,10150-Pièces de rechange  accessoires et carburants pour moyens de transports,Qualité des biens et services,Autres types de commerce de gros de pièces et accessoires po,Montréal
2026-07,15010-Hôtels et autres hébergements touristiques,Service à la clientèle / Absence de livraison / Non conformité,Agences de publicité,Terrebonne
2026-07,14040-Services de location d’un transport à court terme,Pratique trompeuse ou déloyale,Autres transports,Montréal
2026-07,10120-Automobiles neuves,Qualité des biens et services,Industrie des véhicules automobiles//Concessionnaires d'automobiles neuves,Vancouver
2026-07,10130-Automobiles d'occasion,Pratique trompeuse ou déloyale,Concessionnaires d'automobiles d'occasion,Laval
2026-07,15040-Restaurants et bars,Pratique trompeuse ou déloyale,Autres services aux entreprises,Toronto
2026-07,11080-Entretien et réparation de véhicules et autres moyens de transport,Autre,Commerce de gros de camions et d'autobus//Autres types de commerce de gros de rebuts et matériaux de r,Louiseville
2026-07,12020-Crédit variable,Problème de facturation ou de recouvrement de créance,Sociétés de cartes de crédit,OTTAWA (ONTARIO)
2026-07,10070-Appareils de chauffage et de climatisation,Qualité des biens et services,Installation de systèmes de chauffage par fluide caloporteur//Installation d'équipements de réfrigération commerciale,LAVALTRIE
2026-07,12990-Autres services financiers (lequel?),Service à la clientèle / Absence de livraison / Non conformité,NA,NA
2026-07,10110-Articles de loisirs,Qualité des biens et services,Autres services relatifs à la construction//Autres types de commerce de détail,L'Assomption
2026-07,11080-Entretien et réparation de véhicules et autres moyens de transport,Service à la clientèle / Absence de livraison / Non conformité,Garages (réparations générales),Gatineau
2026-07,10130-Automobiles d'occasion,Pratique trompeuse ou déloyale,Concessionnaires d'automobiles d'occasion,Laval
2026-07,10060-Gros appareils ménagers,Qualité des biens et services,Autres services,Burlington
2026-07,10010-Aliments/Boissons/Tabac,Pratique trompeuse ou déloyale,Épiceries (sauf supermarchés)//Stations-service,Mirabel
2026-07,10130-Automobiles d'occasion,Qualité des biens et services,Industrie des véhicules automobiles//Autres types de commerce de détail,Halifax
2026-07,12120-Courtier en crédit  courtier en prêt  courtier hypothécaire,Problème de facturation ou de recouvrement de créance,Sociétés de prêts à la consommation//Sociétés de financement des ventes,Toronto
2026-07,10140-Autres moyens de transport,Service à la clientèle / Absence de livraison / Non conformité,Autres types de commerce de détail de véhicules de loisir//Autres ateliers de réparation de véhicules automobiles,Thetford Mines
2026-07,10150-Pièces de rechange  accessoires et carburants pour moyens de transports,Service à la clientèle / Absence de livraison / Non conformité,Industrie de la machinerie et du matériel de construction et//Travaux de peinture et de décoration,Saint-Eustache
2026-07,12020-Crédit variable,Problème de facturation ou de recouvrement de créance,Sociétés de prêts à la consommation//Sociétés de financement des ventes,Port Moody
2026-07,10150-Pièces de rechange  accessoires et carburants pour moyens de transports,Service à la clientèle / Absence de livraison / Non conformité,Commerce de gros de pneus et chambres à air,FREDERICTION (NOUVEAU BRUNSWICK)
2026-07,10090-Articles électroniques,Service à la clientèle / Absence de livraison / Non conformité,Commerce de détail de jouets et d'articles de loisir,Sherbrooke
2026-07,10120-Automobiles neuves,Qualité des biens et services,Industrie des véhicules automobiles//Autres types de commerce de détail,Halifax
2026-07,15020-Voyages à forfait,Qualité des biens et services,Agences de voyages et de vente de billets,Trois-Rivières
2026-07,11040-Entretien ménager,Pratique trompeuse ou déloyale,Services de désinfection et d'extermination,Montréal
2026-07,13030-Services de téléphonie mobile,Qualité des biens et services,Autres types de commerce de gros de produits alimentaires//Supermarchés d'alimentation,TORONTO
2026-07,10130-Automobiles d'occasion,Qualité des biens et services,Concessionnaires d'automobiles d'occasion,Vaudreuil-Dorion
2026-07,10040-Meubles,Service à la clientèle / Absence de livraison / Non conformité,Magasins à rayons,ST. PURDY'S WHARF TOWER II
2026-07,11080-Entretien et réparation de véhicules et autres moyens de transport,Pratique trompeuse ou déloyale,Autres types de commerce de détail,Magog
2026-07,10060-Gros appareils ménagers,Service à la clientèle / Absence de livraison / Non conformité,NA,NA
2026-07,10070-Appareils de chauffage et de climatisation,Qualité des biens et services,Installation de systèmes de chauffage par fluide caloporteur,Oka
2026-07,10130-Automobiles d'occasion,Pratique trompeuse ou déloyale,Concessionnaires d'automobiles d'occasion//Lave-autos,Montréal
2026-07,10070-Appareils de chauffage et de climatisation,Service à la clientèle / Absence de livraison / Non conformité,Installation de systèmes de chauffage par fluide caloporteur,Longueuil
2026-07,10040-Meubles,Service à la clientèle / Absence de livraison / Non conformité,Commerce de détail de bois et de matériaux de construction,Québec
2026-07,14010-Transport aérien,Service à la clientèle / Absence de livraison / Non conformité,Agences de voyages et de vente de billets,Montréal
2026-07,13030-Services de téléphonie mobile,Mésentente liée au contrat conclu,Autres services de télécommunications//Autres services aux entreprises,Vancouver
2026-07,10060-Gros appareils ménagers,Service à la clientèle / Absence de livraison / Non conformité,Magasins d'appareils ménagers  de téléviseurs et d'autres ap,Montréal
2026-07,10130-Automobiles d'occasion,Qualité des biens et services,Concessionnaires d'automobiles d'occasion,Delson
2026-07,10110-Articles de loisirs,Qualité des biens et services,Autres industries de produits manufacturés//Autres types de commerce de détail,Lachute
2026-07,11080-Entretien et réparation de véhicules et autres moyens de transport,Service à la clientèle / Absence de livraison / Non conformité,Garages (réparations générales),Trois-Rivières
2026-07,15040-Restaurants et bars,Mésentente liée au contrat conclu,Restaurants avec permis d'alcool,NA
2026-07,10130-Automobiles d'occasion,Qualité des biens et services,Concessionnaires d'automobiles neuves,Québec
2026-07,10090-Articles électroniques,Mésentente liée au contrat conclu,Magasins à rayons,ST. PURDY'S WHARF TOWER II
2026-07,10080-Petits appareils électroménagers,Service à la clientèle / Absence de livraison / Non conformité,NA,NA
2026-07,11080-Entretien et réparation de véhicules et autres moyens de transport,Service à la clientèle / Absence de livraison / Non conformité,Autres ateliers de réparation de véhicules automobiles,NA
2026-07,10070-Appareils de chauffage et de climatisation,Service à la clientèle / Absence de livraison / Non conformité,Installation de systèmes de chauffage par fluide caloporteur,Boucherville
2026-07,10040-Meubles,Qualité des biens et services,Autres services,Mont-Saint-Grégoire
2026-07,13030-Services de téléphonie mobile,Pratique trompeuse ou déloyale,Câblovision,Montréal
2026-07,10130-Automobiles d'occasion,Qualité des biens et services,Concessionnaires d'automobiles d'occasion,Saint-Jean-sur-Richelieu
2026-07,10120-Automobiles neuves,Pratique trompeuse ou déloyale,Concessionnaires d'automobiles neuves//Garages (réparations générales),Notre-Dame-des-Prairies
2026-07,10010-Aliments/Boissons/Tabac,Pratique trompeuse ou déloyale,Organisations civiques et amicales,Mascouche
2026-07,97000-Inconnu,Pratique trompeuse ou déloyale,NA,NA
2026-07,10100-Articles des TIC (Technologies de l'information et de la communication),Pratique trompeuse ou déloyale,Câblovision,Montréal
2026-07,10080-Petits appareils électroménagers,Pratique trompeuse ou déloyale,Magasins à rayons,ST. PURDY'S WHARF TOWER II
2026-07,10060-Gros appareils ménagers,Qualité des biens et services,Commerce de détail d'appareils ménagers  de téléviseurs  de,Montréal
2026-07,10090-Articles électroniques,Qualité des biens et services,NA,NA
2026-07,10130-Automobiles d'occasion,Mésentente liée au contrat conclu,Concessionnaires d'automobiles neuves,Saint-Bruno-de-Montarville
2026-07,10130-Automobiles d'occasion,Qualité des biens et services,Concessionnaires d'automobiles neuves//Concessionnaires d'automobiles d'occasion,Terrebonne
2026-07,12010-Prêt d'argent,Mésentente liée au contrat conclu,Sociétés de prêts à la consommation,Saint-Hubert
2026-07,10130-Automobiles d'occasion,Pratique trompeuse ou déloyale,Concessionnaires d'automobiles neuves,Saint-Bruno-de-Montarville
2026-07,10130-Automobiles d'occasion,Qualité des biens et services,Concessionnaires d'automobiles d'occasion,Montréal
2026-07,11080-Entretien et réparation de véhicules et autres moyens de transport,Service à la clientèle / Absence de livraison / Non conformité,Autres travaux de finition à l'intérieur,Delson
2026-07,10030-Outils  matériaux  articles d'entretien et végétaux,Service à la clientèle / Absence de livraison / Non conformité,Travaux de peinture et de décoration,L'Assomption
2026-07,10130-Automobiles d'occasion,Mésentente liée au contrat conclu,Concessionnaires d'automobiles neuves,Québec
2026-07,10120-Automobiles neuves,Qualité des biens et services,Autres types de commerce de gros,MARKHAM (ONTARIO)
2026-07,10130-Automobiles d'occasion,Qualité des biens et services,Concessionnaires d'automobiles d'occasion,Mirabel
2026-07,10130-Automobiles d'occasion,Qualité des biens et services,Concessionnaires d'automobiles neuves//Concessionnaires d'automobiles d'occasion,Drummondville
2026-07,10130-Automobiles d'occasion,Pratique trompeuse ou déloyale,Concessionnaires d'automobiles d'occasion//Autres services,Saint-Eustache
2026-07,10070-Appareils de chauffage et de climatisation,Service à la clientèle / Absence de livraison / Non conformité,Autres types de commerce de détail,Québec
2026-07,10060-Gros appareils ménagers,Qualité des biens et services,Autres services,Burlington
2026-07,10130-Automobiles d'occasion,Qualité des biens et services,Concessionnaires d'automobiles neuves,Montréal
2026-07,99000-Autres (précisez),Qualité des biens et services,Promotion et construction de maisons individuelles//Rénovation de bâtiments résidentiels,Gatineau
2026-07,12020-Crédit variable,Problème de facturation ou de recouvrement de créance,Caisses locales d'épargne et de crédit,Saint-Eustache
2026-07,10130-Automobiles d'occasion,Qualité des biens et services,Agents et courtiers (véhicules automobiles et pièces)//Concessionnaires d'automobiles d'occasion,Mirabel
2026-07,12050-Investissements et placements,Service à la clientèle / Absence de livraison / Non conformité,Sociétés d'investissement,Toronto
2026-07,10010-Aliments/Boissons/Tabac,Pratique trompeuse ou déloyale,NA,NA
2026-07,18020-Cours de langue  leçons de conduite  cours relatifs aux sports  aux loisirs et autres passe-temps,Mésentente liée au contrat conclu,Enseignement de formation personnelle et populaire,Brossard
2026-07,10130-Automobiles d'occasion,Qualité des biens et services,Concessionnaires d'automobiles neuves,Blainville
2026-07,10070-Appareils de chauffage et de climatisation,Service à la clientèle / Absence de livraison / Non conformité,Commerce de gros de matériel et fournitures de plomberie  de,Anjou
2026-07,10070-Appareils de chauffage et de climatisation,Qualité des biens et services,Installation de systèmes de chauffage par fluide caloporteur,MONT-ROYAL
2026-07,10070-Appareils de chauffage et de climatisation,Service à la clientèle / Absence de livraison / Non conformité,Commerce de gros de matériel et fournitures de plomberie  de,Boucherville
2026-07,10020-Vêtements  bijoux et accessoires,Mésentente liée au contrat conclu,Commerce de détail de pièces de monnaie et de timbres,Québec (Québec)
2026-07,10070-Appareils de chauffage et de climatisation,Qualité des biens et services,Commerce de gros d'appareils ménagers électriques,Rigaud
2026-07,10130-Automobiles d'occasion,Pratique trompeuse ou déloyale,Autres ateliers de réparation de véhicules automobiles,Montréal
2026-07,10070-Appareils de chauffage et de climatisation,Qualité des biens et services,Installation de systèmes de chauffage par fluide caloporteur,Laval
2026-07,10130-Automobiles d'occasion,Qualité des biens et services,Concessionnaires d'automobiles d'occasion,Longueuil
2026-07,11020-Services liés à la construction  l'entretien et à la rénovation de l'habitation,Mésentente liée au contrat conclu,Services de désinfection et d'extermination,Montréal
2026-07,10100-Articles des TIC (Technologies de l'information et de la communication),Qualité des biens et services,Autres industries du matériel électronique et de communicati//Industrie des ordinateurs et de leurs unités périphériques,NA
2026-07,10010-Aliments/Boissons/Tabac,Pratique trompeuse ou déloyale,Autres types de commerce de gros de produits alimentaires,Québec
2026-07,11020-Services liés à la construction  l'entretien et à la rénovation de l'habitation,Pratique trompeuse ou déloyale,Rénovation de bâtiments résidentiels,Saint-Hubert
2026-07,10010-Aliments/Boissons/Tabac,Pratique trompeuse ou déloyale,NA,Salaberry-de-Valleyfield
2026-07,10120-Automobiles neuves,Pratique trompeuse ou déloyale,Concessionnaires d'automobiles neuves//Services de location d'automobiles et de camions,Saint-Hyacinthe
2026-07,14040-Services de location d’un transport à court terme,Service à la clientèle / Absence de livraison / Non conformité,Concessionnaires d'automobiles d'occasion//Services de location d'automobiles et de camions,Mont-Royal
2026-07,10130-Automobiles d'occasion,Qualité des biens et services,Concessionnaires d'automobiles neuves,Victoriaville
2026-07,10010-Aliments/Boissons/Tabac,Mésentente avant l’achat liée au prix / au tarif,Supermarchés d'alimentation,Montréal
2026-07,10080-Petits appareils électroménagers,Qualité des biens et services,NA,NA
2026-07,10070-Appareils de chauffage et de climatisation,Pratique trompeuse ou déloyale,NA,NA
2026-07,10130-Automobiles d'occasion,Qualité des biens et services,Commerce de gros de bijoux et de montres//Concessionnaires d'automobiles d'occasion,Notre-Dame-de-l'Île-Perrot
2026-07,12090-Recouvrement de créances,Problème de facturation ou de recouvrement de créance,Bureaux de conseillers en gestion//Agences de recouvrement,Gatineau
2026-07,11080-Entretien et réparation de véhicules et autres moyens de transport,Problème de facturation ou de recouvrement de créance,Concessionnaires d'automobiles neuves,Laval
2026-07,10030-Outils  matériaux  articles d'entretien et végétaux,Pratique trompeuse ou déloyale,Autres types de commerce de gros de matériaux de constructio//Quincailleries,Boucherville
2026-07,10130-Automobiles d'occasion,Qualité des biens et services,Concessionnaires d'automobiles d'occasion,Saint-Constant
2026-07,11080-Entretien et réparation de véhicules et autres moyens de transport,Pratique trompeuse ou déloyale,NA,NA
2026-07,10130-Automobiles d'occasion,Qualité des biens et services,Concessionnaires d'automobiles d'occasion//Autres services aux entreprises,Saint-Eustache
2026-07,14030-Services d'infrastructures reliés au transport,Pratique trompeuse ou déloyale,Parcs et garages de stationnement,Laval
2026-07,12010-Prêt d'argent,Pratique trompeuse ou déloyale,Autres services,Toronto
2026-07,10130-Automobiles d'occasion,Qualité des biens et services,Concessionnaires d'automobiles d'occasion,SAINT-EUSTACHE (QUÉBEC)
2026-07,10090-Articles électroniques,Pratique trompeuse ou déloyale,Autres magasins de marchandises diverses,PICKERING
2026-07,11020-Services liés à la construction  l'entretien et à la rénovation de l'habitation,Pratique trompeuse ou déloyale,Plomberie,Saint-Laurent-de-l'Île-d'Orléans
2026-07,10070-Appareils de chauffage et de climatisation,Qualité des biens et services,Commerce de gros d'appareils ménagers électriques,Boucherville
2026-07,10040-Meubles,Qualité des biens et services,Autres types de commerce de détail,Edmonton
2026-07,14010-Transport aérien,Service à la clientèle / Absence de livraison / Non conformité,Transports aériens (vols réguliers ou nolisés)//Autres services relatifs aux transports aériens,Montréal
2026-07,10060-Gros appareils ménagers,Qualité des biens et services,Commerce de gros de matériel et fournitures de plomberie  de,Boucherville
2026-07,10040-Meubles,Service à la clientèle / Absence de livraison / Non conformité,Travaux d'excavation et de nivellement//Installation de piscines privées,Trois-Rivières
2026-07,10130-Automobiles d'occasion,Mésentente liée au contrat conclu,Concessionnaires d'automobiles d'occasion,Laval
2026-07,11020-Services liés à la construction  l'entretien et à la rénovation de l'habitation,Pratique trompeuse ou déloyale,Rénovation de bâtiments résidentiels,Saint-Hubert
2026-07,10130-Automobiles d'occasion,Pratique trompeuse ou déloyale,Concessionnaires d'automobiles neuves//Autres ateliers de réparation de véhicules automobiles,Mont-Royal
2026-07,15020-Voyages à forfait,Pratique trompeuse ou déloyale,Transports ferroviaires,Québec
2026-07,10060-Gros appareils ménagers,Service à la clientèle / Absence de livraison / Non conformité,NA,NA
2026-07,10130-Automobiles d'occasion,Qualité des biens et services,Concessionnaires d'automobiles neuves//Commerce de détail de fournitures pour la maison et pour l'a,Montréal
2026-07,10070-Appareils de chauffage et de climatisation,Qualité des biens et services,Commerce de détail de téléviseurs  de postes de radio et d'a,Vancouver
2026-07,10130-Automobiles d'occasion,Service à la clientèle / Absence de livraison / Non conformité,Concessionnaires d'automobiles d'occasion,Saint-Constant
2026-07,10060-Gros appareils ménagers,Qualité des biens et services,Commerce de détail d'appareils ménagers  de téléviseurs  de,Laval
2026-07,10060-Gros appareils ménagers,Qualité des biens et services,Commerce de détail de bois et de matériaux de construction,Toronto
2026-07,10130-Automobiles d'occasion,Qualité des biens et services,Commerce de gros d'automobiles//Concessionnaires d'automobiles d'occasion,NA
2026-07,10130-Automobiles d'occasion,Service à la clientèle / Absence de livraison / Non conformité,Concessionnaires d'automobiles neuves//Concessionnaires d'automobiles d'occasion,Levis
2026-07,10130-Automobiles d'occasion,Pratique trompeuse ou déloyale,Concessionnaires d'automobiles d'occasion,Laval
2026-07,10130-Automobiles d'occasion,Qualité des biens et services,Concessionnaires d'automobiles d'occasion,Pointe-Claire
2026-07,11020-Services liés à la construction  l'entretien et à la rénovation de l'habitation,Qualité des biens et services,Commerce de gros de matériel et fournitures de plomberie  de,Boucherville
2026-07,10140-Autres moyens de transport,Pratique trompeuse ou déloyale,Autres types de commerce de détail de véhicules de loisir//Autres ateliers de réparation de véhicules automobiles,Mirabel
2026-07,13030-Services de téléphonie mobile,Problème de facturation ou de recouvrement de créance,Câblovision,Montréal
2026-07,15040-Restaurants et bars,Pratique trompeuse ou déloyale,Autres types de commerce de gros,Vancouver
2026-07,15040-Restaurants et bars,Pratique trompeuse ou déloyale,Restaurants avec permis d'alcool,Montréal
2026-07,10010-Aliments/Boissons/Tabac,Mésentente avant l’achat liée au prix / au tarif,Autres types de commerce de gros de produits alimentaires//Supermarchés d'alimentation,TORONTO
2026-07,11080-Entretien et réparation de véhicules et autres moyens de transport,Problème de facturation ou de recouvrement de créance,Parcs et garages de stationnement,Vimont
2026-07,11030-Déménagement  entreposage et livraison,Service à la clientèle / Absence de livraison / Non conformité,Camionnage de marchandises ordinaires,Brampton
2026-07,10130-Automobiles d'occasion,Pratique trompeuse ou déloyale,Concessionnaires d'automobiles d'occasion,Laval
2026-07,11020-Services liés à la construction  l'entretien et à la rénovation de l'habitation,Mésentente liée au contrat conclu,Gestion de travaux de construction//Autres services spécialisés de design,Mont-Blanc
2026-07,10060-Gros appareils ménagers,Qualité des biens et services,Magasins d'appareils ménagers  de téléviseurs et d'autres ap,Montréal
2026-07,10060-Gros appareils ménagers,Qualité des biens et services,Autres types de commerce de machines  matériel et fourniture,Mississauga
2026-07,10130-Automobiles d'occasion,Qualité des biens et services,Concessionnaires d'automobiles d'occasion,Sainte-Thérèse
2026-07,10140-Autres moyens de transport,Mésentente avant l’achat liée au prix / au tarif,Commerce de détail de motocyclettes et de motoneiges//Autres types de commerce de détail de véhicules de loisir,Notre-Dame-de-Lourdes
2026-07,11080-Entretien et réparation de véhicules et autres moyens de transport,Problème de facturation ou de recouvrement de créance,Garages (réparations générales),Saint-Jérôme
2026-07,11080-Entretien et réparation de véhicules et autres moyens de transport,Mésentente avant l’achat liée au prix / au tarif,Concessionnaires d'automobiles d'occasion//Garages (réparations générales),Sainte-Agathe-des-Monts
2026-07,10120-Automobiles neuves,Pratique trompeuse ou déloyale,Concessionnaires d'automobiles d'occasion//Autres types de commerce de détail de véhicules de loisir,Westbury
2026-07,10120-Automobiles neuves,Pratique trompeuse ou déloyale,Concessionnaires d'automobiles neuves//Concessionnaires d'automobiles d'occasion,Pincourt
2026-07,10060-Gros appareils ménagers,Service à la clientèle / Absence de livraison / Non conformité,Autres services aux entreprises,Laval
2026-07,10090-Articles électroniques,Pratique trompeuse ou déloyale,Commerce de détail de téléviseurs  de postes de radio et d'a,Vancouver
2026-07,10130-Automobiles d'occasion,Pratique trompeuse ou déloyale,Concessionnaires d'automobiles neuves//Garages (réparations générales),Boucherville
2026-07,10070-Appareils de chauffage et de climatisation,Qualité des biens et services,Commerce de gros de matériel et fournitures de plomberie  de,Boucherville
2026-07,15050-Services liés aux sports  aux loisirs  à la culture et au conditionnement physique,Service à la clientèle / Absence de livraison / Non conformité,Sociétés de portefeuille (holdings),Québec
2026-07,18020-Cours de langue  leçons de conduite  cours relatifs aux sports  aux loisirs et autres passe-temps,Pratique trompeuse ou déloyale,Industrie du progiciel//Autres services d'enseignement,Bécancour
2026-07,10100-Articles des TIC (Technologies de l'information et de la communication),Service à la clientèle / Absence de livraison / Non conformité,Industrie des appareils d'éclairage pour immeubles//Industrie des lampes électriques (ampoules et tubes),Montréal
2026-07,15020-Voyages à forfait,Service à la clientèle / Absence de livraison / Non conformité,Organisations civiques et amicales,Montreal
2026-07,11020-Services liés à la construction  l'entretien et à la rénovation de l'habitation,Service à la clientèle / Absence de livraison / Non conformité,Plomberie,Lévis
2026-07,10150-Pièces de rechange  accessoires et carburants pour moyens de transports,Pratique trompeuse ou déloyale,Industrie des moteurs et pièces de moteurs de véhicules auto,Repentigny
2026-07,11020-Services liés à la construction  l'entretien et à la rénovation de l'habitation,Service à la clientèle / Absence de livraison / Non conformité,Travaux d'asphaltage,Carignan
2026-07,12090-Recouvrement de créances,Problème de facturation ou de recouvrement de créance,Agences de recouvrement,Mississauga
2026-06,10130-Automobiles d'occasion,Service à la clientèle / Absence de livraison / Non conformité,Commerce de gros d'automobiles,Montréal
2026-06,10130-Automobiles d'occasion,Mésentente liée au contrat conclu,NA,Montréal
2026-06,10130-Automobiles d'occasion,Pratique trompeuse ou déloyale,Concessionnaires d'automobiles d'occasion,Saint-Constant
2026-06,11020-Services liés à la construction  l'entretien et à la rénovation de l'habitation,Pratique trompeuse ou déloyale,Démolition//Location d'équipement  de matériel et d'outils,Fermont
2026-06,11020-Services liés à la construction  l'entretien et à la rénovation de l'habitation,Service à la clientèle / Absence de livraison / Non conformité,Commerce de détail de meubles de maison (avec appareils ména,Blainville
2026-06,10020-Vêtements  bijoux et accessoires,Qualité des biens et services,NA,NA
2026-06,10130-Automobiles d'occasion,Service à la clientèle / Absence de livraison / Non conformité,Concessionnaires d'automobiles d'occasion,Montréal
2026-06,13030-Services de téléphonie mobile,Service à la clientèle / Absence de livraison / Non conformité,Autres services,Toronto
2026-06,13030-Services de téléphonie mobile,Service à la clientèle / Absence de livraison / Non conformité,Autres services de télécommunications,Verdun
2026-06,10120-Automobiles neuves,Qualité des biens et services,Concessionnaires d'automobiles neuves//Garages (réparations générales),Sherbrooke
2026-06,10130-Automobiles d'occasion,Qualité des biens et services,Commerce de gros d'automobiles,Saint-Eustache
2026-06,10130-Automobiles d'occasion,Qualité des biens et services,Concessionnaires d'automobiles d'occasion,Mtl Nord
2026-06,10130-Automobiles d'occasion,Service à la clientèle / Absence de livraison / Non conformité,Concessionnaires d'automobiles d'occasion,Montréal-Est
2026-06,11020-Services liés à la construction  l'entretien et à la rénovation de l'habitation,Service à la clientèle / Absence de livraison / Non conformité,Travaux de peinture et de décoration,Markham
2026-06,10140-Autres moyens de transport,Qualité des biens et services,Grossistes-distributeurs de machines et de matériel pour l'a,Mirabel
2026-06,10130-Automobiles d'occasion,Pratique trompeuse ou déloyale,Services de location d'automobiles et de camions,Montréal
2026-06,10130-Automobiles d'occasion,Qualité des biens et services,Concessionnaires d'automobiles neuves,Québec
2026-06,10140-Autres moyens de transport,Qualité des biens et services,Autres types de commerce de détail de véhicules de loisir//Commerce de détail de jouets et d'articles de loisir,Québec
2026-06,10010-Aliments/Boissons/Tabac,Pratique trompeuse ou déloyale,Autres types de commerce de gros de produits alimentaires,Montréal
2026-06,10130-Automobiles d'occasion,Qualité des biens et services,Concessionnaires d'automobiles d'occasion//Services de location d'automobiles et de camions,Longueuil
2026-06,10130-Automobiles d'occasion,Service à la clientèle / Absence de livraison / Non conformité,Concessionnaires d'automobiles neuves//Concessionnaires d'automobiles d'occasion,Laval
2026-06,18010-Enseignement académique et formation continue,Pratique trompeuse ou déloyale,Enseignement de formation personnelle et populaire,Québec
2026-06,10010-Aliments/Boissons/Tabac,Mésentente avant l’achat liée au prix / au tarif,Exploitants de bâtiments non résidentiels,Québec
2026-06,10130-Automobiles d'occasion,Qualité des biens et services,Concessionnaires d'automobiles neuves,Québec
2026-06,11020-Services liés à la construction  l'entretien et à la rénovation de l'habitation,Mésentente liée au contrat conclu,Travaux d'électricité,Longueuil
2026-06,10100-Articles des TIC (Technologies de l'information et de la communication),Service à la clientèle / Absence de livraison / Non conformité,Cabanes à sucre//Autres services relatifs aux films et au domaine de l'audiov,Québec
2026-06,11120-Services de garde,Mésentente liée au contrat conclu,Autres clubs sportifs et services de loisirs,Laval
2026-06,10130-Automobiles d'occasion,Pratique trompeuse ou déloyale,Concessionnaires d'automobiles neuves,Donnacona
2026-06,10090-Articles électroniques,Qualité des biens et services,Autres types de commerce de machines  matériel et fourniture,Mississauga
2026-06,18020-Cours de langue  leçons de conduite  cours relatifs aux sports  aux loisirs et autres passe-temps,Mésentente liée au contrat conclu,Autres types de commerce de détail//Salons de beauté pour femmes,Québec
2026-06,11060-Nettoyage  réparation et location d'articles d'habillement,Service à la clientèle / Absence de livraison / Non conformité,NA,NA
