jeu_id,etiquette
00ec17f8-c7f1-414c-9860-a12bd0c91824,Collecte des matières résiduelles
00ec17f8-c7f1-414c-9860-a12bd0c91824,GMR
00ec17f8-c7f1-414c-9860-a12bd0c91824,Municipal
00ec17f8-c7f1-414c-9860-a12bd0c91824,Point de dépôt
00ec17f8-c7f1-414c-9860-a12bd0c91824,Recyclage
00ec17f8-c7f1-414c-9860-a12bd0c91824,Écocentre
b10a6f01-320c-4d56-b545-1ee5b70fdaeb,Acces a l eau
b10a6f01-320c-4d56-b545-1ee5b70fdaeb,Bateau
b10a6f01-320c-4d56-b545-1ee5b70fdaeb,Canot
b10a6f01-320c-4d56-b545-1ee5b70fdaeb,Descente
b10a6f01-320c-4d56-b545-1ee5b70fdaeb,Donnee ouverte
b10a6f01-320c-4d56-b545-1ee5b70fdaeb,Eau
b10a6f01-320c-4d56-b545-1ee5b70fdaeb,Lac
b10a6f01-320c-4d56-b545-1ee5b70fdaeb,Msp
b10a6f01-320c-4d56-b545-1ee5b70fdaeb,Quai
b10a6f01-320c-4d56-b545-1ee5b70fdaeb,Rampe de mise a l eau
b10a6f01-320c-4d56-b545-1ee5b70fdaeb,Riviere
b10a6f01-320c-4d56-b545-1ee5b70fdaeb,Ville de shawinigan
668b7750-b71a-4b4e-a0b2-c04a7710a2e4,Conseiller municipal
668b7750-b71a-4b4e-a0b2-c04a7710a2e4,District electoral
668b7750-b71a-4b4e-a0b2-c04a7710a2e4,Donnee ouverte
668b7750-b71a-4b4e-a0b2-c04a7710a2e4,Elections
668b7750-b71a-4b4e-a0b2-c04a7710a2e4,Ville de shawinigan
668b7750-b71a-4b4e-a0b2-c04a7710a2e4,Vote
32f75a4d-552f-4ca3-ae03-e1512c0420d7,Batiment
32f75a4d-552f-4ca3-ae03-e1512c0420d7,Donnee ouverte
32f75a4d-552f-4ca3-ae03-e1512c0420d7,Logement
32f75a4d-552f-4ca3-ae03-e1512c0420d7,Neige
32f75a4d-552f-4ca3-ae03-e1512c0420d7,Ville de shawinigan
08123b30-f795-432b-8b4a-13a3925f72f4,Donnee ouverte
08123b30-f795-432b-8b4a-13a3925f72f4,Parc
08123b30-f795-432b-8b4a-13a3925f72f4,Ville de shawinigan
6813f7dd-8f31-4581-afb5-f5faef10b9b2,Aire de jeux
6813f7dd-8f31-4581-afb5-f5faef10b9b2,Donnee ouverte
6813f7dd-8f31-4581-afb5-f5faef10b9b2,Enfant
6813f7dd-8f31-4581-afb5-f5faef10b9b2,Equipement sportif
6813f7dd-8f31-4581-afb5-f5faef10b9b2,Module de jeu
6813f7dd-8f31-4581-afb5-f5faef10b9b2,Msp
6813f7dd-8f31-4581-afb5-f5faef10b9b2,Parc
6813f7dd-8f31-4581-afb5-f5faef10b9b2,Sport
6813f7dd-8f31-4581-afb5-f5faef10b9b2,Terrain de sport
6813f7dd-8f31-4581-afb5-f5faef10b9b2,Ville de shawinigan
8e09581e-6963-4994-bd6d-b952e2be7648,Activite hivernale
8e09581e-6963-4994-bd6d-b952e2be7648,Donnee ouverte
8e09581e-6963-4994-bd6d-b952e2be7648,Motoneige
8e09581e-6963-4994-bd6d-b952e2be7648,Skidoo
8e09581e-6963-4994-bd6d-b952e2be7648,Ville de shawinigan
c6138a86-5777-4b3a-9b98-067889d90c3b,4 roues
c6138a86-5777-4b3a-9b98-067889d90c3b,Donnee ouverte
c6138a86-5777-4b3a-9b98-067889d90c3b,Quad
c6138a86-5777-4b3a-9b98-067889d90c3b,Vehicule hors route
c6138a86-5777-4b3a-9b98-067889d90c3b,Ville de shawinigan
c6138a86-5777-4b3a-9b98-067889d90c3b,Vtt
3f137d4d-b156-4e77-afed-febd3d5352f4,Activite hivernale
3f137d4d-b156-4e77-afed-febd3d5352f4,Donnee ouverte
3f137d4d-b156-4e77-afed-febd3d5352f4,Raquette
3f137d4d-b156-4e77-afed-febd3d5352f4,Raquette a neige
3f137d4d-b156-4e77-afed-febd3d5352f4,Sport
3f137d4d-b156-4e77-afed-febd3d5352f4,Ville de shawinigan
83596ebd-5845-4d98-aade-37723eabfad7,Art
83596ebd-5845-4d98-aade-37723eabfad7,Art public
83596ebd-5845-4d98-aade-37723eabfad7,Espace public
31748ec7-0afb-41d9-8634-c4cb66390732,Arbre
31748ec7-0afb-41d9-8634-c4cb66390732,Arbuste
31748ec7-0afb-41d9-8634-c4cb66390732,Conifère
31748ec7-0afb-41d9-8634-c4cb66390732,Feuillu
e4915d10-9c33-47a8-8e06-cf39306ef583,Chaussée
e4915d10-9c33-47a8-8e06-cf39306ef583,Rue
e4915d10-9c33-47a8-8e06-cf39306ef583,Voie
e4915d10-9c33-47a8-8e06-cf39306ef583,Voie publique
daa10606-5fdd-4c9b-b5ef-235081690b6e,Aire de planche à roulette
daa10606-5fdd-4c9b-b5ef-235081690b6e,Aréna
daa10606-5fdd-4c9b-b5ef-235081690b6e,Base de plein air
daa10606-5fdd-4c9b-b5ef-235081690b6e,Bibliothèque
daa10606-5fdd-4c9b-b5ef-235081690b6e,Bâtiment
daa10606-5fdd-4c9b-b5ef-235081690b6e,Caserne de pompier
daa10606-5fdd-4c9b-b5ef-235081690b6e,Centre art
daa10606-5fdd-4c9b-b5ef-235081690b6e,Centre communautaire
daa10606-5fdd-4c9b-b5ef-235081690b6e,Centre de congrès
daa10606-5fdd-4c9b-b5ef-235081690b6e,Centre de foire
daa10606-5fdd-4c9b-b5ef-235081690b6e,Centre récréatif
daa10606-5fdd-4c9b-b5ef-235081690b6e,Escalier
daa10606-5fdd-4c9b-b5ef-235081690b6e,Espace vert
daa10606-5fdd-4c9b-b5ef-235081690b6e,Gare autobus
daa10606-5fdd-4c9b-b5ef-235081690b6e,Glissade
daa10606-5fdd-4c9b-b5ef-235081690b6e,Glissoire
daa10606-5fdd-4c9b-b5ef-235081690b6e,Gymnase
daa10606-5fdd-4c9b-b5ef-235081690b6e,Information touristique
daa10606-5fdd-4c9b-b5ef-235081690b6e,Infrastructure
daa10606-5fdd-4c9b-b5ef-235081690b6e,Installation municipale
daa10606-5fdd-4c9b-b5ef-235081690b6e,Jardin
daa10606-5fdd-4c9b-b5ef-235081690b6e,Jardin communautaire
daa10606-5fdd-4c9b-b5ef-235081690b6e,Jeux eau
daa10606-5fdd-4c9b-b5ef-235081690b6e,Lieu
daa10606-5fdd-4c9b-b5ef-235081690b6e,Loisir
daa10606-5fdd-4c9b-b5ef-235081690b6e,Monument
daa10606-5fdd-4c9b-b5ef-235081690b6e,Parc
daa10606-5fdd-4c9b-b5ef-235081690b6e,Parc canin
daa10606-5fdd-4c9b-b5ef-235081690b6e,Pataugeoire
daa10606-5fdd-4c9b-b5ef-235081690b6e,Patinoire
daa10606-5fdd-4c9b-b5ef-235081690b6e,Piscine
daa10606-5fdd-4c9b-b5ef-235081690b6e,Écocentre
daa10606-5fdd-4c9b-b5ef-235081690b6e,École
f4e537c5-0be4-4041-8a4c-8d8c940fa238,Circulation
f4e537c5-0be4-4041-8a4c-8d8c940fa238,Contrôle
f4e537c5-0be4-4041-8a4c-8d8c940fa238,Déplacement
f4e537c5-0be4-4041-8a4c-8d8c940fa238,Feu de circulation
f4e537c5-0be4-4041-8a4c-8d8c940fa238,Intersection
f4e537c5-0be4-4041-8a4c-8d8c940fa238,Polygone
f4e537c5-0be4-4041-8a4c-8d8c940fa238,Québec
f4e537c5-0be4-4041-8a4c-8d8c940fa238,Signalisation
f4e537c5-0be4-4041-8a4c-8d8c940fa238,Territoire
f4e537c5-0be4-4041-8a4c-8d8c940fa238,Transport
f4e537c5-0be4-4041-8a4c-8d8c940fa238,Ville
34103a43-3712-4a29-92e1-039e9188e915,Arbre
34103a43-3712-4a29-92e1-039e9188e915,Arbuste
34103a43-3712-4a29-92e1-039e9188e915,Conifère
34103a43-3712-4a29-92e1-039e9188e915,Feuillu
a0396d6c-baf0-4de9-b1f3-2f8d082335ac,Bordure
a0396d6c-baf0-4de9-b1f3-2f8d082335ac,Eau
a0396d6c-baf0-4de9-b1f3-2f8d082335ac,Hydrographie
5d725484-a008-4c53-a0be-33798b69518d,Lac
5d725484-a008-4c53-a0be-33798b69518d,Surface
879abf6e-c6b2-430a-b44a-16335467c6f6,Certificat
879abf6e-c6b2-430a-b44a-16335467c6f6,Permis
6218a375-a8fe-45ce-959b-22c90a291b0b,Conseiller
6218a375-a8fe-45ce-959b-22c90a291b0b,Conseiller municipal
6218a375-a8fe-45ce-959b-22c90a291b0b,District
6218a375-a8fe-45ce-959b-22c90a291b0b,District électoral
6218a375-a8fe-45ce-959b-22c90a291b0b,Élection municipale
d4541afe-9391-44bf-a78f-dae3c9cf1217,Civière
d4541afe-9391-44bf-a78f-dae3c9cf1217,Données horaires
d4541afe-9391-44bf-a78f-dae3c9cf1217,Délai attente
d4541afe-9391-44bf-a78f-dae3c9cf1217,Service des urgences
d4541afe-9391-44bf-a78f-dae3c9cf1217,Temps attente
d4541afe-9391-44bf-a78f-dae3c9cf1217,Urgences
d4541afe-9391-44bf-a78f-dae3c9cf1217,Établissement de santé
6d928d3e-7734-45a2-8dcb-08244d455a66,COVID-19
6d928d3e-7734-45a2-8dcb-08244d455a66,Portrait quotidien
6d928d3e-7734-45a2-8dcb-08244d455a66,statut vaccinal
a2073e4a-9426-4946-95b5-c560d43c216e,COVID-19
a2073e4a-9426-4946-95b5-c560d43c216e,Cas confirmés
a2073e4a-9426-4946-95b5-c560d43c216e,Données de santé
a2073e4a-9426-4946-95b5-c560d43c216e,Portrait quotidien
a2073e4a-9426-4946-95b5-c560d43c216e,Épidémiologie
99517f1f-9e4d-4853-98da-47f7cafb4d77,CHSGS
99517f1f-9e4d-4853-98da-47f7cafb4d77,COVID-19
99517f1f-9e4d-4853-98da-47f7cafb4d77,Hospitalisations
99517f1f-9e4d-4853-98da-47f7cafb4d77,Portrait quotidien
99517f1f-9e4d-4853-98da-47f7cafb4d77,Soins aigus
99517f1f-9e4d-4853-98da-47f7cafb4d77,Soins intensifs
9cb41c6c-a925-4185-94c7-ce03734f8dff,COVID-19
9cb41c6c-a925-4185-94c7-ce03734f8dff,Dose
9cb41c6c-a925-4185-94c7-ce03734f8dff,Portrait quotidien
9cb41c6c-a925-4185-94c7-ce03734f8dff,Rendez-vous
9cb41c6c-a925-4185-94c7-ce03734f8dff,Santé publique
9cb41c6c-a925-4185-94c7-ce03734f8dff,Statistiques de vaccination
9cb41c6c-a925-4185-94c7-ce03734f8dff,Vaccin
9cb41c6c-a925-4185-94c7-ce03734f8dff,Vaccination
b7e297c3-ff0f-4e11-bc0f-2add3cffdd76,Civière
b7e297c3-ff0f-4e11-bc0f-2add3cffdd76,Délai attente
b7e297c3-ff0f-4e11-bc0f-2add3cffdd76,Service des urgences
b7e297c3-ff0f-4e11-bc0f-2add3cffdd76,Établissement de santé
51998b55-7d4c-4381-8c20-0ac1cd9c1b87,CISSS
51998b55-7d4c-4381-8c20-0ac1cd9c1b87,CIUSSS
51998b55-7d4c-4381-8c20-0ac1cd9c1b87,Cartographiques
51998b55-7d4c-4381-8c20-0ac1cd9c1b87,Fichier
51998b55-7d4c-4381-8c20-0ac1cd9c1b87,Installation
51998b55-7d4c-4381-8c20-0ac1cd9c1b87,Localisation
51998b55-7d4c-4381-8c20-0ac1cd9c1b87,Localisation des installations
51998b55-7d4c-4381-8c20-0ac1cd9c1b87,Localisation des établissements
51998b55-7d4c-4381-8c20-0ac1cd9c1b87,M02
51998b55-7d4c-4381-8c20-0ac1cd9c1b87,Mission
51998b55-7d4c-4381-8c20-0ac1cd9c1b87,Québec
51998b55-7d4c-4381-8c20-0ac1cd9c1b87,Réseau de la santé
51998b55-7d4c-4381-8c20-0ac1cd9c1b87,Santé et services sociaux
51998b55-7d4c-4381-8c20-0ac1cd9c1b87,Établissement
e442a663-e069-4209-a4ba-7bd60f6c5fb4,CISSS
e442a663-e069-4209-a4ba-7bd60f6c5fb4,CIUSSS
e442a663-e069-4209-a4ba-7bd60f6c5fb4,Centre intégré
e442a663-e069-4209-a4ba-7bd60f6c5fb4,Installation
e442a663-e069-4209-a4ba-7bd60f6c5fb4,M02
e442a663-e069-4209-a4ba-7bd60f6c5fb4,M03
e442a663-e069-4209-a4ba-7bd60f6c5fb4,MSSS
e442a663-e069-4209-a4ba-7bd60f6c5fb4,Référentiel établissement
e442a663-e069-4209-a4ba-7bd60f6c5fb4,Répertoire établissements
e442a663-e069-4209-a4ba-7bd60f6c5fb4,Santé et services sociaux
e442a663-e069-4209-a4ba-7bd60f6c5fb4,Établissement
e442a663-e069-4209-a4ba-7bd60f6c5fb4,Établissement de santé
1d7d1a92-7cba-438b-9e31-e98dedd2f0b8,Désastre naturel
1d7d1a92-7cba-438b-9e31-e98dedd2f0b8,HackQC18
1d7d1a92-7cba-438b-9e31-e98dedd2f0b8,HackQC19
1d7d1a92-7cba-438b-9e31-e98dedd2f0b8,Inondation
1d7d1a92-7cba-438b-9e31-e98dedd2f0b8,Sinistre
1d7d1a92-7cba-438b-9e31-e98dedd2f0b8,Sécurité publique
80a9b8e6-6426-44df-bffa-4f02065b81e3,Cog
80a9b8e6-6426-44df-bffa-4f02065b81e3,Sécurité publique
524cbe9b-9a96-42fb-bc7e-f9cdab3cffae,Aléa
524cbe9b-9a96-42fb-bc7e-f9cdab3cffae,Sinistre
524cbe9b-9a96-42fb-bc7e-f9cdab3cffae,Sécurité civile
524cbe9b-9a96-42fb-bc7e-f9cdab3cffae,Sévérité
524cbe9b-9a96-42fb-bc7e-f9cdab3cffae,Événement
1f96d039-4d37-437d-bcc6-a6633c0b8fc2,Crue
1f96d039-4d37-437d-bcc6-a6633c0b8fc2,Crue printanière
31a13f95-e506-43ff-9e4b-219d900409ae,Caserne de pompier
31a13f95-e506-43ff-9e4b-219d900409ae,Incendie
31a13f95-e506-43ff-9e4b-219d900409ae,Sécurité publique
6a052cb5-42e6-4735-8626-02f62f1294d0,Sécurité Publique
adfa340a-1781-48b1-ab17-2e1ca1b915df,Circuler
adfa340a-1781-48b1-ab17-2e1ca1b915df,Feux à ciel ouvert
adfa340a-1781-48b1-ab17-2e1ca1b915df,ICAF
adfa340a-1781-48b1-ab17-2e1ca1b915df,IFCO
adfa340a-1781-48b1-ab17-2e1ca1b915df,Interdiction
adfa340a-1781-48b1-ab17-2e1ca1b915df,RTF
adfa340a-1781-48b1-ab17-2e1ca1b915df,Sécurité civile
adfa340a-1781-48b1-ab17-2e1ca1b915df,Travaux
adfa340a-1781-48b1-ab17-2e1ca1b915df,ordonnance interdiction
87bc7be0-a935-454f-a3db-9dae8a8354ba,Bottin
87bc7be0-a935-454f-a3db-9dae8a8354ba,Police
1a6267da-82ed-4ea0-b35d-9e9618a58ce7,CP Territoires
1a6267da-82ed-4ea0-b35d-9e9618a58ce7,code postal
1a6267da-82ed-4ea0-b35d-9e9618a58ce7,géocodage
1ad9131e-b5c0-4b35-8f47-38b91b80b91d,Artificialisation
1ad9131e-b5c0-4b35-8f47-38b91b80b91d,Changement
1ad9131e-b5c0-4b35-8f47-38b91b80b91d,Compte des terres
1ad9131e-b5c0-4b35-8f47-38b91b80b91d,Compte environnement
1ad9131e-b5c0-4b35-8f47-38b91b80b91d,Couverture terrestre
1ad9131e-b5c0-4b35-8f47-38b91b80b91d,Forêt
1ad9131e-b5c0-4b35-8f47-38b91b80b91d,Mileu humide herbacé
1ad9131e-b5c0-4b35-8f47-38b91b80b91d,Milieu humide forestier
1ad9131e-b5c0-4b35-8f47-38b91b80b91d,SCEE
1ad9131e-b5c0-4b35-8f47-38b91b80b91d,Surface artificielle
1ad9131e-b5c0-4b35-8f47-38b91b80b91d,Système de comptabilité économique et environnementale
1ad9131e-b5c0-4b35-8f47-38b91b80b91d,Terre agricole
839553b2-03f9-4369-b961-6e245ed0de09,Comptes des terres
839553b2-03f9-4369-b961-6e245ed0de09,Québec méridional
839553b2-03f9-4369-b961-6e245ed0de09,carte couverture terrestre
839553b2-03f9-4369-b961-6e245ed0de09,haute résolution
0734819f-460a-4dcd-9699-5c4c398ab651,Comptabilité des écosystèmes
0734819f-460a-4dcd-9699-5c4c398ab651,Comptes des terres
0734819f-460a-4dcd-9699-5c4c398ab651,Comptes environnement
0734819f-460a-4dcd-9699-5c4c398ab651,Grilles vectorielles
0734819f-460a-4dcd-9699-5c4c398ab651,Infrastructure géogrphique
0734819f-460a-4dcd-9699-5c4c398ab651,Infrastructure spatiale
4479a1d9-9eb6-4080-9b4b-f4ab4e3170b4,D001
4479a1d9-9eb6-4080-9b4b-f4ab4e3170b4,D002
4479a1d9-9eb6-4080-9b4b-f4ab4e3170b4,Historique des municipalités
4479a1d9-9eb6-4080-9b4b-f4ab4e3170b4,Modification aux municipalités
4479a1d9-9eb6-4080-9b4b-f4ab4e3170b4,Municipalité
5a42f74f-f9b9-45fb-a951-0c4942161c22,Agglomération de recensement
5a42f74f-f9b9-45fb-a951-0c4942161c22,Aire de diffusion
5a42f74f-f9b9-45fb-a951-0c4942161c22,Division de recensement
5a42f74f-f9b9-45fb-a951-0c4942161c22,Géographie du recensement
5a42f74f-f9b9-45fb-a951-0c4942161c22,Région métropolitaine de recensement
5a42f74f-f9b9-45fb-a951-0c4942161c22,Région économique
5a42f74f-f9b9-45fb-a951-0c4942161c22,Subdivision de recensement
2180052d-8382-4938-ae14-37f5e594d26f,Bingo
2180052d-8382-4938-ae14-37f5e594d26f,Jeu
2180052d-8382-4938-ae14-37f5e594d26f,Licence
d817c9f7-76c7-44af-882d-0d673056ef86,Alcool
d817c9f7-76c7-44af-882d-0d673056ef86,Bar
d817c9f7-76c7-44af-882d-0d673056ef86,Détaillant
d817c9f7-76c7-44af-882d-0d673056ef86,Licence
d817c9f7-76c7-44af-882d-0d673056ef86,Permis
d817c9f7-76c7-44af-882d-0d673056ef86,Restaurant
891479b9-e728-4940-8512-09794653c471,Alcool
891479b9-e728-4940-8512-09794653c471,Artisanal
891479b9-e728-4940-8512-09794653c471,Boisson
891479b9-e728-4940-8512-09794653c471,Brasseur
891479b9-e728-4940-8512-09794653c471,Cidre
891479b9-e728-4940-8512-09794653c471,Distillateur
891479b9-e728-4940-8512-09794653c471,Entrepôt
891479b9-e728-4940-8512-09794653c471,Fabricant
891479b9-e728-4940-8512-09794653c471,Licence
891479b9-e728-4940-8512-09794653c471,Lieu de fabrication
891479b9-e728-4940-8512-09794653c471,Permis
891479b9-e728-4940-8512-09794653c471,Production
891479b9-e728-4940-8512-09794653c471,Vin
dfad1e74-ecff-492a-9676-f593c7a2c9a2,Arcade
dfad1e74-ecff-492a-9676-f593c7a2c9a2,Jeu
5dfc0cd4-8596-4a9a-933a-65b79a5b5a6d,Chevaux
5dfc0cd4-8596-4a9a-933a-65b79a5b5a6d,Course
5dfc0cd4-8596-4a9a-933a-65b79a5b5a6d,Licence
777a8cfc-9d97-4959-b89a-37c07f11dd5c,Police
777a8cfc-9d97-4959-b89a-37c07f11dd5c,Territoire
89fdc53c-cf70-485f-ab1a-9b10044d9f15,Bikeshare
89fdc53c-cf70-485f-ab1a-9b10044d9f15,Cyclisme
89fdc53c-cf70-485f-ab1a-9b10044d9f15,Libre-service
89fdc53c-cf70-485f-ab1a-9b10044d9f15,Mobilité
89fdc53c-cf70-485f-ab1a-9b10044d9f15,Vélo
e7cd6412-a544-48cf-8e56-7bc1502716de,Bikeshare
e7cd6412-a544-48cf-8e56-7bc1502716de,Cyclisme
e7cd6412-a544-48cf-8e56-7bc1502716de,HackQC17
e7cd6412-a544-48cf-8e56-7bc1502716de,Libre-service
e7cd6412-a544-48cf-8e56-7bc1502716de,PoleARTM
e7cd6412-a544-48cf-8e56-7bc1502716de,Vélo
53d2e529-25e4-4d30-b914-069147ad5402,Contaminant
53d2e529-25e4-4d30-b914-069147ad5402,Contaminant de sol
53d2e529-25e4-4d30-b914-069147ad5402,Contaminant eau
53d2e529-25e4-4d30-b914-069147ad5402,Gouvernement
53d2e529-25e4-4d30-b914-069147ad5402,Québec
53d2e529-25e4-4d30-b914-069147ad5402,Site contaminé
8baf4fa8-da8d-4a2c-a787-b0ef648c2f35,Entreprises
8baf4fa8-da8d-4a2c-a787-b0ef648c2f35,Fiscalité
8baf4fa8-da8d-4a2c-a787-b0ef648c2f35,Québec
f94cd34c-8202-4cfe-9610-6ae10bf34bc3,Comptes publics
f94cd34c-8202-4cfe-9610-6ae10bf34bc3,Contrôleur des finances
f94cd34c-8202-4cfe-9610-6ae10bf34bc3,Dépenses
f94cd34c-8202-4cfe-9610-6ae10bf34bc3,Fonds consolidé
f94cd34c-8202-4cfe-9610-6ae10bf34bc3,Ministère des Finances
f94cd34c-8202-4cfe-9610-6ae10bf34bc3,Portefeuilles
f94cd34c-8202-4cfe-9610-6ae10bf34bc3,Revenus
55b05d9f-93d1-450f-a8b9-c761b0c001a8,Actifs
55b05d9f-93d1-450f-a8b9-c761b0c001a8,Comptes publics
55b05d9f-93d1-450f-a8b9-c761b0c001a8,Contrôleur des finances
55b05d9f-93d1-450f-a8b9-c761b0c001a8,Déficit cumulé
55b05d9f-93d1-450f-a8b9-c761b0c001a8,Déficits
55b05d9f-93d1-450f-a8b9-c761b0c001a8,Dépenses
55b05d9f-93d1-450f-a8b9-c761b0c001a8,Finance publique
55b05d9f-93d1-450f-a8b9-c761b0c001a8,Gouvernement
55b05d9f-93d1-450f-a8b9-c761b0c001a8,Passifs
55b05d9f-93d1-450f-a8b9-c761b0c001a8,Québec
55b05d9f-93d1-450f-a8b9-c761b0c001a8,Revenus
55b05d9f-93d1-450f-a8b9-c761b0c001a8,Surplus
be36f85e-e419-4978-9c34-cb5795622595,Bureaux coordonnateurs
be36f85e-e419-4978-9c34-cb5795622595,Bébé
be36f85e-e419-4978-9c34-cb5795622595,Enfant
be36f85e-e419-4978-9c34-cb5795622595,Garderie publique
be36f85e-e419-4978-9c34-cb5795622595,Petite enfance
be36f85e-e419-4978-9c34-cb5795622595,Service de garde non subventionnée
be36f85e-e419-4978-9c34-cb5795622595,Service de garde subventionnée
be36f85e-e419-4978-9c34-cb5795622595,Service de garde à contribution réduite
be36f85e-e419-4978-9c34-cb5795622595,Éducatrice en garderie
ed951823-4179-415b-bb25-b009320450e6,Bureaux coordonnateurs de garde éducative
ed951823-4179-415b-bb25-b009320450e6,Bureaux coordonnateurs de la garde éducative en milieu familial
ed951823-4179-415b-bb25-b009320450e6,CPE
ed951823-4179-415b-bb25-b009320450e6,Centre de la petite enfance
ed951823-4179-415b-bb25-b009320450e6,Garde éducative
ed951823-4179-415b-bb25-b009320450e6,Garderie
ed951823-4179-415b-bb25-b009320450e6,Petite enfance
ed951823-4179-415b-bb25-b009320450e6,Service de garde subventionné
ed951823-4179-415b-bb25-b009320450e6,Service de garde à contribution réduite
1d291579-a5ec-41e6-af4b-c8dfa293c025,Bibliothèque
1d291579-a5ec-41e6-af4b-c8dfa293c025,Culture
1d291579-a5ec-41e6-af4b-c8dfa293c025,Emprunts
1d291579-a5ec-41e6-af4b-c8dfa293c025,Films
9724834a-d6c5-4838-af8d-7b006f92f128,Bibliothèque
9724834a-d6c5-4838-af8d-7b006f92f128,ISBN
9724834a-d6c5-4838-af8d-7b006f92f128,Livre
9724834a-d6c5-4838-af8d-7b006f92f128,Patrimoine culturel
54bd180f-3c66-41e1-a3b0-bd176cd9bb2d,Bibliothèques
54bd180f-3c66-41e1-a3b0-bd176cd9bb2d,ISBN
54bd180f-3c66-41e1-a3b0-bd176cd9bb2d,ISNI
54bd180f-3c66-41e1-a3b0-bd176cd9bb2d,Patrimoine culturel
231a38a8-f28e-4bef-82ea-dc98a14c1b6f,activité
231a38a8-f28e-4bef-82ea-dc98a14c1b6f,bibliothèque
231a38a8-f28e-4bef-82ea-dc98a14c1b6f,bibliothèque publique
231a38a8-f28e-4bef-82ea-dc98a14c1b6f,collection
231a38a8-f28e-4bef-82ea-dc98a14c1b6f,usager
a5a36aa3-1b1a-4dd1-a78b-23008e368ef7,Bibliothèque publique
a5a36aa3-1b1a-4dd1-a78b-23008e368ef7,Répertoire géographique
93d640ec-d059-4768-b7ed-388604b278aa,Démographie
93d640ec-d059-4768-b7ed-388604b278aa,Enfant
93d640ec-d059-4768-b7ed-388604b278aa,Identité
93d640ec-d059-4768-b7ed-388604b278aa,Natalité
93d640ec-d059-4768-b7ed-388604b278aa,Prénom
93d640ec-d059-4768-b7ed-388604b278aa,Statistiques démographiques
13db2583-427a-4e5f-b679-8532d3df571f,Démographie
13db2583-427a-4e5f-b679-8532d3df571f,Enfant
13db2583-427a-4e5f-b679-8532d3df571f,Identité
13db2583-427a-4e5f-b679-8532d3df571f,Natalité
13db2583-427a-4e5f-b679-8532d3df571f,Prénom
13db2583-427a-4e5f-b679-8532d3df571f,Statistiques démographiques
321704c6-8e6b-4d25-8115-9e8c07837705,RRQ
321704c6-8e6b-4d25-8115-9e8c07837705,Régie des rentes du Québec
d8853d64-bb8e-47b8-aa56-65c2944608a0,Aérienne
d8853d64-bb8e-47b8-aa56-65c2944608a0,GeoTIFF
d8853d64-bb8e-47b8-aa56-65c2944608a0,GéoMont
d8853d64-bb8e-47b8-aa56-65c2944608a0,Image
d8853d64-bb8e-47b8-aa56-65c2944608a0,Imagerie aérienne
d8853d64-bb8e-47b8-aa56-65c2944608a0,Montérégie
d8853d64-bb8e-47b8-aa56-65c2944608a0,Mosaïque
d8853d64-bb8e-47b8-aa56-65c2944608a0,Orthomosaïque
d8853d64-bb8e-47b8-aa56-65c2944608a0,Orthophographie
d8853d64-bb8e-47b8-aa56-65c2944608a0,Orthophoto
d8853d64-bb8e-47b8-aa56-65c2944608a0,Orthorectification
d8853d64-bb8e-47b8-aa56-65c2944608a0,Photo
d8853d64-bb8e-47b8-aa56-65c2944608a0,Photographie
d8853d64-bb8e-47b8-aa56-65c2944608a0,Photographie aérienne
d8853d64-bb8e-47b8-aa56-65c2944608a0,Printemps
5e1e394a-3acd-4b10-9d38-a6a335660b2e,Aérienne
5e1e394a-3acd-4b10-9d38-a6a335660b2e,Estrie
5e1e394a-3acd-4b10-9d38-a6a335660b2e,GeoTIFF
5e1e394a-3acd-4b10-9d38-a6a335660b2e,GéoMont
5e1e394a-3acd-4b10-9d38-a6a335660b2e,Image
5e1e394a-3acd-4b10-9d38-a6a335660b2e,Imagerie
5e1e394a-3acd-4b10-9d38-a6a335660b2e,Mosaïque
5e1e394a-3acd-4b10-9d38-a6a335660b2e,Orthoimage
5e1e394a-3acd-4b10-9d38-a6a335660b2e,Orthomosaïque
5e1e394a-3acd-4b10-9d38-a6a335660b2e,Orthophoto
5e1e394a-3acd-4b10-9d38-a6a335660b2e,Orthophotographie
5e1e394a-3acd-4b10-9d38-a6a335660b2e,Orthorectification
5e1e394a-3acd-4b10-9d38-a6a335660b2e,Photo
5e1e394a-3acd-4b10-9d38-a6a335660b2e,Photographie
5e1e394a-3acd-4b10-9d38-a6a335660b2e,Photographie aérienne
5e1e394a-3acd-4b10-9d38-a6a335660b2e,Printemps
6975296f-4ff9-4d40-b10c-44ec9d472474,Cyclable
6975296f-4ff9-4d40-b10c-44ec9d472474,HackQC17
6975296f-4ff9-4d40-b10c-44ec9d472474,Piste
6975296f-4ff9-4d40-b10c-44ec9d472474,Piste cyclabe normé V1
f1e7f552-278d-47d6-89c9-6aa9d3293bd1,circulation
f1e7f552-278d-47d6-89c9-6aa9d3293bd1,débits
2d3b5cf8-b347-49c7-ad3b-bd6a9c15e443,CEGEP
2d3b5cf8-b347-49c7-ad3b-bd6a9c15e443,Collège
2d3b5cf8-b347-49c7-ad3b-bd6a9c15e443,Enseignement
2d3b5cf8-b347-49c7-ad3b-bd6a9c15e443,Organisme
2d3b5cf8-b347-49c7-ad3b-bd6a9c15e443,Scolaire
2d3b5cf8-b347-49c7-ad3b-bd6a9c15e443,Université
2d3b5cf8-b347-49c7-ad3b-bd6a9c15e443,Éducation
2d3b5cf8-b347-49c7-ad3b-bd6a9c15e443,Établissement
004de02c-19f1-4da0-9af8-33f893e41972,Faible revenu
004de02c-19f1-4da0-9af8-33f893e41972,IMSE
004de02c-19f1-4da0-9af8-33f893e41972,SFR
004de02c-19f1-4da0-9af8-33f893e41972,Unité de peuplement
37d944eb-335b-40fe-8d80-835ff77bc5cb,Centre de service scolaire
37d944eb-335b-40fe-8d80-835ff77bc5cb,Commission scolaire
37d944eb-335b-40fe-8d80-835ff77bc5cb,Enseignement
37d944eb-335b-40fe-8d80-835ff77bc5cb,Éducation
45a08291-6328-430b-874a-22cda898f69b,Enquête sur la diplomation
45a08291-6328-430b-874a-22cda898f69b,Enseignement secondaire
45a08291-6328-430b-874a-22cda898f69b,Formation professionnelle
45a08291-6328-430b-874a-22cda898f69b,Éducation
221d146e-f285-4eb4-9f47-09b4b36cc429,Chantiers
221d146e-f285-4eb4-9f47-09b4b36cc429,rue
3277d697-ed91-4fe5-850f-e8981d93c4a6,Autoroute
3277d697-ed91-4fe5-850f-e8981d93c4a6,Boulevard
3277d697-ed91-4fe5-850f-e8981d93c4a6,Chemin
3277d697-ed91-4fe5-850f-e8981d93c4a6,Rang
3277d697-ed91-4fe5-850f-e8981d93c4a6,Route
3277d697-ed91-4fe5-850f-e8981d93c4a6,Rue
3277d697-ed91-4fe5-850f-e8981d93c4a6,Voirie
0258f4db-cbe9-47af-9c56-029c6295c443,Bâtiment agricole
0258f4db-cbe9-47af-9c56-029c6295c443,Centre commercial
0258f4db-cbe9-47af-9c56-029c6295c443,Chalet
0258f4db-cbe9-47af-9c56-029c6295c443,Habitation
0258f4db-cbe9-47af-9c56-029c6295c443,Hôpital
0258f4db-cbe9-47af-9c56-029c6295c443,Immeuble
0258f4db-cbe9-47af-9c56-029c6295c443,Maison
0258f4db-cbe9-47af-9c56-029c6295c443,commerce
0258f4db-cbe9-47af-9c56-029c6295c443,industrie
0258f4db-cbe9-47af-9c56-029c6295c443,École
0258f4db-cbe9-47af-9c56-029c6295c443,Édifice
0258f4db-cbe9-47af-9c56-029c6295c443,Établissement de santé
0258f4db-cbe9-47af-9c56-029c6295c443,Établissement enseignement
59622b04-1132-4e6c-b63e-36182aa810ae,Adresse ponctuelle normé v1
a086941f-22e3-4fe7-a8dc-fe791229d942,zonage
a086941f-22e3-4fe7-a8dc-fe791229d942,zonage municipal
92fd1b10-66dc-4017-968a-b9b6f232a2e9,Conseiller municipal
92fd1b10-66dc-4017-968a-b9b6f232a2e9,District
92fd1b10-66dc-4017-968a-b9b6f232a2e9,District électoral
92fd1b10-66dc-4017-968a-b9b6f232a2e9,Maire
92fd1b10-66dc-4017-968a-b9b6f232a2e9,Élection
92fd1b10-66dc-4017-968a-b9b6f232a2e9,Élection municipale
92fd1b10-66dc-4017-968a-b9b6f232a2e9,Élu municipal
9d688a5e-1725-4b7e-ad68-21533d6cb36d,arbres
9d688a5e-1725-4b7e-ad68-21533d6cb36d,inventaire
bcbe1f4a-6f74-4bbc-b97a-6d64b89bbafc,Bâtiments municipaux
bcbe1f4a-6f74-4bbc-b97a-6d64b89bbafc,Empreinte des bâtiments
67d85a7a-10af-4af0-b4da-abc64cfd735a,Infrastructure
d23b2e02-085d-43e5-9e6e-e1d558ebfdd5,Concurrence
d23b2e02-085d-43e5-9e6e-e1d558ebfdd5,Contrat
d23b2e02-085d-43e5-9e6e-e1d558ebfdd5,Fournisseur
d23b2e02-085d-43e5-9e6e-e1d558ebfdd5,Marchés publics
40cab1d6-2c7c-4ddc-b38a-71bf9e6f88bc,Infrastructure
0bda1c4a-89a5-460e-bd29-c105a3bf0e11,Budget
0bda1c4a-89a5-460e-bd29-c105a3bf0e11,Crédit
0bda1c4a-89a5-460e-bd29-c105a3bf0e11,Donnée budgétaire
0bda1c4a-89a5-460e-bd29-c105a3bf0e11,Dépense
0bda1c4a-89a5-460e-bd29-c105a3bf0e11,Fonds public
0bda1c4a-89a5-460e-bd29-c105a3bf0e11,Investissement
983addf4-a7a6-441b-a09a-392157d20ad1,Gouvernement du Québec
983addf4-a7a6-441b-a09a-392157d20ad1,Rémunération
983addf4-a7a6-441b-a09a-392157d20ad1,Salaire
983addf4-a7a6-441b-a09a-392157d20ad1,Échelles de traitement
983addf4-a7a6-441b-a09a-392157d20ad1,Échelles salariales
1e9175e1-1227-4268-b139-dc31a02da031,Art
1e9175e1-1227-4268-b139-dc31a02da031,Artiste
1e9175e1-1227-4268-b139-dc31a02da031,Bien culturel
1e9175e1-1227-4268-b139-dc31a02da031,Collection
1e9175e1-1227-4268-b139-dc31a02da031,Collection muséale
1e9175e1-1227-4268-b139-dc31a02da031,Histoire
1e9175e1-1227-4268-b139-dc31a02da031,Musée
1e9175e1-1227-4268-b139-dc31a02da031,Muséologie
1e9175e1-1227-4268-b139-dc31a02da031,Oeuvre
1e9175e1-1227-4268-b139-dc31a02da031,Patrimoine
1e9175e1-1227-4268-b139-dc31a02da031,Patrimoine culturel
1076a4fb-b217-4703-921b-dd92671dc03d,ESP
1076a4fb-b217-4703-921b-dd92671dc03d,Projet en RI
1076a4fb-b217-4703-921b-dd92671dc03d,Tableau de bord
1076a4fb-b217-4703-921b-dd92671dc03d,État semestriel
4d1d7428-eaf8-409d-a31a-af426183ae22,Consultation publique
4d1d7428-eaf8-409d-a31a-af426183ae22,Sondage
4d1d7428-eaf8-409d-a31a-af426183ae22,Statistique
0633ff50-ac61-494b-9290-c9bf7cd15550,Consultant
0633ff50-ac61-494b-9290-c9bf7cd15550,Effectif
0633ff50-ac61-494b-9290-c9bf7cd15550,Employé
0633ff50-ac61-494b-9290-c9bf7cd15550,PMORI
0633ff50-ac61-494b-9290-c9bf7cd15550,Portrait
0633ff50-ac61-494b-9290-c9bf7cd15550,RI
0633ff50-ac61-494b-9290-c9bf7cd15550,Ressources humaines
0633ff50-ac61-494b-9290-c9bf7cd15550,Ressources informationnelles
0633ff50-ac61-494b-9290-c9bf7cd15550,TI
0633ff50-ac61-494b-9290-c9bf7cd15550,Technologie
1c9131d2-ab2a-4513-9a46-945b2bc96e1b,AI
1c9131d2-ab2a-4513-9a46-945b2bc96e1b,Administration publique
1c9131d2-ab2a-4513-9a46-945b2bc96e1b,Algorithme
1c9131d2-ab2a-4513-9a46-945b2bc96e1b,IA
1c9131d2-ab2a-4513-9a46-945b2bc96e1b,IAG
1c9131d2-ab2a-4513-9a46-945b2bc96e1b,Informatique
1c9131d2-ab2a-4513-9a46-945b2bc96e1b,Intelligence artificielle
1c9131d2-ab2a-4513-9a46-945b2bc96e1b,Numérique
1c9131d2-ab2a-4513-9a46-945b2bc96e1b,Projets informatiques
1c9131d2-ab2a-4513-9a46-945b2bc96e1b,Services publics
1c9131d2-ab2a-4513-9a46-945b2bc96e1b,Système intelligence artificielle
1c9131d2-ab2a-4513-9a46-945b2bc96e1b,Systèmes informatiques
1c9131d2-ab2a-4513-9a46-945b2bc96e1b,ai
1c9131d2-ab2a-4513-9a46-945b2bc96e1b,ia
20ed36e5-85fb-4409-b272-b1fa1d8c92b3,HackQC20
20ed36e5-85fb-4409-b272-b1fa1d8c92b3,Haute valeur
20ed36e5-85fb-4409-b272-b1fa1d8c92b3,Réutilisation
6f710997-b5f9-4347-893b-1a47ddb61437,CIDREQ
6f710997-b5f9-4347-893b-1a47ddb61437,Compagnie
6f710997-b5f9-4347-893b-1a47ddb61437,LSA
6f710997-b5f9-4347-893b-1a47ddb61437,Liste des commerces
6f710997-b5f9-4347-893b-1a47ddb61437,Liste des entreprises
6f710997-b5f9-4347-893b-1a47ddb61437,OSBL
6f710997-b5f9-4347-893b-1a47ddb61437,Personne morale
6f710997-b5f9-4347-893b-1a47ddb61437,REQ
6f710997-b5f9-4347-893b-1a47ddb61437,Société par actions
6f710997-b5f9-4347-893b-1a47ddb61437,Type entreprise
6f710997-b5f9-4347-893b-1a47ddb61437,req
cbdf887c-2acf-429b-8fb2-ed4f49485d03,Environnement
cbdf887c-2acf-429b-8fb2-ed4f49485d03,Milieu naturel
cbdf887c-2acf-429b-8fb2-ed4f49485d03,Municipal
cbdf887c-2acf-429b-8fb2-ed4f49485d03,Plan nature
cbdf887c-2acf-429b-8fb2-ed4f49485d03,Règlement de contrôle intérimaire
cbdf887c-2acf-429b-8fb2-ed4f49485d03,Sherbrooke
7a0a5009-e884-4645-a16b-3c9b427a51e0,Environnement
7a0a5009-e884-4645-a16b-3c9b427a51e0,Municipal
7a0a5009-e884-4645-a16b-3c9b427a51e0,Sherbrooke
7a0a5009-e884-4645-a16b-3c9b427a51e0,Sécurité civile
7a0a5009-e884-4645-a16b-3c9b427a51e0,Urbanisme
12c51ab4-e22a-4abd-bf90-eaeb274a98c9,Environnement
12c51ab4-e22a-4abd-bf90-eaeb274a98c9,Hydrographie
12c51ab4-e22a-4abd-bf90-eaeb274a98c9,Municipal
12c51ab4-e22a-4abd-bf90-eaeb274a98c9,Sherbrooke
12c51ab4-e22a-4abd-bf90-eaeb274a98c9,Sécurité civile
12c51ab4-e22a-4abd-bf90-eaeb274a98c9,Urbanisme
42f741d6-1f7c-47f9-afa8-e84ead34dc5f,Municipal
42f741d6-1f7c-47f9-afa8-e84ead34dc5f,Planification et développement
42f741d6-1f7c-47f9-afa8-e84ead34dc5f,Sherbrooke
42f741d6-1f7c-47f9-afa8-e84ead34dc5f,Urbanisme
7d00872e-1f60-41cb-8e92-143d7daeb0b4,Limites
7d00872e-1f60-41cb-8e92-143d7daeb0b4,Municipal
7d00872e-1f60-41cb-8e92-143d7daeb0b4,Planification et développement
7d00872e-1f60-41cb-8e92-143d7daeb0b4,Sherbrooke
7d00872e-1f60-41cb-8e92-143d7daeb0b4,Urbanisme
0967bd7a-5115-445e-a2cb-ded5165b5694,HackQC22
0967bd7a-5115-445e-a2cb-ded5165b5694,Municipal
0967bd7a-5115-445e-a2cb-ded5165b5694,Sherbrooke
0967bd7a-5115-445e-a2cb-ded5165b5694,Transports et stationnements
3ae8f1be-b916-4d37-82d6-1c78769dc74d,HackQC17
3ae8f1be-b916-4d37-82d6-1c78769dc74d,Municipal
3ae8f1be-b916-4d37-82d6-1c78769dc74d,Sherbrooke
3ae8f1be-b916-4d37-82d6-1c78769dc74d,Transports et stationnements
7d24bea3-f366-4e8b-a56b-24db7dc3cdbc,Environnement
7d24bea3-f366-4e8b-a56b-24db7dc3cdbc,Municipal
7d24bea3-f366-4e8b-a56b-24db7dc3cdbc,Parcs et loisirs
7d24bea3-f366-4e8b-a56b-24db7dc3cdbc,Sherbrooke
7d24bea3-f366-4e8b-a56b-24db7dc3cdbc,Tourisme
d41f625c-1bd3-4202-a8c1-50b573b3ade4,HackQC17
d41f625c-1bd3-4202-a8c1-50b573b3ade4,HackQC19
d41f625c-1bd3-4202-a8c1-50b573b3ade4,Obstruction
d41f625c-1bd3-4202-a8c1-50b573b3ade4,Route
570ae2a1-3665-4196-9ee0-bb5417d5a08f,Emploi
570ae2a1-3665-4196-9ee0-bb5417d5a08f,affichages
570ae2a1-3665-4196-9ee0-bb5417d5a08f,embouche
570ae2a1-3665-4196-9ee0-bb5417d5a08f,opportunités
570ae2a1-3665-4196-9ee0-bb5417d5a08f,poste
570ae2a1-3665-4196-9ee0-bb5417d5a08f,publique
570ae2a1-3665-4196-9ee0-bb5417d5a08f,secteur
570ae2a1-3665-4196-9ee0-bb5417d5a08f,stage
4abee7cc-b3d9-436e-ab13-e3ea31b45b08,CDU
4abee7cc-b3d9-436e-ab13-e3ea31b45b08,Code
4abee7cc-b3d9-436e-ab13-e3ea31b45b08,Code urbanisme
4abee7cc-b3d9-436e-ab13-e3ea31b45b08,Laval
4abee7cc-b3d9-436e-ab13-e3ea31b45b08,Milieu
4abee7cc-b3d9-436e-ab13-e3ea31b45b08,PIIA
4abee7cc-b3d9-436e-ab13-e3ea31b45b08,Type
4abee7cc-b3d9-436e-ab13-e3ea31b45b08,Urbanisme
4abee7cc-b3d9-436e-ab13-e3ea31b45b08,Zonage
89be7457-81b2-4200-9d50-f9ee9fe94fc0,District
89be7457-81b2-4200-9d50-f9ee9fe94fc0,HackQC19
89be7457-81b2-4200-9d50-f9ee9fe94fc0,Limite
89be7457-81b2-4200-9d50-f9ee9fe94fc0,Élections
89be7457-81b2-4200-9d50-f9ee9fe94fc0,Électoral
7ff4b7d8-bdab-4292-a161-4edb426ff53c,District
7ff4b7d8-bdab-4292-a161-4edb426ff53c,Découpage électoral
7ff4b7d8-bdab-4292-a161-4edb426ff53c,Limite
7ff4b7d8-bdab-4292-a161-4edb426ff53c,Section de vote
7ff4b7d8-bdab-4292-a161-4edb426ff53c,Élection
7ff4b7d8-bdab-4292-a161-4edb426ff53c,Élection municipale
7ff4b7d8-bdab-4292-a161-4edb426ff53c,Électoral
8f75f060-8884-4918-8ebf-dab254326748,HackQC17
8f75f060-8884-4918-8ebf-dab254326748,HackQC19
8f75f060-8884-4918-8ebf-dab254326748,HackQC20
8f75f060-8884-4918-8ebf-dab254326748,Piste cyclable
8f75f060-8884-4918-8ebf-dab254326748,Piéton
8f75f060-8884-4918-8ebf-dab254326748,Vélo
643ce0cd-b239-45f8-a5dc-5f3d8c58ef9b,Autoroutière
643ce0cd-b239-45f8-a5dc-5f3d8c58ef9b,CDU
643ce0cd-b239-45f8-a5dc-5f3d8c58ef9b,Code
643ce0cd-b239-45f8-a5dc-5f3d8c58ef9b,Code urbanisme
643ce0cd-b239-45f8-a5dc-5f3d8c58ef9b,Laval
643ce0cd-b239-45f8-a5dc-5f3d8c58ef9b,PIIA
643ce0cd-b239-45f8-a5dc-5f3d8c58ef9b,Règlementation
643ce0cd-b239-45f8-a5dc-5f3d8c58ef9b,Urbanisme
643ce0cd-b239-45f8-a5dc-5f3d8c58ef9b,Vitrine
643ce0cd-b239-45f8-a5dc-5f3d8c58ef9b,Zonage
dc2de4b0-1985-4982-beca-c432941464db,Aménagement
dc2de4b0-1985-4982-beca-c432941464db,CDU
dc2de4b0-1985-4982-beca-c432941464db,Code
dc2de4b0-1985-4982-beca-c432941464db,Code urbanisme
dc2de4b0-1985-4982-beca-c432941464db,Laval
dc2de4b0-1985-4982-beca-c432941464db,Particulière
dc2de4b0-1985-4982-beca-c432941464db,Urbanisme
dc2de4b0-1985-4982-beca-c432941464db,ZAEP
dc2de4b0-1985-4982-beca-c432941464db,Zonage
dc2de4b0-1985-4982-beca-c432941464db,Zone
dc2de4b0-1985-4982-beca-c432941464db,règlementation
dc2de4b0-1985-4982-beca-c432941464db,Écologique
33befa4d-c037-4d8f-8ac5-5a4c329f9e19,GTFS
33befa4d-c037-4d8f-8ac5-5a4c329f9e19,Transport maritime
33befa4d-c037-4d8f-8ac5-5a4c329f9e19,Traverse
33befa4d-c037-4d8f-8ac5-5a4c329f9e19,Traverse fluviale
33befa4d-c037-4d8f-8ac5-5a4c329f9e19,Traversier
08743563-7672-4710-ab8a-9658096b488d,Albanel
08743563-7672-4710-ab8a-9658096b488d,Alma
08743563-7672-4710-ab8a-9658096b488d,Anse-Saint-Jean
08743563-7672-4710-ab8a-9658096b488d,Ascension-de-Notre-Seigneur
08743563-7672-4710-ab8a-9658096b488d,Aérienne
08743563-7672-4710-ab8a-9658096b488d,Bégin
08743563-7672-4710-ab8a-9658096b488d,Chambord
08743563-7672-4710-ab8a-9658096b488d,Desbiens
08743563-7672-4710-ab8a-9658096b488d,Dolbeau-Mistassini
08743563-7672-4710-ab8a-9658096b488d,Domaine-du-Roy
08743563-7672-4710-ab8a-9658096b488d,Ferland-et-Boilleau
08743563-7672-4710-ab8a-9658096b488d,GeoTIFF
08743563-7672-4710-ab8a-9658096b488d,Girardville
08743563-7672-4710-ab8a-9658096b488d,Hébertville
08743563-7672-4710-ab8a-9658096b488d,Image
08743563-7672-4710-ab8a-9658096b488d,Imagerie
08743563-7672-4710-ab8a-9658096b488d,Jonquière
08743563-7672-4710-ab8a-9658096b488d,La Baie
08743563-7672-4710-ab8a-9658096b488d,La Doré
08743563-7672-4710-ab8a-9658096b488d,Labrecque
08743563-7672-4710-ab8a-9658096b488d,Lac-Bouchette
08743563-7672-4710-ab8a-9658096b488d,Lac-Saint-Jean-Est
08743563-7672-4710-ab8a-9658096b488d,Lamarche
08743563-7672-4710-ab8a-9658096b488d,Larouche
08743563-7672-4710-ab8a-9658096b488d,Le Fjord-du-Saguenay
08743563-7672-4710-ab8a-9658096b488d,Maria-Chapdelaine
08743563-7672-4710-ab8a-9658096b488d,Mosaïque
08743563-7672-4710-ab8a-9658096b488d,Métabetchouan-Lac-à-la-Croix
08743563-7672-4710-ab8a-9658096b488d,Normandin
08743563-7672-4710-ab8a-9658096b488d,Notre-Dame-de-Lorette
08743563-7672-4710-ab8a-9658096b488d,Orthoimage
08743563-7672-4710-ab8a-9658096b488d,Orthomosaïque
08743563-7672-4710-ab8a-9658096b488d,Orthophoto
08743563-7672-4710-ab8a-9658096b488d,Orthorectification
08743563-7672-4710-ab8a-9658096b488d,Petit-Saguenay
08743563-7672-4710-ab8a-9658096b488d,Photo
08743563-7672-4710-ab8a-9658096b488d,Photographie
08743563-7672-4710-ab8a-9658096b488d,Photographie aérienne
08743563-7672-4710-ab8a-9658096b488d,Péribonka
08743563-7672-4710-ab8a-9658096b488d,Rivière-Éternité
08743563-7672-4710-ab8a-9658096b488d,Roberval
08743563-7672-4710-ab8a-9658096b488d,Saguenay
08743563-7672-4710-ab8a-9658096b488d,Saint-Ambroise
08743563-7672-4710-ab8a-9658096b488d,Saint-André-du-Lac-Saint-Jean
08743563-7672-4710-ab8a-9658096b488d,Saint-Augustin
08743563-7672-4710-ab8a-9658096b488d,Saint-Charles-de-Bourget
08743563-7672-4710-ab8a-9658096b488d,Saint-David-de-Falardeau
08743563-7672-4710-ab8a-9658096b488d,Saint-Edmond-les-Plaines
08743563-7672-4710-ab8a-9658096b488d,Saint-Eugène-d Argentenay
08743563-7672-4710-ab8a-9658096b488d,Saint-François-de-Sales
08743563-7672-4710-ab8a-9658096b488d,Saint-Fulgence
08743563-7672-4710-ab8a-9658096b488d,Saint-Félicien
08743563-7672-4710-ab8a-9658096b488d,Saint-Gédéon
08743563-7672-4710-ab8a-9658096b488d,Saint-Henri-de-Taillon
08743563-7672-4710-ab8a-9658096b488d,Saint-Honoré
08743563-7672-4710-ab8a-9658096b488d,Saint-Ludger-de-Milot
08743563-7672-4710-ab8a-9658096b488d,Saint-Nazaire
08743563-7672-4710-ab8a-9658096b488d,Saint-Prime
08743563-7672-4710-ab8a-9658096b488d,Saint-Stanislas
08743563-7672-4710-ab8a-9658096b488d,Saint-Thomas-Didyme
08743563-7672-4710-ab8a-9658096b488d,Saint-félix-d Otis
08743563-7672-4710-ab8a-9658096b488d,Sainte-Hedwidge
08743563-7672-4710-ab8a-9658096b488d,Sainte-Jeanne-d Arc
08743563-7672-4710-ab8a-9658096b488d,Sainte-Monique
08743563-7672-4710-ab8a-9658096b488d,Sainte-Rose-du-Nord
0d7c1c75-4a46-4a65-bf60-5f7847121055,Désignation
0d7c1c75-4a46-4a65-bf60-5f7847121055,Lieu
0d7c1c75-4a46-4a65-bf60-5f7847121055,Nom
0d7c1c75-4a46-4a65-bf60-5f7847121055,Place
0d7c1c75-4a46-4a65-bf60-5f7847121055,Toponyme
160866f2-b0ef-4a8b-aafd-249090b6672a,Désignation
160866f2-b0ef-4a8b-aafd-249090b6672a,Lieu
160866f2-b0ef-4a8b-aafd-249090b6672a,Nom
160866f2-b0ef-4a8b-aafd-249090b6672a,Toponyme
160866f2-b0ef-4a8b-aafd-249090b6672a,Toponymie
d1829191-4639-498a-b9f8-9aed20b81f48,Lieu
d1829191-4639-498a-b9f8-9aed20b81f48,Nom
d1829191-4639-498a-b9f8-9aed20b81f48,Odonyme
d1829191-4639-498a-b9f8-9aed20b81f48,Toponyme
d1829191-4639-498a-b9f8-9aed20b81f48,Toponymie
332c8139-4d32-4825-9131-6dea1c7e6b68,Lieu
332c8139-4d32-4825-9131-6dea1c7e6b68,Nom
332c8139-4d32-4825-9131-6dea1c7e6b68,Odonyme
332c8139-4d32-4825-9131-6dea1c7e6b68,Toponyme
332c8139-4d32-4825-9131-6dea1c7e6b68,Toponymie
d023eed0-4e87-48da-9e9f-375dca06b8b5,Autochtone
d023eed0-4e87-48da-9e9f-375dca06b8b5,Désignation
d023eed0-4e87-48da-9e9f-375dca06b8b5,Langue
d023eed0-4e87-48da-9e9f-375dca06b8b5,Nom
d023eed0-4e87-48da-9e9f-375dca06b8b5,Toponyme
d023eed0-4e87-48da-9e9f-375dca06b8b5,Toponymie
90d6e5b8-1227-40fa-8390-95a34265c8a4,Art contemporain
90d6e5b8-1227-40fa-8390-95a34265c8a4,Collectionnement
90d6e5b8-1227-40fa-8390-95a34265c8a4,Galerie
90d6e5b8-1227-40fa-8390-95a34265c8a4,Membrariat
66122479-ad0e-4a4d-9cee-475117a29040,Art contemporain
66122479-ad0e-4a4d-9cee-475117a29040,Collectionnement
66122479-ad0e-4a4d-9cee-475117a29040,Galerie
66122479-ad0e-4a4d-9cee-475117a29040,Oeuvre
66122479-ad0e-4a4d-9cee-475117a29040,Reconnaissance
aaa3bcd0-c046-4536-bf35-5f72677eb885,Art contemporain
aaa3bcd0-c046-4536-bf35-5f72677eb885,Collectionnement
aaa3bcd0-c046-4536-bf35-5f72677eb885,Galerie
aaa3bcd0-c046-4536-bf35-5f72677eb885,Oeuvre
aaa3bcd0-c046-4536-bf35-5f72677eb885,Reconnaissance
11a425c9-320a-4963-902c-df10b0c276d9,Art contemporain
11a425c9-320a-4963-902c-df10b0c276d9,Collectionnement
11a425c9-320a-4963-902c-df10b0c276d9,Exposition
11a425c9-320a-4963-902c-df10b0c276d9,Galerie
11a425c9-320a-4963-902c-df10b0c276d9,Gouvernance
11a425c9-320a-4963-902c-df10b0c276d9,Oeuvre
704af7ba-2dbb-49b9-8ace-bb68a3768fb1,Art contemporain
704af7ba-2dbb-49b9-8ace-bb68a3768fb1,Collectionnement
704af7ba-2dbb-49b9-8ace-bb68a3768fb1,Exposition
704af7ba-2dbb-49b9-8ace-bb68a3768fb1,Foire commerciale
704af7ba-2dbb-49b9-8ace-bb68a3768fb1,Galerie
704af7ba-2dbb-49b9-8ace-bb68a3768fb1,Médiation
704af7ba-2dbb-49b9-8ace-bb68a3768fb1,Oeuvre
f6bbdfe1-b9df-4dba-a2bd-5e9bbace8ed5,2018
f6bbdfe1-b9df-4dba-a2bd-5e9bbace8ed5,2019
f6bbdfe1-b9df-4dba-a2bd-5e9bbace8ed5,2020
f6bbdfe1-b9df-4dba-a2bd-5e9bbace8ed5,2021
f6bbdfe1-b9df-4dba-a2bd-5e9bbace8ed5,2022
f6bbdfe1-b9df-4dba-a2bd-5e9bbace8ed5,2023
f6bbdfe1-b9df-4dba-a2bd-5e9bbace8ed5,2024
f6bbdfe1-b9df-4dba-a2bd-5e9bbace8ed5,Bourses
f6bbdfe1-b9df-4dba-a2bd-5e9bbace8ed5,FRQ
f6bbdfe1-b9df-4dba-a2bd-5e9bbace8ed5,Financement accordé
f6bbdfe1-b9df-4dba-a2bd-5e9bbace8ed5,Fonds
f6bbdfe1-b9df-4dba-a2bd-5e9bbace8ed5,Octrois
f6bbdfe1-b9df-4dba-a2bd-5e9bbace8ed5,Recherche
f6bbdfe1-b9df-4dba-a2bd-5e9bbace8ed5,Subvention
d2d92b84-4361-42f0-81eb-3c395bc54597,Citébus
d2d92b84-4361-42f0-81eb-3c395bc54597,STR
d2d92b84-4361-42f0-81eb-3c395bc54597,autobus
d2d92b84-4361-42f0-81eb-3c395bc54597,taxibus
d2d92b84-4361-42f0-81eb-3c395bc54597,transport
d2d92b84-4361-42f0-81eb-3c395bc54597,transport collectif
b73fbf1a-039c-404b-99dd-3d54a9e50474,HackQC19
b73fbf1a-039c-404b-99dd-3d54a9e50474,HackQC20
b73fbf1a-039c-404b-99dd-3d54a9e50474,Unité
b73fbf1a-039c-404b-99dd-3d54a9e50474,Unité d évaluation normé v1
b73fbf1a-039c-404b-99dd-3d54a9e50474,Évaluation
a315e8f8-2e8e-47d3-990d-49f09ecb32d0,Borne incendie
a315e8f8-2e8e-47d3-990d-49f09ecb32d0,HackQC19
a315e8f8-2e8e-47d3-990d-49f09ecb32d0,HackQC20
a315e8f8-2e8e-47d3-990d-49f09ecb32d0,Sécurité incendie
6e0f7ad8-f660-40e2-abe0-c63cd3bd3abc,Conseiller
6e0f7ad8-f660-40e2-abe0-c63cd3bd3abc,District électoral
6e0f7ad8-f660-40e2-abe0-c63cd3bd3abc,Districts électoraux
6e0f7ad8-f660-40e2-abe0-c63cd3bd3abc,HackQC19
6e0f7ad8-f660-40e2-abe0-c63cd3bd3abc,HackQC20
6e0f7ad8-f660-40e2-abe0-c63cd3bd3abc,Élection municipale
6c7471ac-7fde-4ec3-92f9-c2f34a91c305,Espaces verts
6c7471ac-7fde-4ec3-92f9-c2f34a91c305,HackQC19
6c7471ac-7fde-4ec3-92f9-c2f34a91c305,HackQC20
6c7471ac-7fde-4ec3-92f9-c2f34a91c305,Parc
6c7471ac-7fde-4ec3-92f9-c2f34a91c305,Parcs et espaces verts
1601c350-6b7f-41fe-80ad-5b9bca4973ed,Art
1601c350-6b7f-41fe-80ad-5b9bca4973ed,Art public
1601c350-6b7f-41fe-80ad-5b9bca4973ed,Graffiti
1601c350-6b7f-41fe-80ad-5b9bca4973ed,HackQC20
1601c350-6b7f-41fe-80ad-5b9bca4973ed,Murale
1601c350-6b7f-41fe-80ad-5b9bca4973ed,Sculpture
2c6a7bef-1a27-4f4f-835c-13fbaf9093ed,Calendrier
2c6a7bef-1a27-4f4f-835c-13fbaf9093ed,Collecte
2c6a7bef-1a27-4f4f-835c-13fbaf9093ed,Compost
2c6a7bef-1a27-4f4f-835c-13fbaf9093ed,Déchet
2c6a7bef-1a27-4f4f-835c-13fbaf9093ed,HackQC19
2c6a7bef-1a27-4f4f-835c-13fbaf9093ed,HackQC20
2c6a7bef-1a27-4f4f-835c-13fbaf9093ed,Recyclage
d9a66edd-a803-47dd-9554-33e8c04970dc,HackQC19
d9a66edd-a803-47dd-9554-33e8c04970dc,HackQC20
d9a66edd-a803-47dd-9554-33e8c04970dc,WiFi
d9a66edd-a803-47dd-9554-33e8c04970dc,WiFi normé v1
d9a66edd-a803-47dd-9554-33e8c04970dc,ZAP
d9a66edd-a803-47dd-9554-33e8c04970dc,internet
d9a66edd-a803-47dd-9554-33e8c04970dc,réseau
3d4d4536-5b94-4f4f-bb7c-2205ec9287a7,Aide financière aux entreprises
3d4d4536-5b94-4f4f-bb7c-2205ec9287a7,Arts
3d4d4536-5b94-4f4f-bb7c-2205ec9287a7,Chanson
3d4d4536-5b94-4f4f-bb7c-2205ec9287a7,Cinéma
3d4d4536-5b94-4f4f-bb7c-2205ec9287a7,Culture
3d4d4536-5b94-4f4f-bb7c-2205ec9287a7,Industrie culturelle
3d4d4536-5b94-4f4f-bb7c-2205ec9287a7,Livre
3d4d4536-5b94-4f4f-bb7c-2205ec9287a7,Marché de l art
3d4d4536-5b94-4f4f-bb7c-2205ec9287a7,Musique
3d4d4536-5b94-4f4f-bb7c-2205ec9287a7,Métiers d art
3d4d4536-5b94-4f4f-bb7c-2205ec9287a7,Rapport annuel
3d4d4536-5b94-4f4f-bb7c-2205ec9287a7,SODEC
3d4d4536-5b94-4f4f-bb7c-2205ec9287a7,Société de développement des entreprises culturelles
3d4d4536-5b94-4f4f-bb7c-2205ec9287a7,Subvention
3d4d4536-5b94-4f4f-bb7c-2205ec9287a7,Variétés
3d4d4536-5b94-4f4f-bb7c-2205ec9287a7,Édition
e46d2624-7a54-46f1-be5e-6381e478d365,Arts
e46d2624-7a54-46f1-be5e-6381e478d365,Cinéma
e46d2624-7a54-46f1-be5e-6381e478d365,Crédit d impôt remboursable
e46d2624-7a54-46f1-be5e-6381e478d365,Culture
e46d2624-7a54-46f1-be5e-6381e478d365,Industrie cinématographique
e46d2624-7a54-46f1-be5e-6381e478d365,Industrie culturelle
e46d2624-7a54-46f1-be5e-6381e478d365,Industrie télévisuelle
e46d2624-7a54-46f1-be5e-6381e478d365,Production
e46d2624-7a54-46f1-be5e-6381e478d365,Produit culturel
e46d2624-7a54-46f1-be5e-6381e478d365,SODEC
e46d2624-7a54-46f1-be5e-6381e478d365,Société de développement des entreprises culturelles
e46d2624-7a54-46f1-be5e-6381e478d365,Télévision
3b37042d-e787-475d-9bb0-b9f0d147a7c2,Arts
3b37042d-e787-475d-9bb0-b9f0d147a7c2,Cinéma
3b37042d-e787-475d-9bb0-b9f0d147a7c2,Crédit d impôt remboursable
3b37042d-e787-475d-9bb0-b9f0d147a7c2,Culture
3b37042d-e787-475d-9bb0-b9f0d147a7c2,Doublage
3b37042d-e787-475d-9bb0-b9f0d147a7c2,Industrie cinématographique
3b37042d-e787-475d-9bb0-b9f0d147a7c2,Industrie télévisuelle
3b37042d-e787-475d-9bb0-b9f0d147a7c2,SODEC
3b37042d-e787-475d-9bb0-b9f0d147a7c2,Société de développement des entreprises culturelles
3b37042d-e787-475d-9bb0-b9f0d147a7c2,Subvention
3b37042d-e787-475d-9bb0-b9f0d147a7c2,Télévision
e9d802c9-beff-403a-8a51-22c3485fd078,Aide financière aux entreprises
e9d802c9-beff-403a-8a51-22c3485fd078,Arts
e9d802c9-beff-403a-8a51-22c3485fd078,Arts de la scène
e9d802c9-beff-403a-8a51-22c3485fd078,Auditoire
e9d802c9-beff-403a-8a51-22c3485fd078,Chanson
e9d802c9-beff-403a-8a51-22c3485fd078,Collégial
e9d802c9-beff-403a-8a51-22c3485fd078,Culture
e9d802c9-beff-403a-8a51-22c3485fd078,Cégep
e9d802c9-beff-403a-8a51-22c3485fd078,Industrie du spectacle
e9d802c9-beff-403a-8a51-22c3485fd078,Jeune
e9d802c9-beff-403a-8a51-22c3485fd078,Manifestation culturelle
e9d802c9-beff-403a-8a51-22c3485fd078,Musique
e9d802c9-beff-403a-8a51-22c3485fd078,Public cible
e9d802c9-beff-403a-8a51-22c3485fd078,Relève amateur
e9d802c9-beff-403a-8a51-22c3485fd078,Région
e9d802c9-beff-403a-8a51-22c3485fd078,SODEC
e9d802c9-beff-403a-8a51-22c3485fd078,Société de développement des entreprises culturelles
e9d802c9-beff-403a-8a51-22c3485fd078,Spectacle
e9d802c9-beff-403a-8a51-22c3485fd078,Subvention
e6d75e2f-1822-4008-a715-26058362166a,Aide financière aux entreprises
e6d75e2f-1822-4008-a715-26058362166a,Arts
e6d75e2f-1822-4008-a715-26058362166a,Arts de la scène
e6d75e2f-1822-4008-a715-26058362166a,Chanson
e6d75e2f-1822-4008-a715-26058362166a,Culture
e6d75e2f-1822-4008-a715-26058362166a,Industrie du spectacle
e6d75e2f-1822-4008-a715-26058362166a,Manifestation culturelle
e6d75e2f-1822-4008-a715-26058362166a,Musique
e6d75e2f-1822-4008-a715-26058362166a,Région
e6d75e2f-1822-4008-a715-26058362166a,SODEC
e6d75e2f-1822-4008-a715-26058362166a,Société de développement des entreprises culturelles
e6d75e2f-1822-4008-a715-26058362166a,Spectacle
e6d75e2f-1822-4008-a715-26058362166a,Subvention
e6d75e2f-1822-4008-a715-26058362166a,Tournée
233354e9-9679-4453-8b41-d82575fb1787,Connexion
233354e9-9679-4453-8b41-d82575fb1787,Municipal
233354e9-9679-4453-8b41-d82575fb1787,Sherbrooke
233354e9-9679-4453-8b41-d82575fb1787,Ville
233354e9-9679-4453-8b41-d82575fb1787,Zap
943608d2-7804-479f-8e26-3451518c261a,Théâtre
e19b44d1-24e2-4449-acfb-ab5721ea2f27,Consommateur
e19b44d1-24e2-4449-acfb-ab5721ea2f27,Coopérative
e19b44d1-24e2-4449-acfb-ab5721ea2f27,Forme juridique
e19b44d1-24e2-4449-acfb-ab5721ea2f27,Producteur
e19b44d1-24e2-4449-acfb-ab5721ea2f27,Regroupement
e19b44d1-24e2-4449-acfb-ab5721ea2f27,Solidarité
e19b44d1-24e2-4449-acfb-ab5721ea2f27,Travailleur
e19b44d1-24e2-4449-acfb-ab5721ea2f27,Travailleur actionnaire
e19b44d1-24e2-4449-acfb-ab5721ea2f27,Économie
3aa1dce8-9d07-4274-b9d0-a92d5e066141,Aide financière
3aa1dce8-9d07-4274-b9d0-a92d5e066141,Gouvernement provincial
3aa1dce8-9d07-4274-b9d0-a92d5e066141,Infrastructure
3aa1dce8-9d07-4274-b9d0-a92d5e066141,Laboratoire
3aa1dce8-9d07-4274-b9d0-a92d5e066141,Programme aide financière
3aa1dce8-9d07-4274-b9d0-a92d5e066141,Québec
3aa1dce8-9d07-4274-b9d0-a92d5e066141,Recherche
3aa1dce8-9d07-4274-b9d0-a92d5e066141,Équipement
142ff2e9-7d0a-47d6-b4f6-dfeb97041daf,Circulation
142ff2e9-7d0a-47d6-b4f6-dfeb97041daf,Comptage
142ff2e9-7d0a-47d6-b4f6-dfeb97041daf,Compteur
142ff2e9-7d0a-47d6-b4f6-dfeb97041daf,Piste cyclable
142ff2e9-7d0a-47d6-b4f6-dfeb97041daf,SUM
142ff2e9-7d0a-47d6-b4f6-dfeb97041daf,Vélo
3e9f7b96-3f25-4404-a5ad-22d9a31060e6,IQA
3e9f7b96-3f25-4404-a5ad-22d9a31060e6,Pollution
3e9f7b96-3f25-4404-a5ad-22d9a31060e6,Qualité de l air
3e9f7b96-3f25-4404-a5ad-22d9a31060e6,RSQA
3e9f7b96-3f25-4404-a5ad-22d9a31060e6,SEnv
91ec9195-19b2-4cc5-a3c7-8e295a30ad68,Analytique Web
91ec9195-19b2-4cc5-a3c7-8e295a30ad68,Montreal.ca
91ec9195-19b2-4cc5-a3c7-8e295a30ad68,SCAEC
91ec9195-19b2-4cc5-a3c7-8e295a30ad68,Statistique de fréquentation
b89fd27d-4b49-461b-8e54-fa2b34a628c4,Arboriculture
b89fd27d-4b49-461b-8e54-fa2b34a628c4,Arbre
b89fd27d-4b49-461b-8e54-fa2b34a628c4,Arr.
b89fd27d-4b49-461b-8e54-fa2b34a628c4,Espèce
b89fd27d-4b49-461b-8e54-fa2b34a628c4,Nature
0b871076-93d3-4247-9f04-21495fd2bee4,Aqueduc
0b871076-93d3-4247-9f04-21495fd2bee4,Eau
0b871076-93d3-4247-9f04-21495fd2bee4,SE
0b871076-93d3-4247-9f04-21495fd2bee4,Santé publique
667342f7-f667-4c3c-9837-65e81312cd8d,Chantier
667342f7-f667-4c3c-9837-65e81312cd8d,Circulation
667342f7-f667-4c3c-9837-65e81312cd8d,Entrave
667342f7-f667-4c3c-9837-65e81312cd8d,Info-travaux
667342f7-f667-4c3c-9837-65e81312cd8d,SCAEC
667342f7-f667-4c3c-9837-65e81312cd8d,Travaux
ef6ce312-9737-4253-8b25-94ba17eec23e,Calendrier
ef6ce312-9737-4253-8b25-94ba17eec23e,Comité exécutif
ef6ce312-9737-4253-8b25-94ba17eec23e,Conseil d agglomération
ef6ce312-9737-4253-8b25-94ba17eec23e,Conseil municipal
ef6ce312-9737-4253-8b25-94ba17eec23e,SG
e9321c33-fa45-42fd-a373-74222ce13d60,SUM
e9321c33-fa45-42fd-a373-74222ce13d60,Toponymie
1c6567bf-8995-40b9-84a4-50faabae12f4,OQLF
1c6567bf-8995-40b9-84a4-50faabae12f4,langue
f29e95bb-6e6d-480d-9a34-6327aa4da633,OQLF
f29e95bb-6e6d-480d-9a34-6327aa4da633,article 22
f29e95bb-6e6d-480d-9a34-6327aa4da633,avantage
f29e95bb-6e6d-480d-9a34-6327aa4da633,charte
f29e95bb-6e6d-480d-9a34-6327aa4da633,contrat
f29e95bb-6e6d-480d-9a34-6327aa4da633,entreprises
f29e95bb-6e6d-480d-9a34-6327aa4da633,française
f29e95bb-6e6d-480d-9a34-6327aa4da633,langue
f29e95bb-6e6d-480d-9a34-6327aa4da633,non conforme
f29e95bb-6e6d-480d-9a34-6327aa4da633,subvention
12b932d4-2c84-443f-8d5e-a267b02e26b1,La présence
23f8d075-4574-4238-a3d1-f3ba5674fce0,I-0.2.1
23f8d075-4574-4238-a3d1-f3ba5674fce0,consultants
23f8d075-4574-4238-a3d1-f3ba5674fce0,immigration
23f8d075-4574-4238-a3d1-f3ba5674fce0,registre
81c11e9a-ae9b-4238-aa6b-1fba60d9c5b9,Immigration permanente
dd2328a3-6033-4389-acdd-48ff87580a76,Admission
dd2328a3-6033-4389-acdd-48ff87580a76,Immigration permanente
dd2328a3-6033-4389-acdd-48ff87580a76,Plan immigration
dd2328a3-6033-4389-acdd-48ff87580a76,Planification immigration
dd2328a3-6033-4389-acdd-48ff87580a76,immigration
2b9c7a3c-f655-4e3a-9a53-cc28609e4801,Arrêts
2b9c7a3c-f655-4e3a-9a53-cc28609e4801,Grève
2b9c7a3c-f655-4e3a-9a53-cc28609e4801,Jours-personnes perdus
2b9c7a3c-f655-4e3a-9a53-cc28609e4801,Lock-out
2b9c7a3c-f655-4e3a-9a53-cc28609e4801,Travail
cdbc394b-8c24-4e34-8fc9-35b8b69408a7,Arrêts
cdbc394b-8c24-4e34-8fc9-35b8b69408a7,Grève
cdbc394b-8c24-4e34-8fc9-35b8b69408a7,Jours-personnes perdus
cdbc394b-8c24-4e34-8fc9-35b8b69408a7,Lock-out
cdbc394b-8c24-4e34-8fc9-35b8b69408a7,Travail
21f39629-88f1-4cc4-bbef-cb34276d0685,Association
21f39629-88f1-4cc4-bbef-cb34276d0685,Collective
21f39629-88f1-4cc4-bbef-cb34276d0685,Convention
21f39629-88f1-4cc4-bbef-cb34276d0685,Convention collective
21f39629-88f1-4cc4-bbef-cb34276d0685,Vigueur
496a06df-7bc8-450a-a6cc-9e24dd267987,Croissance
496a06df-7bc8-450a-a6cc-9e24dd267987,Salaire
11030b28-274c-4b05-aee2-d52c9911190b,Culture
ea383ac1-9a9c-44d8-89d7-4b533f75e279,Découpage
ea383ac1-9a9c-44d8-89d7-4b533f75e279,Territoire
ea383ac1-9a9c-44d8-89d7-4b533f75e279,Zone
aedd53ac-131d-4141-93c4-8d4211eb2d95,Découpage
aedd53ac-131d-4141-93c4-8d4211eb2d95,HackQC19
aedd53ac-131d-4141-93c4-8d4211eb2d95,Territoire
aedd53ac-131d-4141-93c4-8d4211eb2d95,Zone
fd83974a-c85f-4453-bb5f-17fb0f263e3d,Arrondissement
af24e9d8-97ad-4a4f-be93-5f19ecae9e78,Train
af24e9d8-97ad-4a4f-be93-5f19ecae9e78,Voie
e4c9f147-51f9-4e5d-85a9-5344188781a0,Bibliothèque
7c22d077-660a-4180-a558-dbf9c05e844e,Emplacement
7c22d077-660a-4180-a558-dbf9c05e844e,Sol
7c22d077-660a-4180-a558-dbf9c05e844e,Terrain
7c22d077-660a-4180-a558-dbf9c05e844e,Territoire
7c22d077-660a-4180-a558-dbf9c05e844e,Urbanisme
7c22d077-660a-4180-a558-dbf9c05e844e,Zone
9fef883c-5bbc-4c9b-bc4e-24f50b416d1d,Activités
9fef883c-5bbc-4c9b-bc4e-24f50b416d1d,Bicyclette
9fef883c-5bbc-4c9b-bc4e-24f50b416d1d,Circuits
9fef883c-5bbc-4c9b-bc4e-24f50b416d1d,Déplacement
9fef883c-5bbc-4c9b-bc4e-24f50b416d1d,HackQC20
9fef883c-5bbc-4c9b-bc4e-24f50b416d1d,Piste
9fef883c-5bbc-4c9b-bc4e-24f50b416d1d,Réseau
9fef883c-5bbc-4c9b-bc4e-24f50b416d1d,Transport
9fef883c-5bbc-4c9b-bc4e-24f50b416d1d,Vélo
cfda7ad3-5eef-46ad-9212-371ec5739865,Archéologie
cfda7ad3-5eef-46ad-9212-371ec5739865,Site
bf40546c-0f04-45be-b039-c6eaa51d3ab5,Travaux
bf40546c-0f04-45be-b039-c6eaa51d3ab5,Zone
bf40546c-0f04-45be-b039-c6eaa51d3ab5,avis
bf40546c-0f04-45be-b039-c6eaa51d3ab5,circulation
bf40546c-0f04-45be-b039-c6eaa51d3ab5,entrave
bf40546c-0f04-45be-b039-c6eaa51d3ab5,grand
85fa8f51-28f6-4163-9d96-eab0b185ec10,Usage
85fa8f51-28f6-4163-9d96-eab0b185ec10,Zonage
85fa8f51-28f6-4163-9d96-eab0b185ec10,Zone
f3e54b61-5988-450c-9b09-01f823c92242,Sentier
f3e54b61-5988-450c-9b09-01f823c92242,Sentier pédestre
f3e54b61-5988-450c-9b09-01f823c92242,nature
f3e54b61-5988-450c-9b09-01f823c92242,parc
f3e54b61-5988-450c-9b09-01f823c92242,pédestre
e1d8d2e0-b3f8-4274-a117-4294bf27e710,regard
e1d8d2e0-b3f8-4274-a117-4294bf27e710,égout
f6db02b5-13cc-4a59-81a4-063cfda3fc75,Réseau égouts
f6db02b5-13cc-4a59-81a4-063cfda3fc75,conduite
f6db02b5-13cc-4a59-81a4-063cfda3fc75,égout
c540d295-30f0-4e96-baf5-a631bc681271,lampadaire
c540d295-30f0-4e96-baf5-a631bc681271,luminère
c540d295-30f0-4e96-baf5-a631bc681271,lumière
17e9938c-c744-4171-b7bc-53abd7a6d8bc,Réseau
17e9938c-c744-4171-b7bc-53abd7a6d8bc,autoroutes
17e9938c-c744-4171-b7bc-53abd7a6d8bc,communication
17e9938c-c744-4171-b7bc-53abd7a6d8bc,routes
17e9938c-c744-4171-b7bc-53abd7a6d8bc,routier
17e9938c-c744-4171-b7bc-53abd7a6d8bc,rues
17e9938c-c744-4171-b7bc-53abd7a6d8bc,voie
aeef7ad2-ab74-473e-818e-e611fd29eb4d,bouchon
aeef7ad2-ab74-473e-818e-e611fd29eb4d,égout
7480fa82-4258-4de8-b410-44adf8cbb916,AMF
7480fa82-4258-4de8-b410-44adf8cbb916,Agent évaluation du crédit
7480fa82-4258-4de8-b410-44adf8cbb916,Institution financière
54ff3620-ef80-47fc-b0da-b67deef3ae7a,Changement climatique
54ff3620-ef80-47fc-b0da-b67deef3ae7a,Moustique
54ff3620-ef80-47fc-b0da-b67deef3ae7a,Ouranos
54ff3620-ef80-47fc-b0da-b67deef3ae7a,Santé animale
54ff3620-ef80-47fc-b0da-b67deef3ae7a,Santé publique
54ff3620-ef80-47fc-b0da-b67deef3ae7a,Territoire
54ff3620-ef80-47fc-b0da-b67deef3ae7a,VNO
54ff3620-ef80-47fc-b0da-b67deef3ae7a,Virus du Nil Occidendal
963a87c9-3206-4221-b932-2ec5a0bee0e4,Activités minières
963a87c9-3206-4221-b932-2ec5a0bee0e4,Mines et projets
963a87c9-3206-4221-b932-2ec5a0bee0e4,Propriétés exploration
01c1866d-ce44-4f4f-a954-947c79e65811,SIFORT
01c1866d-ce44-4f4f-a954-947c79e65811,Tesselle
56490107-06d9-40d4-aa30-37bfab23e00a,Adresses
56490107-06d9-40d4-aa30-37bfab23e00a,Adresses Québec
56490107-06d9-40d4-aa30-37bfab23e00a,Adresses municipales
56490107-06d9-40d4-aa30-37bfab23e00a,HackQC19
56490107-06d9-40d4-aa30-37bfab23e00a,Odonymes
56490107-06d9-40d4-aa30-37bfab23e00a,Routes
56490107-06d9-40d4-aa30-37bfab23e00a,Réseau routier
50ea1add-c7d3-4425-a695-e49618cf7ffe,Altitude
50ea1add-c7d3-4425-a695-e49618cf7ffe,DGIG
50ea1add-c7d3-4425-a695-e49618cf7ffe,Hydro cohérence
50ea1add-c7d3-4425-a695-e49618cf7ffe,Hydrographie
50ea1add-c7d3-4425-a695-e49618cf7ffe,Hypsométrie
50ea1add-c7d3-4425-a695-e49618cf7ffe,MNA
50ea1add-c7d3-4425-a695-e49618cf7ffe,MNT
50ea1add-c7d3-4425-a695-e49618cf7ffe,Modèle
50ea1add-c7d3-4425-a695-e49618cf7ffe,Nord
50ea1add-c7d3-4425-a695-e49618cf7ffe,Nordique
50ea1add-c7d3-4425-a695-e49618cf7ffe,Terrain
50ea1add-c7d3-4425-a695-e49618cf7ffe,Topographie
50ea1add-c7d3-4425-a695-e49618cf7ffe,Élévation
35c88555-9160-4b3f-ac67-2c2319650d82,DGIG
35c88555-9160-4b3f-ac67-2c2319650d82,Hypsométrie
35c88555-9160-4b3f-ac67-2c2319650d82,Relief
722bfd5d-408e-4127-8008-121905ee24a5,Altitude
722bfd5d-408e-4127-8008-121905ee24a5,DGIG
722bfd5d-408e-4127-8008-121905ee24a5,MNA
722bfd5d-408e-4127-8008-121905ee24a5,MNT
722bfd5d-408e-4127-8008-121905ee24a5,Relief
722bfd5d-408e-4127-8008-121905ee24a5,Terrain
722bfd5d-408e-4127-8008-121905ee24a5,Élévation
ba2c19ec-e7c5-468b-83df-c5879263c925,Cartographie
ba2c19ec-e7c5-468b-83df-c5879263c925,GRHQ
ba2c19ec-e7c5-468b-83df-c5879263c925,GRHQ-HR
ba2c19ec-e7c5-468b-83df-c5879263c925,Hydrocohérent
ba2c19ec-e7c5-468b-83df-c5879263c925,Hydrographie
ba2c19ec-e7c5-468b-83df-c5879263c925,Hydrologie
ba2c19ec-e7c5-468b-83df-c5879263c925,Hydrologiquement cohérent
ba2c19ec-e7c5-468b-83df-c5879263c925,Lidar
ba2c19ec-e7c5-468b-83df-c5879263c925,MNT-HC
ba2c19ec-e7c5-468b-83df-c5879263c925,Modèles numériques de terrain hydrocohérents
ba2c19ec-e7c5-468b-83df-c5879263c925,Relief
ba2c19ec-e7c5-468b-83df-c5879263c925,Réseau de traçage
ba2c19ec-e7c5-468b-83df-c5879263c925,Réseau géométrique
ba2c19ec-e7c5-468b-83df-c5879263c925,Réseau hydrographique
ba2c19ec-e7c5-468b-83df-c5879263c925,UDH
ba2c19ec-e7c5-468b-83df-c5879263c925,Écoulement
ba2c19ec-e7c5-468b-83df-c5879263c925,Élévation
bfbdeb1d-8398-444b-ad78-ab81f9d14e60,DGIG
bfbdeb1d-8398-444b-ad78-ab81f9d14e60,GRHQ
bfbdeb1d-8398-444b-ad78-ab81f9d14e60,Hydrographie
bfbdeb1d-8398-444b-ad78-ab81f9d14e60,UDH
f8a454d8-f1ce-440d-b009-913795319321,Aérienne
f8a454d8-f1ce-440d-b009-913795319321,Berthierville
f8a454d8-f1ce-440d-b009-913795319321,Chertsey
f8a454d8-f1ce-440d-b009-913795319321,Crabtree
f8a454d8-f1ce-440d-b009-913795319321,D_Autray
f8a454d8-f1ce-440d-b009-913795319321,Entrelacs
f8a454d8-f1ce-440d-b009-913795319321,GeoTIFF
f8a454d8-f1ce-440d-b009-913795319321,Image
f8a454d8-f1ce-440d-b009-913795319321,Imagerie
f8a454d8-f1ce-440d-b009-913795319321,Joliette
f8a454d8-f1ce-440d-b009-913795319321,La Visitation-de-l_Île-Dupas
f8a454d8-f1ce-440d-b009-913795319321,Lanoraie
f8a454d8-f1ce-440d-b009-913795319321,Lavaltrie
f8a454d8-f1ce-440d-b009-913795319321,MRC de D_Autray
f8a454d8-f1ce-440d-b009-913795319321,MRC de Joliette
f8a454d8-f1ce-440d-b009-913795319321,MRC de Matawinie
f8a454d8-f1ce-440d-b009-913795319321,MRC de Montcalm
f8a454d8-f1ce-440d-b009-913795319321,Manawan
f8a454d8-f1ce-440d-b009-913795319321,Mandeville
f8a454d8-f1ce-440d-b009-913795319321,Matawinie
f8a454d8-f1ce-440d-b009-913795319321,Montcalm
f8a454d8-f1ce-440d-b009-913795319321,Mosaïque
f8a454d8-f1ce-440d-b009-913795319321,Notre-Dame-de-Lourdes
f8a454d8-f1ce-440d-b009-913795319321,Notre-Dame-de-la-Merci
f8a454d8-f1ce-440d-b009-913795319321,Notre-Dame-des-Prairies
f8a454d8-f1ce-440d-b009-913795319321,Orthoimage
f8a454d8-f1ce-440d-b009-913795319321,Orthomosaïque
f8a454d8-f1ce-440d-b009-913795319321,Orthophoto
f8a454d8-f1ce-440d-b009-913795319321,Orthorectification
f8a454d8-f1ce-440d-b009-913795319321,Photo
f8a454d8-f1ce-440d-b009-913795319321,Photographie
f8a454d8-f1ce-440d-b009-913795319321,Photographie aérienne
f8a454d8-f1ce-440d-b009-913795319321,Rawdon
f8a454d8-f1ce-440d-b009-913795319321,Saint-Alexis
f8a454d8-f1ce-440d-b009-913795319321,Saint-Alphonse-Rodriguez
f8a454d8-f1ce-440d-b009-913795319321,Saint-Ambroise-de-Kildare
f8a454d8-f1ce-440d-b009-913795319321,Saint-Barthélemy
f8a454d8-f1ce-440d-b009-913795319321,Saint-Calixte
f8a454d8-f1ce-440d-b009-913795319321,Saint-Charles-Borromée
f8a454d8-f1ce-440d-b009-913795319321,Saint-Cléophas-de-Brandon
f8a454d8-f1ce-440d-b009-913795319321,Saint-Cuthbert
f8a454d8-f1ce-440d-b009-913795319321,Saint-Côme
f8a454d8-f1ce-440d-b009-913795319321,Saint-Damien
f8a454d8-f1ce-440d-b009-913795319321,Saint-Didace
f8a454d8-f1ce-440d-b009-913795319321,Saint-Donat
f8a454d8-f1ce-440d-b009-913795319321,Saint-Esprit
f8a454d8-f1ce-440d-b009-913795319321,Saint-Félix-de-Valois
f8a454d8-f1ce-440d-b009-913795319321,Saint-Gabriel
f8a454d8-f1ce-440d-b009-913795319321,Saint-Gabriel-de-Brandon
f8a454d8-f1ce-440d-b009-913795319321,Saint-Ignace-de-Loyola
f8a454d8-f1ce-440d-b009-913795319321,Saint-Jacques
f8a454d8-f1ce-440d-b009-913795319321,Saint-Jean-de-Matha
f8a454d8-f1ce-440d-b009-913795319321,Saint-Liguori
f8a454d8-f1ce-440d-b009-913795319321,Saint-Lin-Laurentides
f8a454d8-f1ce-440d-b009-913795319321,Saint-Michel-des-Saints
f8a454d8-f1ce-440d-b009-913795319321,Saint-Norbert
f8a454d8-f1ce-440d-b009-913795319321,Saint-Paul
f8a454d8-f1ce-440d-b009-913795319321,Saint-Pierre
f8a454d8-f1ce-440d-b009-913795319321,Saint-Roch-Ouest
f8a454d8-f1ce-440d-b009-913795319321,Saint-Roch-de-l_Achigan
f8a454d8-f1ce-440d-b009-913795319321,Saint-Thomas
f8a454d8-f1ce-440d-b009-913795319321,Saint-Zénon
f8a454d8-f1ce-440d-b009-913795319321,Sainte-Béatrix
f8a454d8-f1ce-440d-b009-913795319321,Sainte-Geneviève-de-Berthier
f8a454d8-f1ce-440d-b009-913795319321,Sainte-Julienne
f8a454d8-f1ce-440d-b009-913795319321,Sainte-Marcelline-de-Kildare
f8a454d8-f1ce-440d-b009-913795319321,Sainte-Marie-Salomé
f8a454d8-f1ce-440d-b009-913795319321,Sainte-Mélanie
f8a454d8-f1ce-440d-b009-913795319321,Sainte-Élisabeth
f8a454d8-f1ce-440d-b009-913795319321,Sainte-Émélie-de-l_Énergie
172e08c8-b25b-4f45-a191-48e960bdfc38,Aérienne
172e08c8-b25b-4f45-a191-48e960bdfc38,GeoTIFF
172e08c8-b25b-4f45-a191-48e960bdfc38,Image
172e08c8-b25b-4f45-a191-48e960bdfc38,Imagerie
172e08c8-b25b-4f45-a191-48e960bdfc38,JP2
172e08c8-b25b-4f45-a191-48e960bdfc38,JPEG2000
172e08c8-b25b-4f45-a191-48e960bdfc38,Mosaïque
172e08c8-b25b-4f45-a191-48e960bdfc38,Orthoimage
172e08c8-b25b-4f45-a191-48e960bdfc38,Orthomosaïque
172e08c8-b25b-4f45-a191-48e960bdfc38,Orthophoto
172e08c8-b25b-4f45-a191-48e960bdfc38,Orthorectification
172e08c8-b25b-4f45-a191-48e960bdfc38,Photo
172e08c8-b25b-4f45-a191-48e960bdfc38,Photographie
39d94a43-4b6c-4423-930b-4bfdfd1e6b63,Crue
39d94a43-4b6c-4423-930b-4bfdfd1e6b63,Crue printanière
39d94a43-4b6c-4423-930b-4bfdfd1e6b63,Débit
39d94a43-4b6c-4423-930b-4bfdfd1e6b63,Eau
39d94a43-4b6c-4423-930b-4bfdfd1e6b63,Hydrologie de surface
39d94a43-4b6c-4423-930b-4bfdfd1e6b63,Inondation
39d94a43-4b6c-4423-930b-4bfdfd1e6b63,Modèle hydrologique
39d94a43-4b6c-4423-930b-4bfdfd1e6b63,Niveau
39d94a43-4b6c-4423-930b-4bfdfd1e6b63,Prévision hydrologique
39d94a43-4b6c-4423-930b-4bfdfd1e6b63,Québec méridional
39d94a43-4b6c-4423-930b-4bfdfd1e6b63,Rivière
39d94a43-4b6c-4423-930b-4bfdfd1e6b63,Station hydrométrique
39d94a43-4b6c-4423-930b-4bfdfd1e6b63,Étiage
02c6e042-c3a4-491d-a9e4-501308548a8e,Donnée horaire
02c6e042-c3a4-491d-a9e4-501308548a8e,Mesure météorologique
02c6e042-c3a4-491d-a9e4-501308548a8e,Neige
02c6e042-c3a4-491d-a9e4-501308548a8e,Pluie
02c6e042-c3a4-491d-a9e4-501308548a8e,Précipitation
02c6e042-c3a4-491d-a9e4-501308548a8e,Station météorologique
02c6e042-c3a4-491d-a9e4-501308548a8e,Température
02c6e042-c3a4-491d-a9e4-501308548a8e,Vent
8d80e377-c030-412d-923a-1755dd62ff4c,Contaminant
8d80e377-c030-412d-923a-1755dd62ff4c,Contamination
8d80e377-c030-412d-923a-1755dd62ff4c,Eau souterraine
8d80e377-c030-412d-923a-1755dd62ff4c,HackQC18
8d80e377-c030-412d-923a-1755dd62ff4c,HackQC19
8d80e377-c030-412d-923a-1755dd62ff4c,HackQC22
8d80e377-c030-412d-923a-1755dd62ff4c,Repère GTC
8d80e377-c030-412d-923a-1755dd62ff4c,Réhabilitation
8d80e377-c030-412d-923a-1755dd62ff4c,Sol
8d80e377-c030-412d-923a-1755dd62ff4c,Suivi environnemental
8d80e377-c030-412d-923a-1755dd62ff4c,Système GTC
d9564fe0-6d50-4f89-b12e-47a461e1f68e,Autorisation
d9564fe0-6d50-4f89-b12e-47a461e1f68e,Eau
d9564fe0-6d50-4f89-b12e-47a461e1f68e,LQE
d9564fe0-6d50-4f89-b12e-47a461e1f68e,Prélèvements
d9564fe0-6d50-4f89-b12e-47a461e1f68e,Q2
d9564fe0-6d50-4f89-b12e-47a461e1f68e,RPEP
d9564fe0-6d50-4f89-b12e-47a461e1f68e,Volume autorisé
2a0df569-5b31-49ea-a558-89b3e4c933d6,Caractéristiques des puits
2a0df569-5b31-49ea-a558-89b3e4c933d6,Eau souterraine
2a0df569-5b31-49ea-a558-89b3e4c933d6,Forage
2a0df569-5b31-49ea-a558-89b3e4c933d6,HackQC22
2a0df569-5b31-49ea-a558-89b3e4c933d6,Hydrogéologie
2a0df569-5b31-49ea-a558-89b3e4c933d6,Installation de puits
2a0df569-5b31-49ea-a558-89b3e4c933d6,Prélèvement eau
2a0df569-5b31-49ea-a558-89b3e4c933d6,Puisatiers
2a0df569-5b31-49ea-a558-89b3e4c933d6,Puits
2a0df569-5b31-49ea-a558-89b3e4c933d6,Ressources en eau
2a0df569-5b31-49ea-a558-89b3e4c933d6,SIH
d1d4ea08-a533-4447-9144-89e091f02e20,Biodiversité
d1d4ea08-a533-4447-9144-89e091f02e20,CDPNQ
d1d4ea08-a533-4447-9144-89e091f02e20,Centre de données sur le patrimoine naturel du Québec
d1d4ea08-a533-4447-9144-89e091f02e20,Espèce en péril
d1d4ea08-a533-4447-9144-89e091f02e20,Espèce en situation préoccupante
d1d4ea08-a533-4447-9144-89e091f02e20,Espèce menacée
d1d4ea08-a533-4447-9144-89e091f02e20,Espèce protégée
d1d4ea08-a533-4447-9144-89e091f02e20,Espèce vulnérable
d1d4ea08-a533-4447-9144-89e091f02e20,HackQC22
40af76ee-c690-4506-a01e-cce862e121ec,Agriculteur
40af76ee-c690-4506-a01e-cce862e121ec,Aménagiste forestier
40af76ee-c690-4506-a01e-cce862e121ec,Attestation de réussite
40af76ee-c690-4506-a01e-cce862e121ec,Aéronef
40af76ee-c690-4506-a01e-cce862e121ec,Baccalauréat
40af76ee-c690-4506-a01e-cce862e121ec,Biocide
40af76ee-c690-4506-a01e-cce862e121ec,Bulletin
40af76ee-c690-4506-a01e-cce862e121ec,Bâtiment
40af76ee-c690-4506-a01e-cce862e121ec,Catégorie
40af76ee-c690-4506-a01e-cce862e121ec,Certificat
40af76ee-c690-4506-a01e-cce862e121ec,Compétence
40af76ee-c690-4506-a01e-cce862e121ec,Cours
40af76ee-c690-4506-a01e-cce862e121ec,Cégep
40af76ee-c690-4506-a01e-cce862e121ec,Diplôme
40af76ee-c690-4506-a01e-cce862e121ec,Drone
40af76ee-c690-4506-a01e-cce862e121ec,Enrobage de semences
40af76ee-c690-4506-a01e-cce862e121ec,Espace vert
40af76ee-c690-4506-a01e-cce862e121ec,Formation professionnelle
40af76ee-c690-4506-a01e-cce862e121ec,Formation technique
40af76ee-c690-4506-a01e-cce862e121ec,Fumigation
40af76ee-c690-4506-a01e-cce862e121ec,Gestion parasitaire
40af76ee-c690-4506-a01e-cce862e121ec,Horticulture
40af76ee-c690-4506-a01e-cce862e121ec,Insecte piqueur
40af76ee-c690-4506-a01e-cce862e121ec,Milieu aquatique
40af76ee-c690-4506-a01e-cce862e121ec,Milieu forestier
40af76ee-c690-4506-a01e-cce862e121ec,Producteur agricole
40af76ee-c690-4506-a01e-cce862e121ec,Producteur forestier
40af76ee-c690-4506-a01e-cce862e121ec,Produit phytosanitaire
40af76ee-c690-4506-a01e-cce862e121ec,Préservateur du bois
40af76ee-c690-4506-a01e-cce862e121ec,Semences enrobées
40af76ee-c690-4506-a01e-cce862e121ec,Serre forestière
40af76ee-c690-4506-a01e-cce862e121ec,Sous-catégorie
40af76ee-c690-4506-a01e-cce862e121ec,Terrain de golf
40af76ee-c690-4506-a01e-cce862e121ec,Terrain inculte
40af76ee-c690-4506-a01e-cce862e121ec,Terre cultivée
40af76ee-c690-4506-a01e-cce862e121ec,Université
40af76ee-c690-4506-a01e-cce862e121ec,Vente
40af76ee-c690-4506-a01e-cce862e121ec,Vente au détail
40af76ee-c690-4506-a01e-cce862e121ec,Vente en gros
40af76ee-c690-4506-a01e-cce862e121ec,Études collégiales
40af76ee-c690-4506-a01e-cce862e121ec,Études professionnelles
40af76ee-c690-4506-a01e-cce862e121ec,Études universitaires
f52f4792-4c46-48cb-8073-d10d0faaeaef,Climat
f52f4792-4c46-48cb-8073-d10d0faaeaef,Normale
f52f4792-4c46-48cb-8073-d10d0faaeaef,Normale climatique
f52f4792-4c46-48cb-8073-d10d0faaeaef,Précipitation
f52f4792-4c46-48cb-8073-d10d0faaeaef,Température
5f3f1ffd-ce4a-4637-9daf-a00bad2637b3,Contrevenant
5f3f1ffd-ce4a-4637-9daf-a00bad2637b3,Opérations suspendues
5f3f1ffd-ce4a-4637-9daf-a00bad2637b3,Permis suspendu
515374ee-ce34-464f-9875-7d1af3fa9b2a,Alimentation
515374ee-ce34-464f-9875-7d1af3fa9b2a,Condamnation
515374ee-ce34-464f-9875-7d1af3fa9b2a,Restaurant
515374ee-ce34-464f-9875-7d1af3fa9b2a,Santé animale
515374ee-ce34-464f-9875-7d1af3fa9b2a,Établissement de restauration
49ab4c18-843f-46c3-8b2c-9e6901808b10,Alimentation
49ab4c18-843f-46c3-8b2c-9e6901808b10,Commerce de détail
49ab4c18-843f-46c3-8b2c-9e6901808b10,Inspection des aliments
49ab4c18-843f-46c3-8b2c-9e6901808b10,établissement de restauration
52fac8e2-9e96-4e63-82a8-2bc921ed51fa,Genre
52fac8e2-9e96-4e63-82a8-2bc921ed51fa,Membre
52fac8e2-9e96-4e63-82a8-2bc921ed51fa,Ordre professionnel
52fac8e2-9e96-4e63-82a8-2bc921ed51fa,Région administrative
52fac8e2-9e96-4e63-82a8-2bc921ed51fa,Statistique
39d056da-026e-45e0-b9c2-79a43d4ddc5b,Aérienne
39d056da-026e-45e0-b9c2-79a43d4ddc5b,Cap-Santé
39d056da-026e-45e0-b9c2-79a43d4ddc5b,Deschambault-Grondines
39d056da-026e-45e0-b9c2-79a43d4ddc5b,Donnacona
39d056da-026e-45e0-b9c2-79a43d4ddc5b,GeoTIFF
39d056da-026e-45e0-b9c2-79a43d4ddc5b,Lac-Sergent
39d056da-026e-45e0-b9c2-79a43d4ddc5b,MRC de La Jacques-Cartier
39d056da-026e-45e0-b9c2-79a43d4ddc5b,MRC de Portneuf
39d056da-026e-45e0-b9c2-79a43d4ddc5b,Mosaïque
39d056da-026e-45e0-b9c2-79a43d4ddc5b,Neuville
39d056da-026e-45e0-b9c2-79a43d4ddc5b,Orthophoto
39d056da-026e-45e0-b9c2-79a43d4ddc5b,Photographie
39d056da-026e-45e0-b9c2-79a43d4ddc5b,Photographie aérienne
39d056da-026e-45e0-b9c2-79a43d4ddc5b,Pont-Rouge
39d056da-026e-45e0-b9c2-79a43d4ddc5b,Portneuf
39d056da-026e-45e0-b9c2-79a43d4ddc5b,Rivière-à-Pierre
39d056da-026e-45e0-b9c2-79a43d4ddc5b,Réserve faunique de Portneuf
39d056da-026e-45e0-b9c2-79a43d4ddc5b,Saint-Alban
39d056da-026e-45e0-b9c2-79a43d4ddc5b,Saint-Basile
39d056da-026e-45e0-b9c2-79a43d4ddc5b,Saint-Casimir
39d056da-026e-45e0-b9c2-79a43d4ddc5b,Saint-Gabriel-de-Valcartier
39d056da-026e-45e0-b9c2-79a43d4ddc5b,Saint-Gilbert
39d056da-026e-45e0-b9c2-79a43d4ddc5b,Saint-Léonard-de-Portneuf
39d056da-026e-45e0-b9c2-79a43d4ddc5b,Saint-Marc-des-Carrières
39d056da-026e-45e0-b9c2-79a43d4ddc5b,Saint-Raymond
39d056da-026e-45e0-b9c2-79a43d4ddc5b,Saint-Ubalde
39d056da-026e-45e0-b9c2-79a43d4ddc5b,Sainte-Christine-dAuvergne
39d056da-026e-45e0-b9c2-79a43d4ddc5b,Stoneham-et-Tewkesbury
39d056da-026e-45e0-b9c2-79a43d4ddc5b,TNO Lac-Blanc
39d056da-026e-45e0-b9c2-79a43d4ddc5b,TNO Lac-Lapeyrère
39d056da-026e-45e0-b9c2-79a43d4ddc5b,TNO Linton
39d056da-026e-45e0-b9c2-79a43d4ddc5b,TNO du Lac-Croche
39d056da-026e-45e0-b9c2-79a43d4ddc5b,ZEC Batiscan-Neilson
39d056da-026e-45e0-b9c2-79a43d4ddc5b,ZEC de la Rivière-Blanche
6718be69-b5b6-42f4-909b-2b37c01a0ef0,Caméra de circulation
6718be69-b5b6-42f4-909b-2b37c01a0ef0,Constat
6718be69-b5b6-42f4-909b-2b37c01a0ef0,Radar photographique
6cd041e3-902c-469e-a863-e54f4df966f2,Limite
6cd041e3-902c-469e-a863-e54f4df966f2,Municipal
6cd041e3-902c-469e-a863-e54f4df966f2,Urbanisme
6cd041e3-902c-469e-a863-e54f4df966f2,Usage
6cd041e3-902c-469e-a863-e54f4df966f2,Zonage
6cd041e3-902c-469e-a863-e54f4df966f2,Zone
9af70bad-661f-4305-92fb-a7f74dad923d,Base
9af70bad-661f-4305-92fb-a7f74dad923d,Compensation
9af70bad-661f-4305-92fb-a7f74dad923d,GPS
9af70bad-661f-4305-92fb-a7f74dad923d,Lévis
9af70bad-661f-4305-92fb-a7f74dad923d,RINEX
527944ae-893d-41ac-8255-340fb1c2c83b,Borne
527944ae-893d-41ac-8255-340fb1c2c83b,Fontaine
527944ae-893d-41ac-8255-340fb1c2c83b,Incendie
527944ae-893d-41ac-8255-340fb1c2c83b,Poteau
1f1783de-4dec-42e6-a0fe-009032da520f,Chemin
1f1783de-4dec-42e6-a0fe-009032da520f,Odonyme
1f1783de-4dec-42e6-a0fe-009032da520f,Route
1f1783de-4dec-42e6-a0fe-009032da520f,Rue
1f1783de-4dec-42e6-a0fe-009032da520f,Réseau routier
1f1783de-4dec-42e6-a0fe-009032da520f,Toponyme
1f1783de-4dec-42e6-a0fe-009032da520f,Transport
1f1783de-4dec-42e6-a0fe-009032da520f,Voie de communication
328dd2ea-7270-4730-a57f-eddf868da4e0,Bicyclette
328dd2ea-7270-4730-a57f-eddf868da4e0,Cyclisme
328dd2ea-7270-4730-a57f-eddf868da4e0,Cycliste
328dd2ea-7270-4730-a57f-eddf868da4e0,Piste
328dd2ea-7270-4730-a57f-eddf868da4e0,Piste cyclable
328dd2ea-7270-4730-a57f-eddf868da4e0,Pistes
328dd2ea-7270-4730-a57f-eddf868da4e0,Pistes cyclables
328dd2ea-7270-4730-a57f-eddf868da4e0,Vélo
c7811bb5-ed56-4356-a574-7b32193f990d,Adresse ponctuelle
c7811bb5-ed56-4356-a574-7b32193f990d,adresse
c7811bb5-ed56-4356-a574-7b32193f990d,civique
c7811bb5-ed56-4356-a574-7b32193f990d,immeuble
c7811bb5-ed56-4356-a574-7b32193f990d,norme
c7811bb5-ed56-4356-a574-7b32193f990d,numéro civique
c7811bb5-ed56-4356-a574-7b32193f990d,point
c7811bb5-ed56-4356-a574-7b32193f990d,ponctuelle
b4d90949-8fda-4aa1-b917-b1370a0be86d,Conservation
b4d90949-8fda-4aa1-b917-b1370a0be86d,Environnement
b4d90949-8fda-4aa1-b917-b1370a0be86d,Humide
b4d90949-8fda-4aa1-b917-b1370a0be86d,Hydrographie
b4d90949-8fda-4aa1-b917-b1370a0be86d,Marais
b4d90949-8fda-4aa1-b917-b1370a0be86d,Marécage
b4d90949-8fda-4aa1-b917-b1370a0be86d,Milieu humide
b4d90949-8fda-4aa1-b917-b1370a0be86d,Milieu naturel
b4d90949-8fda-4aa1-b917-b1370a0be86d,Règlement
b4d90949-8fda-4aa1-b917-b1370a0be86d,Règlement de contrôle intérimaire
b4d90949-8fda-4aa1-b917-b1370a0be86d,Tourbière
b4d90949-8fda-4aa1-b917-b1370a0be86d,Écosystème
b4d90949-8fda-4aa1-b917-b1370a0be86d,Étang
2a3035b1-ed73-4882-a5b5-b60e0c2e088f,Eau
2a3035b1-ed73-4882-a5b5-b60e0c2e088f,Environnement
2a3035b1-ed73-4882-a5b5-b60e0c2e088f,Humide
2a3035b1-ed73-4882-a5b5-b60e0c2e088f,Hydrique
2a3035b1-ed73-4882-a5b5-b60e0c2e088f,Hydrographie
2a3035b1-ed73-4882-a5b5-b60e0c2e088f,Marais
2a3035b1-ed73-4882-a5b5-b60e0c2e088f,Marécage
2a3035b1-ed73-4882-a5b5-b60e0c2e088f,Milieu
2a3035b1-ed73-4882-a5b5-b60e0c2e088f,Protection
2a3035b1-ed73-4882-a5b5-b60e0c2e088f,Tourbière
2a3035b1-ed73-4882-a5b5-b60e0c2e088f,Écosystème
2a3035b1-ed73-4882-a5b5-b60e0c2e088f,Étang
0f9b6c91-579c-4c5d-a5bf-64c3bc5f0d0a,CMQ
0f9b6c91-579c-4c5d-a5bf-64c3bc5f0d0a,Couverture des sols
0f9b6c91-579c-4c5d-a5bf-64c3bc5f0d0a,Couverture du sol
0f9b6c91-579c-4c5d-a5bf-64c3bc5f0d0a,Ia
0f9b6c91-579c-4c5d-a5bf-64c3bc5f0d0a,Imagerie aérienne
0f9b6c91-579c-4c5d-a5bf-64c3bc5f0d0a,Intelligence artificielle
0f9b6c91-579c-4c5d-a5bf-64c3bc5f0d0a,Télédection
99e91bc6-d039-4713-8c03-730901de765d,Arbre
99e91bc6-d039-4713-8c03-730901de765d,Canopée
99e91bc6-d039-4713-8c03-730901de765d,Ia
99e91bc6-d039-4713-8c03-730901de765d,Intelligence artificielle
99e91bc6-d039-4713-8c03-730901de765d,Télédétection
99e91bc6-d039-4713-8c03-730901de765d,Végétation
e00bd5e8-c99c-460a-9a48-1d8e1215fa4f,Arbustres
e00bd5e8-c99c-460a-9a48-1d8e1215fa4f,Gazon
e00bd5e8-c99c-460a-9a48-1d8e1215fa4f,Herbacée
e00bd5e8-c99c-460a-9a48-1d8e1215fa4f,Ia
e00bd5e8-c99c-460a-9a48-1d8e1215fa4f,Imagerie aérienne
e00bd5e8-c99c-460a-9a48-1d8e1215fa4f,Intelligence artificielle
e00bd5e8-c99c-460a-9a48-1d8e1215fa4f,Pelouse
e00bd5e8-c99c-460a-9a48-1d8e1215fa4f,Télédétection
5b25baa1-e89c-41cb-8fa6-0c5a88377207,CMQ
5b25baa1-e89c-41cb-8fa6-0c5a88377207,CMQuebec
5b25baa1-e89c-41cb-8fa6-0c5a88377207,Couverture des sols
5b25baa1-e89c-41cb-8fa6-0c5a88377207,Environnement
5b25baa1-e89c-41cb-8fa6-0c5a88377207,Hydrologie
5b25baa1-e89c-41cb-8fa6-0c5a88377207,IA
5b25baa1-e89c-41cb-8fa6-0c5a88377207,Imperméabilisation
5b25baa1-e89c-41cb-8fa6-0c5a88377207,Imperméabilité
5b25baa1-e89c-41cb-8fa6-0c5a88377207,Indicateur
5b25baa1-e89c-41cb-8fa6-0c5a88377207,Intelligence artificielle
5b25baa1-e89c-41cb-8fa6-0c5a88377207,Télédétection
5b25baa1-e89c-41cb-8fa6-0c5a88377207,imagerie aérienne
33a72ee0-4af3-4d76-8a13-0338e10cdaeb,Culture
33a72ee0-4af3-4d76-8a13-0338e10cdaeb,Patrimoine culturel
33a72ee0-4af3-4d76-8a13-0338e10cdaeb,Patrimoine immobilier
33a72ee0-4af3-4d76-8a13-0338e10cdaeb,Protection du patrimoine
b35078ae-f1a6-4f9a-a9d2-b00244ae1e84,Culture
b35078ae-f1a6-4f9a-a9d2-b00244ae1e84,Patrimoine culturel
b35078ae-f1a6-4f9a-a9d2-b00244ae1e84,Patrimoine immobilier
b35078ae-f1a6-4f9a-a9d2-b00244ae1e84,Protection du patrimoine
578d182d-4897-4c11-aa7f-ee0cfed222a0,Culture
578d182d-4897-4c11-aa7f-ee0cfed222a0,Patrimoine culturel
578d182d-4897-4c11-aa7f-ee0cfed222a0,Patrimoine immobilier
578d182d-4897-4c11-aa7f-ee0cfed222a0,Protection du patrimoine
39308c05-abee-4197-9081-eae1d3ed9bfc,Arts cinématographiques
39308c05-abee-4197-9081-eae1d3ed9bfc,Catégories de classement
39308c05-abee-4197-9081-eae1d3ed9bfc,Classement de film
39308c05-abee-4197-9081-eae1d3ed9bfc,Classement de long-métrage
39308c05-abee-4197-9081-eae1d3ed9bfc,Industrie cinématographique
39308c05-abee-4197-9081-eae1d3ed9bfc,Politique de classement québécois
970a2ad6-8b75-4fb2-8a77-e656196fd4af,HackQc24
970a2ad6-8b75-4fb2-8a77-e656196fd4af,Sport
970a2ad6-8b75-4fb2-8a77-e656196fd4af,équipement sportif
b36be5a9-c69d-40b7-b024-f61813cc26f9,HackQc24
b36be5a9-c69d-40b7-b024-f61813cc26f9,abribus
b36be5a9-c69d-40b7-b024-f61813cc26f9,transport actif
b36be5a9-c69d-40b7-b024-f61813cc26f9,transport collectif
5db8415e-89eb-4b5f-a086-692bfb72d929,HackQc24
5db8415e-89eb-4b5f-a086-692bfb72d929,Route
5db8415e-89eb-4b5f-a086-692bfb72d929,Transport
5db8415e-89eb-4b5f-a086-692bfb72d929,infrastructure
5db8415e-89eb-4b5f-a086-692bfb72d929,sécurité routière
62db20af-4e95-46bd-85c0-7a6460f594a6,HackQC22
62db20af-4e95-46bd-85c0-7a6460f594a6,HackQc24
62db20af-4e95-46bd-85c0-7a6460f594a6,Mobilier urbain
62db20af-4e95-46bd-85c0-7a6460f594a6,Monument
62db20af-4e95-46bd-85c0-7a6460f594a6,banc
62db20af-4e95-46bd-85c0-7a6460f594a6,banc public
62db20af-4e95-46bd-85c0-7a6460f594a6,bicyclette
62db20af-4e95-46bd-85c0-7a6460f594a6,poubelle
62db20af-4e95-46bd-85c0-7a6460f594a6,support à vélo
62db20af-4e95-46bd-85c0-7a6460f594a6,table
62db20af-4e95-46bd-85c0-7a6460f594a6,vélo
e1f22119-691d-4fb9-a0fd-b07c3bf0fdbf,HackQc24
e1f22119-691d-4fb9-a0fd-b07c3bf0fdbf,Infrastructure piétonne normé v1
e1f22119-691d-4fb9-a0fd-b07c3bf0fdbf,Piéton
e1f22119-691d-4fb9-a0fd-b07c3bf0fdbf,Transport
e1f22119-691d-4fb9-a0fd-b07c3bf0fdbf,infrastructure
e1f22119-691d-4fb9-a0fd-b07c3bf0fdbf,trottoir
ce94a568-f0c7-45ed-9d7d-da7bc8da28f9,Chaussée
ce94a568-f0c7-45ed-9d7d-da7bc8da28f9,HackQC18
ce94a568-f0c7-45ed-9d7d-da7bc8da28f9,HackQC20
ce94a568-f0c7-45ed-9d7d-da7bc8da28f9,HackQC22
ce94a568-f0c7-45ed-9d7d-da7bc8da28f9,Parc
ce94a568-f0c7-45ed-9d7d-da7bc8da28f9,Piste cyclable
ce94a568-f0c7-45ed-9d7d-da7bc8da28f9,Stationnement
ce94a568-f0c7-45ed-9d7d-da7bc8da28f9,Trottoir
ce94a568-f0c7-45ed-9d7d-da7bc8da28f9,Voirie
c6085f69-652f-4f33-9b0a-89b24d90ccff,Borne incendie
c6085f69-652f-4f33-9b0a-89b24d90ccff,Bornes d incendie normé v1
c6085f69-652f-4f33-9b0a-89b24d90ccff,Eau
c6085f69-652f-4f33-9b0a-89b24d90ccff,HackQC19
c6085f69-652f-4f33-9b0a-89b24d90ccff,HackQC20
c6085f69-652f-4f33-9b0a-89b24d90ccff,Incendie
c6085f69-652f-4f33-9b0a-89b24d90ccff,Pompier
c6085f69-652f-4f33-9b0a-89b24d90ccff,Sécurité publique
c14d1ead-6b64-4088-ba19-37376724f7cd,Batîment
c14d1ead-6b64-4088-ba19-37376724f7cd,HackQC18
c14d1ead-6b64-4088-ba19-37376724f7cd,HackQC19
c14d1ead-6b64-4088-ba19-37376724f7cd,HackQC20
c14d1ead-6b64-4088-ba19-37376724f7cd,HackQC22
c35f0d3a-3451-4977-a910-ca21c13290c6,Eau
c35f0d3a-3451-4977-a910-ca21c13290c6,Hydrographie
c35f0d3a-3451-4977-a910-ca21c13290c6,Rivière
c35f0d3a-3451-4977-a910-ca21c13290c6,Ruisseau
bcc45cfc-bfb3-4afd-b162-eb76dfd4e8a3,Commerçant
bcc45cfc-bfb3-4afd-b162-eb76dfd4e8a3,Consommateur
bcc45cfc-bfb3-4afd-b162-eb76dfd4e8a3,Consommation
bcc45cfc-bfb3-4afd-b162-eb76dfd4e8a3,Justice et droit
bcc45cfc-bfb3-4afd-b162-eb76dfd4e8a3,Plainte
bcc45cfc-bfb3-4afd-b162-eb76dfd4e8a3,Protection du consommateur
ec2a22e2-e026-4248-b3e2-b872f8deac63,Commerçant
ec2a22e2-e026-4248-b3e2-b872f8deac63,Consommateur
ec2a22e2-e026-4248-b3e2-b872f8deac63,Consommation
ec2a22e2-e026-4248-b3e2-b872f8deac63,Infraction
ec2a22e2-e026-4248-b3e2-b872f8deac63,Justice et droit
ec2a22e2-e026-4248-b3e2-b872f8deac63,Plainte
ec2a22e2-e026-4248-b3e2-b872f8deac63,Protection du consommateur
ec2a22e2-e026-4248-b3e2-b872f8deac63,Surveillance
77d205a7-0a5f-443c-acee-c418b13427d9,Consommateur
77d205a7-0a5f-443c-acee-c418b13427d9,Consommation
77d205a7-0a5f-443c-acee-c418b13427d9,Justice et droit
77d205a7-0a5f-443c-acee-c418b13427d9,Médiation
77d205a7-0a5f-443c-acee-c418b13427d9,Parle consommation
77d205a7-0a5f-443c-acee-c418b13427d9,Protection du consommateur
8f071f70-04ed-4ce0-9d88-f3e11e6abeb5,Commerçant
8f071f70-04ed-4ce0-9d88-f3e11e6abeb5,Délivrance
8f071f70-04ed-4ce0-9d88-f3e11e6abeb5,Exemption
8f071f70-04ed-4ce0-9d88-f3e11e6abeb5,Permis
8f071f70-04ed-4ce0-9d88-f3e11e6abeb5,Protection du consommateur
e4489c02-ab55-414b-ba00-efcacd728b49,Matrice graphique
e4489c02-ab55-414b-ba00-efcacd728b49,Matricule
e4489c02-ab55-414b-ba00-efcacd728b49,Nombre d étage
e4489c02-ab55-414b-ba00-efcacd728b49,Nombre de logement
e4489c02-ab55-414b-ba00-efcacd728b49,Rôle foncier
e4489c02-ab55-414b-ba00-efcacd728b49,Superficie
e4489c02-ab55-414b-ba00-efcacd728b49,Unité d évaluation normé v1
e4489c02-ab55-414b-ba00-efcacd728b49,Utilisation
e4489c02-ab55-414b-ba00-efcacd728b49,Évaluation municipale
acf533c5-6f89-4c9b-b2e6-17ed525b4b58,Adresse ponctuelle normé v1
acf533c5-6f89-4c9b-b2e6-17ed525b4b58,Civique
acf533c5-6f89-4c9b-b2e6-17ed525b4b58,HackQC19
acf533c5-6f89-4c9b-b2e6-17ed525b4b58,HackQC20
acf533c5-6f89-4c9b-b2e6-17ed525b4b58,Immeuble
acf533c5-6f89-4c9b-b2e6-17ed525b4b58,Numéro
acf533c5-6f89-4c9b-b2e6-17ed525b4b58,Odonyme
acf533c5-6f89-4c9b-b2e6-17ed525b4b58,Rue
bc58074d-f806-441c-a31d-0329e671c5f1,Avenue
bc58074d-f806-441c-a31d-0329e671c5f1,Boulevard
bc58074d-f806-441c-a31d-0329e671c5f1,Camion
bc58074d-f806-441c-a31d-0329e671c5f1,Camionnage
bc58074d-f806-441c-a31d-0329e671c5f1,Chaussée
bc58074d-f806-441c-a31d-0329e671c5f1,Chemin
bc58074d-f806-441c-a31d-0329e671c5f1,Montée
bc58074d-f806-441c-a31d-0329e671c5f1,Odonyme
bc58074d-f806-441c-a31d-0329e671c5f1,Place
bc58074d-f806-441c-a31d-0329e671c5f1,Rang
bc58074d-f806-441c-a31d-0329e671c5f1,Route
bc58074d-f806-441c-a31d-0329e671c5f1,Rue
bc58074d-f806-441c-a31d-0329e671c5f1,Tronçon
bc58074d-f806-441c-a31d-0329e671c5f1,Voie publique
98b980e8-5e0b-4e37-8da6-3af4a4c2b6fc,Cours deau
98b980e8-5e0b-4e37-8da6-3af4a4c2b6fc,Crique
98b980e8-5e0b-4e37-8da6-3af4a4c2b6fc,Rivière
98b980e8-5e0b-4e37-8da6-3af4a4c2b6fc,Ruisseau
41ae2192-51ec-4e20-9a1a-6dd1ffd43777,Autobus
41ae2192-51ec-4e20-9a1a-6dd1ffd43777,Collectif
41ae2192-51ec-4e20-9a1a-6dd1ffd43777,Commun
41ae2192-51ec-4e20-9a1a-6dd1ffd43777,GTFS
41ae2192-51ec-4e20-9a1a-6dd1ffd43777,Transport
7e359f54-b8d7-45aa-abaa-2f2135ad05f1,Bicyclette
7e359f54-b8d7-45aa-abaa-2f2135ad05f1,Circuit
7e359f54-b8d7-45aa-abaa-2f2135ad05f1,Cyclable
7e359f54-b8d7-45aa-abaa-2f2135ad05f1,Cyclisme
7e359f54-b8d7-45aa-abaa-2f2135ad05f1,Cycliste
7e359f54-b8d7-45aa-abaa-2f2135ad05f1,Déplacement
7e359f54-b8d7-45aa-abaa-2f2135ad05f1,Piste
7e359f54-b8d7-45aa-abaa-2f2135ad05f1,Réseau
7e359f54-b8d7-45aa-abaa-2f2135ad05f1,Vélo
34131db6-ff81-4dac-aa51-c0874f567d0c,aire
34131db6-ff81-4dac-aa51-c0874f567d0c,eau
34131db6-ff81-4dac-aa51-c0874f567d0c,municipal
34131db6-ff81-4dac-aa51-c0874f567d0c,protection
34131db6-ff81-4dac-aa51-c0874f567d0c,prélèvement
34131db6-ff81-4dac-aa51-c0874f567d0c,souterraine
115b18df-0e02-4f99-bbc9-b166b314e6bd,Abri
115b18df-0e02-4f99-bbc9-b166b314e6bd,Arrêt
115b18df-0e02-4f99-bbc9-b166b314e6bd,Autobus
115b18df-0e02-4f99-bbc9-b166b314e6bd,Bus
115b18df-0e02-4f99-bbc9-b166b314e6bd,Collectif
115b18df-0e02-4f99-bbc9-b166b314e6bd,Commun
115b18df-0e02-4f99-bbc9-b166b314e6bd,Transport
298c15b2-a874-4904-9166-3de1999b28f0,Incidents
298c15b2-a874-4904-9166-3de1999b28f0,Métro
298c15b2-a874-4904-9166-3de1999b28f0,STM
298c15b2-a874-4904-9166-3de1999b28f0,Station
a0073997-3a02-4c34-8acf-758a2ee950f4,Arrêt de bus
a0073997-3a02-4c34-8acf-758a2ee950f4,Autobus
a0073997-3a02-4c34-8acf-758a2ee950f4,Bus
a0073997-3a02-4c34-8acf-758a2ee950f4,Métro
a0073997-3a02-4c34-8acf-758a2ee950f4,STM
a0073997-3a02-4c34-8acf-758a2ee950f4,Transport collectif
d0e84ea6-dcd7-4ee0-9370-741a1629bc9f,Kilométrage
d0e84ea6-dcd7-4ee0-9370-741a1629bc9f,Métro
d0e84ea6-dcd7-4ee0-9370-741a1629bc9f,STM
d0e84ea6-dcd7-4ee0-9370-741a1629bc9f,Voiture
434e03f1-c0c2-4758-87e3-3b96b0586c4c,Kilométrage
434e03f1-c0c2-4758-87e3-3b96b0586c4c,Métro
434e03f1-c0c2-4758-87e3-3b96b0586c4c,STM
5f691baf-0933-43fd-a715-1def37d029a6,Autobus
5f691baf-0933-43fd-a715-1def37d029a6,Bus
5f691baf-0933-43fd-a715-1def37d029a6,GTFS
5f691baf-0933-43fd-a715-1def37d029a6,Métro
5f691baf-0933-43fd-a715-1def37d029a6,PoleARTM
5f691baf-0933-43fd-a715-1def37d029a6,STM
5f691baf-0933-43fd-a715-1def37d029a6,Transport collectif
2dbd02de-1d00-42fd-9935-d6e0a303b9fa,Kilométrage
2dbd02de-1d00-42fd-9935-d6e0a303b9fa,Métro
2dbd02de-1d00-42fd-9935-d6e0a303b9fa,Planifié
2dbd02de-1d00-42fd-9935-d6e0a303b9fa,STM
1bcf0d8e-d67b-4291-8393-70621b0f5400,Autobus
1bcf0d8e-d67b-4291-8393-70621b0f5400,Bus
1bcf0d8e-d67b-4291-8393-70621b0f5400,GTFS
1bcf0d8e-d67b-4291-8393-70621b0f5400,Real-time
1bcf0d8e-d67b-4291-8393-70621b0f5400,STM
1bcf0d8e-d67b-4291-8393-70621b0f5400,Temps réel
1bcf0d8e-d67b-4291-8393-70621b0f5400,Transport collectif
1bcf0d8e-d67b-4291-8393-70621b0f5400,iBUS
428fc380-dff4-4bf7-913d-3d719ecdff00,Acquisition
428fc380-dff4-4bf7-913d-3d719ecdff00,Activité culturelle
428fc380-dff4-4bf7-913d-3d719ecdff00,Art contemporain
428fc380-dff4-4bf7-913d-3d719ecdff00,Artiste
428fc380-dff4-4bf7-913d-3d719ecdff00,Arts visuels
428fc380-dff4-4bf7-913d-3d719ecdff00,Collection
428fc380-dff4-4bf7-913d-3d719ecdff00,Collection muséale
428fc380-dff4-4bf7-913d-3d719ecdff00,Conférence
428fc380-dff4-4bf7-913d-3d719ecdff00,Domaine public
428fc380-dff4-4bf7-913d-3d719ecdff00,Débat
428fc380-dff4-4bf7-913d-3d719ecdff00,Institution muséale
428fc380-dff4-4bf7-913d-3d719ecdff00,Montréal
428fc380-dff4-4bf7-913d-3d719ecdff00,Musée
428fc380-dff4-4bf7-913d-3d719ecdff00,Oeuvres
428fc380-dff4-4bf7-913d-3d719ecdff00,Patrimoine
428fc380-dff4-4bf7-913d-3d719ecdff00,Rencontre
428fc380-dff4-4bf7-913d-3d719ecdff00,Société
428fc380-dff4-4bf7-913d-3d719ecdff00,Événement
6820a235-2658-4453-8a88-2d29618a4457,Acquisition
6820a235-2658-4453-8a88-2d29618a4457,Activité culturelle
6820a235-2658-4453-8a88-2d29618a4457,Art contemporain
6820a235-2658-4453-8a88-2d29618a4457,Artiste
6820a235-2658-4453-8a88-2d29618a4457,Arts visuels
6820a235-2658-4453-8a88-2d29618a4457,Collection
6820a235-2658-4453-8a88-2d29618a4457,Collection muséale
6820a235-2658-4453-8a88-2d29618a4457,Conférence
6820a235-2658-4453-8a88-2d29618a4457,Domaine public
6820a235-2658-4453-8a88-2d29618a4457,Débat
6820a235-2658-4453-8a88-2d29618a4457,Institution muséale
6820a235-2658-4453-8a88-2d29618a4457,Montréal
6820a235-2658-4453-8a88-2d29618a4457,Musée
6820a235-2658-4453-8a88-2d29618a4457,Oeuvres
6820a235-2658-4453-8a88-2d29618a4457,Patrimoine
6820a235-2658-4453-8a88-2d29618a4457,Rencontre
6820a235-2658-4453-8a88-2d29618a4457,Société
6820a235-2658-4453-8a88-2d29618a4457,Événement
3b475449-f7e0-4f68-b9e8-933dda1916d0,Acquisition
3b475449-f7e0-4f68-b9e8-933dda1916d0,Activité culturelle
3b475449-f7e0-4f68-b9e8-933dda1916d0,Archives
3b475449-f7e0-4f68-b9e8-933dda1916d0,Art
3b475449-f7e0-4f68-b9e8-933dda1916d0,Art actuel
3b475449-f7e0-4f68-b9e8-933dda1916d0,Art contemporain
3b475449-f7e0-4f68-b9e8-933dda1916d0,Artiste
3b475449-f7e0-4f68-b9e8-933dda1916d0,Arts visuels
3b475449-f7e0-4f68-b9e8-933dda1916d0,Catalogue
3b475449-f7e0-4f68-b9e8-933dda1916d0,Collection
3b475449-f7e0-4f68-b9e8-933dda1916d0,Collection muséale
3b475449-f7e0-4f68-b9e8-933dda1916d0,Conférence
3b475449-f7e0-4f68-b9e8-933dda1916d0,Contemporain
3b475449-f7e0-4f68-b9e8-933dda1916d0,Culture
3b475449-f7e0-4f68-b9e8-933dda1916d0,Culturel
3b475449-f7e0-4f68-b9e8-933dda1916d0,Débat
3b475449-f7e0-4f68-b9e8-933dda1916d0,Exposition
3b475449-f7e0-4f68-b9e8-933dda1916d0,Histoire
3b475449-f7e0-4f68-b9e8-933dda1916d0,Institution muséale
3b475449-f7e0-4f68-b9e8-933dda1916d0,Matériaux
3b475449-f7e0-4f68-b9e8-933dda1916d0,Montréal
3b475449-f7e0-4f68-b9e8-933dda1916d0,Musée
3b475449-f7e0-4f68-b9e8-933dda1916d0,Muséologie
3b475449-f7e0-4f68-b9e8-933dda1916d0,Nouveaux médias
3b475449-f7e0-4f68-b9e8-933dda1916d0,Oeuvre
3b475449-f7e0-4f68-b9e8-933dda1916d0,Patrimoine
3b475449-f7e0-4f68-b9e8-933dda1916d0,Performance
3b475449-f7e0-4f68-b9e8-933dda1916d0,Prestation
3b475449-f7e0-4f68-b9e8-933dda1916d0,Publication
3b475449-f7e0-4f68-b9e8-933dda1916d0,Rencontre
3b475449-f7e0-4f68-b9e8-933dda1916d0,Société
3b475449-f7e0-4f68-b9e8-933dda1916d0,Tourisme
3b475449-f7e0-4f68-b9e8-933dda1916d0,Vidéo
3b475449-f7e0-4f68-b9e8-933dda1916d0,Événement
02bdd89e-fe1e-49b0-abb5-011cbf24ac27,Protection du territoire agricole
27ad6922-03a9-42ca-b11d-eef63537cc5a,Division administrative
27ad6922-03a9-42ca-b11d-eef63537cc5a,Protection du territoire agricole
27ad6922-03a9-42ca-b11d-eef63537cc5a,Territoire
27ad6922-03a9-42ca-b11d-eef63537cc5a,Zonage agricole
69a93783-00a4-4b6b-b57e-c23567f8d9d6,Protection du territoire agricole
69a93783-00a4-4b6b-b57e-c23567f8d9d6,Zonage agricole
20673c5c-f672-4387-ae9d-378ac6fa8be0,Agglomération
20673c5c-f672-4387-ae9d-378ac6fa8be0,Communautés métropolitaines
20673c5c-f672-4387-ae9d-378ac6fa8be0,Comptabilité publique
20673c5c-f672-4387-ae9d-378ac6fa8be0,Données prévisionnelles
20673c5c-f672-4387-ae9d-378ac6fa8be0,Formulaire financier
20673c5c-f672-4387-ae9d-378ac6fa8be0,MRC
20673c5c-f672-4387-ae9d-378ac6fa8be0,Municipale
20673c5c-f672-4387-ae9d-378ac6fa8be0,Municipalité locale
20673c5c-f672-4387-ae9d-378ac6fa8be0,Organisme
20673c5c-f672-4387-ae9d-378ac6fa8be0,Organismes publics de transport
20673c5c-f672-4387-ae9d-378ac6fa8be0,Rapport financier
20673c5c-f672-4387-ae9d-378ac6fa8be0,Régies intermunicipales
20673c5c-f672-4387-ae9d-378ac6fa8be0,Ville
b34de345-5bfe-4db2-a714-ed239a0c0b81,Municipalité
b34de345-5bfe-4db2-a714-ed239a0c0b81,Profil Financier
b34de345-5bfe-4db2-a714-ed239a0c0b81,Profil financier 2023
b34de345-5bfe-4db2-a714-ed239a0c0b81,Ville
a8a678b0-875f-4607-b347-009a5096ff45,Administration régionale
a8a678b0-875f-4607-b347-009a5096ff45,Arrondissement
a8a678b0-875f-4607-b347-009a5096ff45,Communauté métropolitaine
a8a678b0-875f-4607-b347-009a5096ff45,Coordonnée
a8a678b0-875f-4607-b347-009a5096ff45,Mrc
a8a678b0-875f-4607-b347-009a5096ff45,Municipalité
a8a678b0-875f-4607-b347-009a5096ff45,Municipalité régionale de comté
a8a678b0-875f-4607-b347-009a5096ff45,Répertoire
061c8cb7-ca4e-45be-a990-61fce7e7d2dc,Foncier
061c8cb7-ca4e-45be-a990-61fce7e7d2dc,Municipale
061c8cb7-ca4e-45be-a990-61fce7e7d2dc,Municipalités
061c8cb7-ca4e-45be-a990-61fce7e7d2dc,Rôle
061c8cb7-ca4e-45be-a990-61fce7e7d2dc,Taxation
061c8cb7-ca4e-45be-a990-61fce7e7d2dc,Évaluation
5f28e8ba-a1c0-417f-94d2-2344e938f4f4,Capacité fiscale
5f28e8ba-a1c0-417f-94d2-2344e938f4f4,Foncière
5f28e8ba-a1c0-417f-94d2-2344e938f4f4,Municipalité locale
5f28e8ba-a1c0-417f-94d2-2344e938f4f4,Organismes municipaux
5f28e8ba-a1c0-417f-94d2-2344e938f4f4,Potentiel fiscal
5f28e8ba-a1c0-417f-94d2-2344e938f4f4,RFU
5f28e8ba-a1c0-417f-94d2-2344e938f4f4,Richesse
5f28e8ba-a1c0-417f-94d2-2344e938f4f4,Richesse Foncière
5f28e8ba-a1c0-417f-94d2-2344e938f4f4,Taxation municipale
5f28e8ba-a1c0-417f-94d2-2344e938f4f4,Ville
648535fc-1243-4b8a-bb6b-41eba50de954,Candidat
648535fc-1243-4b8a-bb6b-41eba50de954,Conseiller
648535fc-1243-4b8a-bb6b-41eba50de954,District
648535fc-1243-4b8a-bb6b-41eba50de954,Données
648535fc-1243-4b8a-bb6b-41eba50de954,Gouvernement
648535fc-1243-4b8a-bb6b-41eba50de954,MRC
648535fc-1243-4b8a-bb6b-41eba50de954,Maire
648535fc-1243-4b8a-bb6b-41eba50de954,Municipal
648535fc-1243-4b8a-bb6b-41eba50de954,Municipale
648535fc-1243-4b8a-bb6b-41eba50de954,Paroisse
648535fc-1243-4b8a-bb6b-41eba50de954,Proximité
648535fc-1243-4b8a-bb6b-41eba50de954,Résultat
648535fc-1243-4b8a-bb6b-41eba50de954,Village
648535fc-1243-4b8a-bb6b-41eba50de954,Ville
648535fc-1243-4b8a-bb6b-41eba50de954,Électoral
2474b4f2-c4aa-436e-b1fd-830f4a70cede,Eau potable
2474b4f2-c4aa-436e-b1fd-830f4a70cede,Fuite
2474b4f2-c4aa-436e-b1fd-830f4a70cede,SQEEP
ed4c5174-666c-4374-801e-c6958144c7f3,Discours sur le budget
ed4c5174-666c-4374-801e-c6958144c7f3,Document déposé
ed4c5174-666c-4374-801e-c6958144c7f3,Décision du Bureau
ed4c5174-666c-4374-801e-c6958144c7f3,Plan stratégique
ed4c5174-666c-4374-801e-c6958144c7f3,Pétition
ed4c5174-666c-4374-801e-c6958144c7f3,Rapport annuel
ed4c5174-666c-4374-801e-c6958144c7f3,Réponse aux questions écrites
ed4c5174-666c-4374-801e-c6958144c7f3,Réponse écrite
4019d3d8-8a9f-4cf1-8237-df94d6ac81e8,Allégeance politique
4019d3d8-8a9f-4cf1-8237-df94d6ac81e8,Circonscription
4019d3d8-8a9f-4cf1-8237-df94d6ac81e8,Député
4019d3d8-8a9f-4cf1-8237-df94d6ac81e8,Députée
4019d3d8-8a9f-4cf1-8237-df94d6ac81e8,Fonction parlementaire
4019d3d8-8a9f-4cf1-8237-df94d6ac81e8,Groupe parlementaire
4019d3d8-8a9f-4cf1-8237-df94d6ac81e8,Membre du Parlement
4019d3d8-8a9f-4cf1-8237-df94d6ac81e8,Parlementaire
2bde70f9-15ff-455b-b3ea-c6e229b24074,Projets de loi
749a7cc2-ed14-451b-b371-6bc3c15bf1e3,Commmisions
749a7cc2-ed14-451b-b371-6bc3c15bf1e3,Sous-commissions
d0ab69a8-a363-4a07-849a-a76e2102ccf1,Circonscription
54686932-09f2-4a7f-8bad-a6dbf97b610f,2018
54686932-09f2-4a7f-8bad-a6dbf97b610f,2019
54686932-09f2-4a7f-8bad-a6dbf97b610f,2020
54686932-09f2-4a7f-8bad-a6dbf97b610f,2021
54686932-09f2-4a7f-8bad-a6dbf97b610f,2022
54686932-09f2-4a7f-8bad-a6dbf97b610f,2023
54686932-09f2-4a7f-8bad-a6dbf97b610f,2024
54686932-09f2-4a7f-8bad-a6dbf97b610f,Bourses
54686932-09f2-4a7f-8bad-a6dbf97b610f,FRQ
54686932-09f2-4a7f-8bad-a6dbf97b610f,Financement accordé
54686932-09f2-4a7f-8bad-a6dbf97b610f,Fonds
54686932-09f2-4a7f-8bad-a6dbf97b610f,Octrois
54686932-09f2-4a7f-8bad-a6dbf97b610f,Recherche
54686932-09f2-4a7f-8bad-a6dbf97b610f,Subvention
c8433300-f752-4815-8ea2-69cad416dd80,Loi
c8433300-f752-4815-8ea2-69cad416dd80,Règlement
2ac81cd6-382a-442e-b65e-fdad1c027caf,Afdr
2ac81cd6-382a-442e-b65e-fdad1c027caf,Aide
2ac81cd6-382a-442e-b65e-fdad1c027caf,Assistance
2ac81cd6-382a-442e-b65e-fdad1c027caf,Clientele
2ac81cd6-382a-442e-b65e-fdad1c027caf,Clientèle
2ac81cd6-382a-442e-b65e-fdad1c027caf,Prestataire
2ac81cd6-382a-442e-b65e-fdad1c027caf,Prestation
2ac81cd6-382a-442e-b65e-fdad1c027caf,Programme
57d9922e-7e01-4780-801f-0697d6459f70,Afdr
57d9922e-7e01-4780-801f-0697d6459f70,Aide
57d9922e-7e01-4780-801f-0697d6459f70,Assistance
57d9922e-7e01-4780-801f-0697d6459f70,Clientele
57d9922e-7e01-4780-801f-0697d6459f70,Clientèle
57d9922e-7e01-4780-801f-0697d6459f70,Prestataire
57d9922e-7e01-4780-801f-0697d6459f70,Prestation
57d9922e-7e01-4780-801f-0697d6459f70,Programme
4800d735-5abd-4bff-a732-f938dd695815,Afdr
4800d735-5abd-4bff-a732-f938dd695815,Aide
4800d735-5abd-4bff-a732-f938dd695815,Assistance
4800d735-5abd-4bff-a732-f938dd695815,Clientele
4800d735-5abd-4bff-a732-f938dd695815,Clientèle
4800d735-5abd-4bff-a732-f938dd695815,Prestataire
4800d735-5abd-4bff-a732-f938dd695815,Prestation
4800d735-5abd-4bff-a732-f938dd695815,Programme
59df7940-27d0-4753-b4c0-3ae7b4172c94,Afdr
59df7940-27d0-4753-b4c0-3ae7b4172c94,Aide
59df7940-27d0-4753-b4c0-3ae7b4172c94,Assistance
59df7940-27d0-4753-b4c0-3ae7b4172c94,Clientele
59df7940-27d0-4753-b4c0-3ae7b4172c94,Clientèle
59df7940-27d0-4753-b4c0-3ae7b4172c94,Prestataire
59df7940-27d0-4753-b4c0-3ae7b4172c94,Prestation
59df7940-27d0-4753-b4c0-3ae7b4172c94,Programme
1bb9277c-2a31-42ee-8625-2b68d4283026,Afdr
1bb9277c-2a31-42ee-8625-2b68d4283026,Aide
1bb9277c-2a31-42ee-8625-2b68d4283026,Assistance
1bb9277c-2a31-42ee-8625-2b68d4283026,Clientele
1bb9277c-2a31-42ee-8625-2b68d4283026,Clientèle
1bb9277c-2a31-42ee-8625-2b68d4283026,Prestataire
1bb9277c-2a31-42ee-8625-2b68d4283026,Prestation
1bb9277c-2a31-42ee-8625-2b68d4283026,Programme
cab8ee40-9b99-40e7-865c-044df4a9fb5c,Afdr
cab8ee40-9b99-40e7-865c-044df4a9fb5c,Aide
cab8ee40-9b99-40e7-865c-044df4a9fb5c,Assistance
cab8ee40-9b99-40e7-865c-044df4a9fb5c,Clientele
cab8ee40-9b99-40e7-865c-044df4a9fb5c,Clientèle
cab8ee40-9b99-40e7-865c-044df4a9fb5c,Prestataire
cab8ee40-9b99-40e7-865c-044df4a9fb5c,Prestation
cab8ee40-9b99-40e7-865c-044df4a9fb5c,Programme
4bc66f23-0b68-4e04-8816-2ae95ae44e09,Afdr
4bc66f23-0b68-4e04-8816-2ae95ae44e09,Aide
4bc66f23-0b68-4e04-8816-2ae95ae44e09,Assistance
4bc66f23-0b68-4e04-8816-2ae95ae44e09,Clientele
4bc66f23-0b68-4e04-8816-2ae95ae44e09,Clientèle
4bc66f23-0b68-4e04-8816-2ae95ae44e09,Prestataire
4bc66f23-0b68-4e04-8816-2ae95ae44e09,Prestation
4bc66f23-0b68-4e04-8816-2ae95ae44e09,Programme
2095ec43-6e18-441d-a79a-fd400393093f,Administration publique
2095ec43-6e18-441d-a79a-fd400393093f,Emploi
2095ec43-6e18-441d-a79a-fd400393093f,Gouvernement
2095ec43-6e18-441d-a79a-fd400393093f,Ministère
2095ec43-6e18-441d-a79a-fd400393093f,Organigramme gouvernemental
2095ec43-6e18-441d-a79a-fd400393093f,Organisme
2095ec43-6e18-441d-a79a-fd400393093f,Supérieur
b480170d-39a0-4b24-834b-24995b5d4bac,Administration publique
b480170d-39a0-4b24-834b-24995b5d4bac,Gouvernement
b480170d-39a0-4b24-834b-24995b5d4bac,Ministères
b480170d-39a0-4b24-834b-24995b5d4bac,Organigramme gouvernemental
b480170d-39a0-4b24-834b-24995b5d4bac,Organisme
afd242d3-cc46-4ef4-a194-40835293360c,2018
afd242d3-cc46-4ef4-a194-40835293360c,2019
afd242d3-cc46-4ef4-a194-40835293360c,2020
afd242d3-cc46-4ef4-a194-40835293360c,2021
afd242d3-cc46-4ef4-a194-40835293360c,2022
afd242d3-cc46-4ef4-a194-40835293360c,2023
afd242d3-cc46-4ef4-a194-40835293360c,2024
afd242d3-cc46-4ef4-a194-40835293360c,Bourses
afd242d3-cc46-4ef4-a194-40835293360c,FRQ
afd242d3-cc46-4ef4-a194-40835293360c,Financement accordé
afd242d3-cc46-4ef4-a194-40835293360c,Fonds
afd242d3-cc46-4ef4-a194-40835293360c,Octrois
afd242d3-cc46-4ef4-a194-40835293360c,Recherche
afd242d3-cc46-4ef4-a194-40835293360c,Subvention
6d62c914-77c0-43f3-99b6-74d5f3d56546,Arts cinématographiques
6d62c914-77c0-43f3-99b6-74d5f3d56546,Catalogue
6d62c914-77c0-43f3-99b6-74d5f3d56546,Diffusion
6d62c914-77c0-43f3-99b6-74d5f3d56546,Industrie cinématographique
6d62c914-77c0-43f3-99b6-74d5f3d56546,Nouveaux médias
6d62c914-77c0-43f3-99b6-74d5f3d56546,Numérique
6d62c914-77c0-43f3-99b6-74d5f3d56546,presse écrite
e535fac3-17e7-42f2-855f-a4c8e581b7e0,Arts cinématographiques
e535fac3-17e7-42f2-855f-a4c8e581b7e0,Catalogue
e535fac3-17e7-42f2-855f-a4c8e581b7e0,Diffusion
e535fac3-17e7-42f2-855f-a4c8e581b7e0,Industrie cinématographique
e535fac3-17e7-42f2-855f-a4c8e581b7e0,Nouveaux médias
e535fac3-17e7-42f2-855f-a4c8e581b7e0,Presse écrite
95c99f50-d417-4932-9e9a-207b45b1b42a,Gares
95c99f50-d417-4932-9e9a-207b45b1b42a,TC
95c99f50-d417-4932-9e9a-207b45b1b42a,Train de banlieue
95c99f50-d417-4932-9e9a-207b45b1b42a,Transport des personnes
95c99f50-d417-4932-9e9a-207b45b1b42a,Transport en commun
95c99f50-d417-4932-9e9a-207b45b1b42a,Transport ferroviaire
0bc4dc35-a12b-4695-8e0a-21b87c18d8a4,TC
0bc4dc35-a12b-4695-8e0a-21b87c18d8a4,Train
0bc4dc35-a12b-4695-8e0a-21b87c18d8a4,Train de banlieue
0bc4dc35-a12b-4695-8e0a-21b87c18d8a4,exo
0bc4dc35-a12b-4695-8e0a-21b87c18d8a4,transport en commun
3c580808-452a-40e8-937e-0c4907cb40c3,Genre
3c580808-452a-40e8-937e-0c4907cb40c3,Inaptitude
3c580808-452a-40e8-937e-0c4907cb40c3,Mandat homologué
3c580808-452a-40e8-937e-0c4907cb40c3,Mesure de représentation
abcc710c-dd95-4a8b-a999-f10a698b6667,Conseiller au majeur
abcc710c-dd95-4a8b-a999-f10a698b6667,Curatelle
abcc710c-dd95-4a8b-a999-f10a698b6667,Inaptitude
abcc710c-dd95-4a8b-a999-f10a698b6667,Mandat homologué
abcc710c-dd95-4a8b-a999-f10a698b6667,Mesure de représentation
abcc710c-dd95-4a8b-a999-f10a698b6667,Tutelle
abcc710c-dd95-4a8b-a999-f10a698b6667,Tutelle dative
bc44f8d2-1833-46bc-89c2-41e44906a442,Genre
bc44f8d2-1833-46bc-89c2-41e44906a442,Inaptitude
bc44f8d2-1833-46bc-89c2-41e44906a442,Mesure de représentation
bc44f8d2-1833-46bc-89c2-41e44906a442,Région sociosanitaire
2990a918-1e87-4bae-a5a4-0cd283b02c5b,Cause inaptitude
2990a918-1e87-4bae-a5a4-0cd283b02c5b,Genre
2990a918-1e87-4bae-a5a4-0cd283b02c5b,Inaptitude
2990a918-1e87-4bae-a5a4-0cd283b02c5b,Mesure de représentation
1ac35363-2f9f-4c67-a1f1-05dcde1111dd,Genre
1ac35363-2f9f-4c67-a1f1-05dcde1111dd,Groupe âge
1ac35363-2f9f-4c67-a1f1-05dcde1111dd,Inaptitude
1ac35363-2f9f-4c67-a1f1-05dcde1111dd,Mesure de représentation
6d65a6ad-af47-4b70-a31f-7b4a14078245,Avertissement
6d65a6ad-af47-4b70-a31f-7b4a14078245,Blocage
6d65a6ad-af47-4b70-a31f-7b4a14078245,Contrôle policier
6d65a6ad-af47-4b70-a31f-7b4a14078245,Entrave
6d65a6ad-af47-4b70-a31f-7b4a14078245,Fermeture
6d65a6ad-af47-4b70-a31f-7b4a14078245,MTMD
6d65a6ad-af47-4b70-a31f-7b4a14078245,MTQ
6d65a6ad-af47-4b70-a31f-7b4a14078245,Transport
6d65a6ad-af47-4b70-a31f-7b4a14078245,Transports Québec
1dc7fe7f-4eb4-4d9b-a254-e48771bf49b7,CRH
1dc7fe7f-4eb4-4d9b-a254-e48771bf49b7,Conditions routières hivernales
1dc7fe7f-4eb4-4d9b-a254-e48771bf49b7,Hiver
1dc7fe7f-4eb4-4d9b-a254-e48771bf49b7,MTMD
1dc7fe7f-4eb4-4d9b-a254-e48771bf49b7,MTQ
1dc7fe7f-4eb4-4d9b-a254-e48771bf49b7,Transports
1dc7fe7f-4eb4-4d9b-a254-e48771bf49b7,Transports Québec
1dc7fe7f-4eb4-4d9b-a254-e48771bf49b7,Visibilité
d7941cb1-69a8-4e8e-a117-6c0fd12c2037,Environnement
d7941cb1-69a8-4e8e-a117-6c0fd12c2037,Gel et dégel
d7941cb1-69a8-4e8e-a117-6c0fd12c2037,MTMD
d7941cb1-69a8-4e8e-a117-6c0fd12c2037,MTQ
d7941cb1-69a8-4e8e-a117-6c0fd12c2037,Mesure météorologique
d7941cb1-69a8-4e8e-a117-6c0fd12c2037,Météo
d7941cb1-69a8-4e8e-a117-6c0fd12c2037,Profondeur de dégel
d7941cb1-69a8-4e8e-a117-6c0fd12c2037,Profondeur de gel
d7941cb1-69a8-4e8e-a117-6c0fd12c2037,Réseau routier québécois
d7941cb1-69a8-4e8e-a117-6c0fd12c2037,Station
d7941cb1-69a8-4e8e-a117-6c0fd12c2037,Station météoroutière
d7941cb1-69a8-4e8e-a117-6c0fd12c2037,Température chaussée
d7941cb1-69a8-4e8e-a117-6c0fd12c2037,Transport
d7941cb1-69a8-4e8e-a117-6c0fd12c2037,Transports Québec
988dcd41-592c-4f80-9ac2-28d77bbad991,Charge
988dcd41-592c-4f80-9ac2-28d77bbad991,MTMD
988dcd41-592c-4f80-9ac2-28d77bbad991,MTQ
988dcd41-592c-4f80-9ac2-28d77bbad991,Mur
988dcd41-592c-4f80-9ac2-28d77bbad991,Obstacle
988dcd41-592c-4f80-9ac2-28d77bbad991,Ponceau
988dcd41-592c-4f80-9ac2-28d77bbad991,Pont
988dcd41-592c-4f80-9ac2-28d77bbad991,Route
988dcd41-592c-4f80-9ac2-28d77bbad991,Soutainement
988dcd41-592c-4f80-9ac2-28d77bbad991,Structure
988dcd41-592c-4f80-9ac2-28d77bbad991,Transport
988dcd41-592c-4f80-9ac2-28d77bbad991,Transport routier
988dcd41-592c-4f80-9ac2-28d77bbad991,Transports Québec
988dcd41-592c-4f80-9ac2-28d77bbad991,Tunnel
988dcd41-592c-4f80-9ac2-28d77bbad991,Viaduc
c77c495a-2a4c-447e-9184-25722289007f,Camion
c77c495a-2a4c-447e-9184-25722289007f,Circulation
c77c495a-2a4c-447e-9184-25722289007f,Comptage
c77c495a-2a4c-447e-9184-25722289007f,DJMA
c77c495a-2a4c-447e-9184-25722289007f,DJME
c77c495a-2a4c-447e-9184-25722289007f,DJMH
c77c495a-2a4c-447e-9184-25722289007f,Débit
c77c495a-2a4c-447e-9184-25722289007f,Débit journalier moyen annuel
c77c495a-2a4c-447e-9184-25722289007f,Débit journalier moyen estival
c77c495a-2a4c-447e-9184-25722289007f,Débit moyen hivernal
c77c495a-2a4c-447e-9184-25722289007f,Infrastructure
c77c495a-2a4c-447e-9184-25722289007f,MTMD
c77c495a-2a4c-447e-9184-25722289007f,MTQ
c77c495a-2a4c-447e-9184-25722289007f,Traffic
c77c495a-2a4c-447e-9184-25722289007f,Transport
c77c495a-2a4c-447e-9184-25722289007f,Transports Québec
c77c495a-2a4c-447e-9184-25722289007f,Véhicule lourd
c937deb0-a089-4035-88f1-06b36bfd42c5,Linéaire
c937deb0-a089-4035-88f1-06b36bfd42c5,MTMD
c937deb0-a089-4035-88f1-06b36bfd42c5,MTQ
c937deb0-a089-4035-88f1-06b36bfd42c5,RTSS
c937deb0-a089-4035-88f1-06b36bfd42c5,Route
c937deb0-a089-4035-88f1-06b36bfd42c5,Route contiguë et à chaussées séparées
c937deb0-a089-4035-88f1-06b36bfd42c5,Référence linéaire
c937deb0-a089-4035-88f1-06b36bfd42c5,Transport
c937deb0-a089-4035-88f1-06b36bfd42c5,Transport Routier
c937deb0-a089-4035-88f1-06b36bfd42c5,Transports Québec
549a1076-94da-4163-b8ce-c6c5e97627ed,Charge
549a1076-94da-4163-b8ce-c6c5e97627ed,Charge limite
549a1076-94da-4163-b8ce-c6c5e97627ed,Charge maximal
549a1076-94da-4163-b8ce-c6c5e97627ed,MTMD
549a1076-94da-4163-b8ce-c6c5e97627ed,MTQ
549a1076-94da-4163-b8ce-c6c5e97627ed,Poids
549a1076-94da-4163-b8ce-c6c5e97627ed,Poids limite
549a1076-94da-4163-b8ce-c6c5e97627ed,Poids maximum
549a1076-94da-4163-b8ce-c6c5e97627ed,Pont
549a1076-94da-4163-b8ce-c6c5e97627ed,Transport
549a1076-94da-4163-b8ce-c6c5e97627ed,Transports Québec
549a1076-94da-4163-b8ce-c6c5e97627ed,Viaduc
8939044a-c0cd-4c98-9060-a77c8b43b0f2,511
8939044a-c0cd-4c98-9060-a77c8b43b0f2,Chantier
8939044a-c0cd-4c98-9060-a77c8b43b0f2,Entrave
8939044a-c0cd-4c98-9060-a77c8b43b0f2,Localisation
8939044a-c0cd-4c98-9060-a77c8b43b0f2,MTMD
8939044a-c0cd-4c98-9060-a77c8b43b0f2,MTQ
8939044a-c0cd-4c98-9060-a77c8b43b0f2,Projet
8939044a-c0cd-4c98-9060-a77c8b43b0f2,Route
8939044a-c0cd-4c98-9060-a77c8b43b0f2,Transport
8939044a-c0cd-4c98-9060-a77c8b43b0f2,Transports Québec
8939044a-c0cd-4c98-9060-a77c8b43b0f2,Travaux
d27c44f2-3f54-412d-bd1c-70c6e6a37ba8,Aéroport
d27c44f2-3f54-412d-bd1c-70c6e6a37ba8,Gare
d27c44f2-3f54-412d-bd1c-70c6e6a37ba8,Location de véhicules
d27c44f2-3f54-412d-bd1c-70c6e6a37ba8,Navette
d27c44f2-3f54-412d-bd1c-70c6e6a37ba8,Service
d27c44f2-3f54-412d-bd1c-70c6e6a37ba8,Transport
d27c44f2-3f54-412d-bd1c-70c6e6a37ba8,Traversier
3f1aef13-48f9-41d0-9575-245d931f28ea,Croisière
3f1aef13-48f9-41d0-9575-245d931f28ea,Formation
3f1aef13-48f9-41d0-9575-245d931f28ea,Information touristique
3f1aef13-48f9-41d0-9575-245d931f28ea,Location
3f1aef13-48f9-41d0-9575-245d931f28ea,Magasinage
3f1aef13-48f9-41d0-9575-245d931f28ea,Service
17dfa825-9515-4fac-be6b-3964d25194c3,Gastronomie
17dfa825-9515-4fac-be6b-3964d25194c3,Repas champêtre
17dfa825-9515-4fac-be6b-3964d25194c3,Restauration
17dfa825-9515-4fac-be6b-3964d25194c3,Terroir
f43fbfd7-2b40-4f40-99da-2e0ac1339012,Chasse
f43fbfd7-2b40-4f40-99da-2e0ac1339012,Hébergement
f43fbfd7-2b40-4f40-99da-2e0ac1339012,Nature
f43fbfd7-2b40-4f40-99da-2e0ac1339012,Pêche
bc318da2-934b-4e67-b575-875d59a44cd1,Accréditation
bc318da2-934b-4e67-b575-875d59a44cd1,Certification
bc318da2-934b-4e67-b575-875d59a44cd1,Culture
bc318da2-934b-4e67-b575-875d59a44cd1,Développement touristique
bc318da2-934b-4e67-b575-875d59a44cd1,Organisme
bc318da2-934b-4e67-b575-875d59a44cd1,Réglementation
3adf4522-2eae-4600-80d3-7df6e7c62ef1,Aire protégée
3adf4522-2eae-4600-80d3-7df6e7c62ef1,Attrait touristique
3adf4522-2eae-4600-80d3-7df6e7c62ef1,Nature
3adf4522-2eae-4600-80d3-7df6e7c62ef1,Parc
3adf4522-2eae-4600-80d3-7df6e7c62ef1,Plein air
2125099f-486b-422d-bc23-f46864d9b41c,Hébergement
2125099f-486b-422d-bc23-f46864d9b41c,Hôtel
e9e2429f-7f23-41f2-bd0e-e41a6e349aa5,Auberge de jeunesse
e9e2429f-7f23-41f2-bd0e-e41a6e349aa5,Centre de vacances
e9e2429f-7f23-41f2-bd0e-e41a6e349aa5,Hébergement
e9e2429f-7f23-41f2-bd0e-e41a6e349aa5,Résidence étudiante
2c84537c-0a2f-4e6f-aae8-1664bd92d90b,Arrêt de bus
2c84537c-0a2f-4e6f-aae8-1664bd92d90b,Autobus
2c84537c-0a2f-4e6f-aae8-1664bd92d90b,Bus
2c84537c-0a2f-4e6f-aae8-1664bd92d90b,GTFS
2c84537c-0a2f-4e6f-aae8-1664bd92d90b,STSV
2c84537c-0a2f-4e6f-aae8-1664bd92d90b,Transport collectif
2c84537c-0a2f-4e6f-aae8-1664bd92d90b,Transport des personnes
