ressource_id,jeu_id,ressource_nom,format,type_ressource,taille_octets,date_modification
6edbec58-9e50-4653-8c87-70b0d1755326,00ec17f8-c7f1-414c-9860-a12bd0c91824,Écocentres et points de dépôt municipaux,CSV,donnees,44046,2023-08-30
52ae0028-e77e-4f6c-a312-152e90305cd0,00ec17f8-c7f1-414c-9860-a12bd0c91824,Écocentres et points de dépôt municipaux,GeoJSON,donnees,144002,2026-02-09
d8738aa4-61a5-44bf-8e19-0e90d9afe724,00ec17f8-c7f1-414c-9860-a12bd0c91824,Visualisation cartographique points dépôt et écocentres,HTML,cartes,NA,2026-02-09
a5f6a39f-9524-4c88-8824-0edc866a0dd3,b10a6f01-320c-4d56-b545-1ee5b70fdaeb,Accès à l'eau à Shawinigan,HTML,cartes,NA,2026-04-02
8d154856-622e-4cc4-a3ec-3e7116b1e871,668b7750-b71a-4b4e-a0b2-c04a7710a2e4,Districts électoraux 2025,GeoJSON,donnees,NA,2026-04-02
87396122-36b8-4771-8d17-7c9183cfda15,32f75a4d-552f-4ca3-ae03-e1512c0420d7,Batiments,GeoJSON,donnees,NA,2026-04-02
e968433f-0037-4f3c-8df2-da3a11f4fb46,08123b30-f795-432b-8b4a-13a3925f72f4,Carte interactive des parcs municipaux et des activités estivales,HTML,cartes,NA,2026-04-01
df94cdc8-dd50-4dc1-a599-89750d1cc8f5,08123b30-f795-432b-8b4a-13a3925f72f4,Parcs,GeoJSON,donnees,NA,2026-04-01
8555d622-0763-4431-98ac-be41112b5301,6813f7dd-8f31-4581-afb5-f5faef10b9b2,Carte interactive des parcs municipaux et des activités estivales,HTML,cartes,NA,2026-04-01
1113bb80-99f8-4b1e-a330-1fab6bb9099e,6813f7dd-8f31-4581-afb5-f5faef10b9b2,Parcs,GeoJSON,donnees,NA,2026-04-01
c31629d4-7bef-4a00-ab0e-97bb7120a453,8e09581e-6963-4994-bd6d-b952e2be7648,Carte interactive des activités hivernales,HTML,cartes,NA,2026-04-01
2259e38d-9e03-4c57-937a-455fe2215a2f,8e09581e-6963-4994-bd6d-b952e2be7648,Sentiers de motoneige,GeoJSON,donnees,NA,2026-04-01
fb128d15-f4f1-44cc-888b-57a0d078eb9d,c6138a86-5777-4b3a-9b98-067889d90c3b,Carte interactive des activités hivernales,HTML,cartes,NA,2026-04-01
cece4e3a-2a4c-4699-978b-48eb68ac5c01,3f137d4d-b156-4e77-afed-febd3d5352f4,Sentiers de raquette,GeoJSON,donnees,NA,2026-04-01
07218eff-e31d-43bd-abc2-477d4e14ed30,83596ebd-5845-4d98-aade-37723eabfad7,Oeuvres art public Iles-de-la-Madeleine CSV,CSV,donnees,16514,2023-07-14
bbfd43ed-dcf4-440c-8a1e-037f71682969,31748ec7-0afb-41d9-8634-c4cb66390732,Arbres non-repertories,CSV,donnees,730613,2026-07-10
9c6cbef8-c5ae-4e63-a2e3-d41711abe682,31748ec7-0afb-41d9-8634-c4cb66390732,Arbres non-repertories,GeoJSON,donnees,3048101,2026-07-10
2b9f1d4d-0f62-4902-b716-1aef98268c85,31748ec7-0afb-41d9-8634-c4cb66390732,Arbres non-repertories,KML,donnees,9229356,2026-07-10
399dd6af-b3bb-4edf-a16b-c57f842277b2,31748ec7-0afb-41d9-8634-c4cb66390732,Arbres non-repertories,SHP,donnees,339489,2026-07-10
00bac318-9f36-4d29-9ad6-a0dcb5219235,e4915d10-9c33-47a8-8e06-cf39306ef583,Voies publiques,CSV,donnees,9597642,2026-07-10
af782966-3ec4-4ad5-b3b7-630c27165f01,e4915d10-9c33-47a8-8e06-cf39306ef583,Voies publiques,GeoJSON,donnees,25442965,2026-07-10
9cdd45a6-22f2-4255-9d4c-6d0f2a93b8c4,e4915d10-9c33-47a8-8e06-cf39306ef583,Voies publiques,KML,donnees,65236685,2026-07-10
99be670a-7720-48b4-87f3-df2947602b39,e4915d10-9c33-47a8-8e06-cf39306ef583,Voies publiques,SHP,donnees,3306231,2026-07-10
06faa019-50f1-4741-94a7-adb8729d24b9,daa10606-5fdd-4c9b-b5ef-235081690b6e,Lieux publics,CSV,donnees,184765,2026-07-10
8902c982-bbb6-4e84-814a-550d094c0bae,daa10606-5fdd-4c9b-b5ef-235081690b6e,Lieux publics,GeoJSON,donnees,558049,2026-07-10
4bd8610f-5d75-4477-a18c-f704c44751f2,daa10606-5fdd-4c9b-b5ef-235081690b6e,Lieux publics,KML,donnees,1785238,2026-07-10
a4d8e57f-e8a6-4f55-85bc-d5edcea81258,daa10606-5fdd-4c9b-b5ef-235081690b6e,Lieux publics,SHP,donnees,62715,2026-07-10
79f29915-18df-4506-b1a7-8d15bcb75641,f4e537c5-0be4-4041-8a4c-8d8c940fa238,Intersections de voie publique,CSV,donnees,1807899,2026-07-10
cba872e1-c1ef-4a63-a3f1-1298badeda6e,f4e537c5-0be4-4041-8a4c-8d8c940fa238,Intersections de voie publique,KML,donnees,11485001,2026-07-10
ed712457-d649-4bd6-b350-ad2bd1102b5e,f4e537c5-0be4-4041-8a4c-8d8c940fa238,Intersections de voie publique,GeoJSON,donnees,4035862,2026-07-10
5a6108d0-6438-4db1-877b-12f1d835fee5,f4e537c5-0be4-4041-8a4c-8d8c940fa238,Intersections de voie publique ,SHP,donnees,431885,2026-07-10
13a51853-a5b5-4add-8791-02ccba5c1be7,34103a43-3712-4a29-92e1-039e9188e915,Arbres repertories,CSV,donnees,24287390,2026-07-10
de031174-cbdf-4d69-869c-21cca8036279,34103a43-3712-4a29-92e1-039e9188e915,Arbres repertories,GeoJSON,donnees,84285381,2026-07-10
f72a95d9-2e32-4499-bee8-f742c6bd9e12,34103a43-3712-4a29-92e1-039e9188e915,Arbres repertories,KML,donnees,306645284,2026-07-10
74b42ebb-755f-4972-9b96-f7fec7118000,34103a43-3712-4a29-92e1-039e9188e915,Arbres repertories,SHP,donnees,5924187,2026-07-10
42045270-dad6-456b-aa18-8fc851caa97b,a0396d6c-baf0-4de9-b1f3-2f8d082335ac,Bordure cours d'eau,SHP,donnees,6716045,2026-07-05
028ae0e1-8663-4b70-a036-b552ed16656e,a0396d6c-baf0-4de9-b1f3-2f8d082335ac,Bordure cours d'eau,GeoJSON,donnees,26078505,2026-07-05
cfb28628-fd84-4399-9c81-e6503091d0fc,a0396d6c-baf0-4de9-b1f3-2f8d082335ac,Bordure cours d'eau,CSV,donnees,22208772,2026-07-05
1a701c5c-26c3-415a-a1c2-c4f97e28de90,a0396d6c-baf0-4de9-b1f3-2f8d082335ac,Bordure cours d'eau,KML,donnees,29215988,2026-07-05
9a60cb32-de45-4e9d-b63a-3861c9f30a5d,a0396d6c-baf0-4de9-b1f3-2f8d082335ac,Cours d'eau lineaires,GeoJSON,donnees,27529130,2026-07-05
da030e8a-3dc8-478e-8449-0a1d51ae12f8,a0396d6c-baf0-4de9-b1f3-2f8d082335ac,Cours d'eau lineaires,KML,donnees,36604391,2026-07-05
80a840bf-fdfd-43ff-955b-cc36810cc623,a0396d6c-baf0-4de9-b1f3-2f8d082335ac,Cours d'eau lineaires,SHP,donnees,7129848,2026-07-05
d15af1cf-dcae-4ce1-b9ed-1f92a514cc07,a0396d6c-baf0-4de9-b1f3-2f8d082335ac,Cours d'eau lineaires,CSV,donnees,21501820,2026-07-05
081ae929-1a8d-42d4-8ad0-bcaffbb36ac7,5d725484-a008-4c53-a0be-33798b69518d,Cours d'eau surfaciques,SHP,donnees,6363336,2026-07-05
6212d1e9-5568-4877-b5a8-6d5f43fb54a2,5d725484-a008-4c53-a0be-33798b69518d,Cours d'eau surfaciques,GeoJSON,donnees,24860026,2026-07-05
7916934f-53ea-4eb5-b601-2483454e4df2,5d725484-a008-4c53-a0be-33798b69518d,Cours d'eau surfaciques,KML,donnees,24772372,2026-07-05
f3d372d2-6f7f-48af-bc5e-259b141d3143,5d725484-a008-4c53-a0be-33798b69518d,Cours d'eau surfaciques,CSV,donnees,21513724,2026-07-05
dda7c043-7de2-4e82-b0b4-b4f8fe92ce3e,5d725484-a008-4c53-a0be-33798b69518d,Centre cours d'eau,SHP,donnees,1587154,2026-07-05
1fe7043e-0d25-4a91-85a6-cb688a26e129,5d725484-a008-4c53-a0be-33798b69518d,Centre cours d'eau,GeoJSON,donnees,5800102,2026-07-05
fb131dec-cd45-432c-b9a4-91c86f20e5d6,5d725484-a008-4c53-a0be-33798b69518d,Centre cours d'eau,KML,donnees,5808016,2026-07-05
320137e2-8c57-4a83-8ec8-e58192745d54,5d725484-a008-4c53-a0be-33798b69518d,Centre cours d'eau,CSV,donnees,4143704,2026-07-05
9555031e-cfc5-4b78-bec9-4ab84b549f67,879abf6e-c6b2-430a-b44a-16335467c6f6,Permis délivrés à la Ville de Québec,CSV,donnees,16650157,2026-07-05
ca02aca1-4082-4084-a87d-42f65e102cb8,879abf6e-c6b2-430a-b44a-16335467c6f6,Permis délivrés à la Ville de Québec,GeoJSON,donnees,37469011,2026-07-05
e67a03ac-9c6f-4946-90ab-3d358eb8b7ca,879abf6e-c6b2-430a-b44a-16335467c6f6,Permis délivrés à la Ville de Québec,SHP,donnees,4784832,2026-07-05
f937a7e0-6672-4b44-910b-2c83f27c7c92,6218a375-a8fe-45ce-959b-22c90a291b0b,Districts électoraux,GeoJSON,donnees,295488,2025-12-11
df55a688-ba2e-48c0-a616-99082a540a72,6218a375-a8fe-45ce-959b-22c90a291b0b,Districts électoraux,SHP,donnees,55574,2025-12-11
e6caabdd-cfad-44e5-a008-e15debcda553,6218a375-a8fe-45ce-959b-22c90a291b0b,Districts électoraux,CSV,donnees,1136,2025-12-11
a9272cc9-8234-40d1-9806-9f6b4c75c20d,d4541afe-9391-44bf-a78f-dae3c9cf1217,Fichier horaire des données de la situation à l'urgence,CSV,donnees,NA,2026-07-11
b256f87f-40ec-4c79-bdba-a23e9c50e741,d4541afe-9391-44bf-a78f-dae3c9cf1217,Fichier horaire de la situation à l'urgence avec le nombre de personnes présentes,CSV,donnees,NA,2026-07-10
968af2e2-8c0f-43d4-9f34-100bd8d295a7,d4541afe-9391-44bf-a78f-dae3c9cf1217,Liste des variables et notes méthodologiques,PDF,support,223079,2026-04-17
8ab7a1ee-cf39-41de-82b7-5caadb199026,6d928d3e-7734-45a2-8dcb-08244d455a66,Historique du portrait quotidien du statut vaccinal des nouveaux cas confirmés,CSV,donnees,NA,2026-07-10
096c9e4e-a43f-4858-97dc-463285687886,6d928d3e-7734-45a2-8dcb-08244d455a66,Historique du portrait quotidien du statut vaccinal des nouvelles hospitalisations,CSV,donnees,NA,2026-07-10
1440a236-f9f7-4068-8d4c-617e50ccb758,6d928d3e-7734-45a2-8dcb-08244d455a66,Liste des variables et notes méthodologiques,PDF,support,230642,2026-04-16
d2cf4211-5400-46a3-9186-a81e6cd41de9,a2073e4a-9426-4946-95b5-c560d43c216e,Historique du portrait quotidien des cas confirmés,CSV,donnees,63856,2026-07-10
31b42799-cf70-4c29-832a-37ce2d4ddd0c,a2073e4a-9426-4946-95b5-c560d43c216e,"Portrait des cas confirmés répartis par région, groupe d’âge et sexe",CSV,donnees,1399,2026-07-10
95fa42e1-f036-420d-aeb9-1f48937bb21e,a2073e4a-9426-4946-95b5-c560d43c216e,Liste des variables et notes méthodologiques,PDF,support,218358,2026-04-16
2d8bd4f8-4715-4f33-8cb4-eefcec60a4c9,99517f1f-9e4d-4853-98da-47f7cafb4d77,"Historique du portrait quotidien des hospitalisations, réparties par région",CSV,donnees,135379,2026-07-10
46cd97ec-35f5-4084-9ba6-1d956a0b36a1,99517f1f-9e4d-4853-98da-47f7cafb4d77,Portrait quotidien des hospitalisations réparties par groupe d’âge de l’usager ,CSV,donnees,308,2026-07-10
2227d1b2-8449-4a3d-9c3b-682226dfe687,99517f1f-9e4d-4853-98da-47f7cafb4d77,Liste des variables et notes méthodologiques,PDF,support,250961,2026-04-17
3895305f-0c29-47a4-a0d1-b19f2e6c94bd,9cb41c6c-a925-4185-94c7-ce03734f8dff,Portrait des doses administrées par région d'administration (lieu de vaccination),CSV,donnees,2089343,2026-07-08
3690a657-d281-4991-8536-cd7239912d86,9cb41c6c-a925-4185-94c7-ce03734f8dff,Portrait des doses administrées par région de résidence de la personne vaccinée,CSV,donnees,2069304,2026-07-08
1ddf5dd4-c3c3-4896-b25e-d7680dffbf04,9cb41c6c-a925-4185-94c7-ce03734f8dff,Portrait des doses administrées par groupe d'âge,CSV,donnees,1619430,2026-07-08
3d02c5b8-1921-45ba-84cd-af1bc0dd5faa,9cb41c6c-a925-4185-94c7-ce03734f8dff,Portrait des rendez-vous à venir pour une 1ère dose par région d'administration,CSV,archives,NA,2023-05-03
e235aede-f8af-40da-91b8-116b0c68c59c,9cb41c6c-a925-4185-94c7-ce03734f8dff,Portrait des rendez-vous à venir pour une 1ère dose par groupe d’âge,CSV,archives,NA,2023-05-10
2c4e7e38-4738-4174-8e35-268152ca909e,9cb41c6c-a925-4185-94c7-ce03734f8dff,Liste des variables et notes méthodologiques,PDF,support,290483,2022-11-09
841b69a5-d420-42d5-b127-c2850b88f63b,b7e297c3-ff0f-4e11-bc0f-2add3cffdd76,Fichier cumulatif des données des urgences,CSV,donnees,NA,2026-07-05
84aa0e43-2890-4ce8-92bb-bfc00ad05456,b7e297c3-ff0f-4e11-bc0f-2add3cffdd76,Liste des variables et des notes méthodologiques,PDF,support,189343,2026-04-16
a1988030-1f8b-4c67-bc29-ca8b9f710afd,51998b55-7d4c-4381-8c20-0ac1cd9c1b87,Liste des établissements,CSV,donnees,58480,2026-07-02
2aa06e66-c1d0-4e2f-bf3c-c2e413c3f84d,51998b55-7d4c-4381-8c20-0ac1cd9c1b87,Liste des installations,CSV,donnees,894053,2026-07-02
4c2dd423-0646-46bd-86c0-d938b066deb8,51998b55-7d4c-4381-8c20-0ac1cd9c1b87,Fichier cartographique des établissements,SHP,donnees,457646,2026-07-02
cfdac572-22eb-4043-85e7-1441d716d075,51998b55-7d4c-4381-8c20-0ac1cd9c1b87,Fichier cartographique des installations,SHP,donnees,459737,2026-07-02
e7d5a51a-70e6-4283-9786-3b48944c05e6,51998b55-7d4c-4381-8c20-0ac1cd9c1b87,Fiche technique établissements,PDF,support,457646,2026-07-02
d723a784-33ae-433a-b45a-3fd50b9b382a,51998b55-7d4c-4381-8c20-0ac1cd9c1b87,Fiche technique installations,PDF,support,459737,2026-07-02
3e487e6f-19a4-46f0-a0c2-d3dbc0809ead,e442a663-e069-4209-a4ba-7bd60f6c5fb4,Capacités et services par installation - depuis le 1er avril 2024,CSV,donnees,22317969,2026-06-11
7038bb19-ad37-49ae-b2d0-aec844d41970,e442a663-e069-4209-a4ba-7bd60f6c5fb4,Capacités et services par installation du 2019-04-01 au 2024-03-31,CSV,donnees,50257732,2024-09-23
82ac4ff7-42b1-434e-b668-0e985dae586d,e442a663-e069-4209-a4ba-7bd60f6c5fb4,Fiche technique - Répartition des capacités et des services autorisés au permis par installation,PDF,support,257916,2024-04-02
36fc7e5e-e546-4c1c-97de-5335a9cd45c0,1d7d1a92-7cba-438b-9e31-e98dedd2f0b8,Vigilance - Surveillance de la crue des eaux,HTML,support,NA,2026-07-11
6ce7a882-ecdf-4cfa-89f5-ac200fd52176,1d7d1a92-7cba-438b-9e31-e98dedd2f0b8,Stations hydrométriques (Service WMS),WMS,web,NA,2026-07-11
ee084437-4108-465d-956a-617347ab8f6d,1d7d1a92-7cba-438b-9e31-e98dedd2f0b8,Stations hydrométriques (Service WFS),WFS,web,NA,2026-07-11
c59db4fc-9d7e-46ef-b436-c8280d05b1b8,1d7d1a92-7cba-438b-9e31-e98dedd2f0b8,Carte Interactive (IGO),HTML,cartes,NA,2026-07-11
a85767fc-4533-403c-9485-503638339181,1d7d1a92-7cba-438b-9e31-e98dedd2f0b8,Stations hydrométriques (CSV),CSV,donnees,NA,2026-07-11
75e3def9-e447-40e0-8bf4-2c29ce202744,1d7d1a92-7cba-438b-9e31-e98dedd2f0b8,Stations hydrométriques (GeoJSON),GeoJSON,donnees,NA,2026-07-11
dbf1a2b5-63a2-49b8-b213-c04de7d52dce,1d7d1a92-7cba-438b-9e31-e98dedd2f0b8,Stations hydrométriques (shapefile),SHP,donnees,NA,2026-07-11
34ef6635-b9fd-4a5a-a8a9-27b343eb08dc,80a9b8e6-6426-44df-bffa-4f02065b81e3,Carte Interactive,HTML,cartes,NA,2026-07-10
f4cf8594-567b-4f40-8414-41d989b5b9fc,80a9b8e6-6426-44df-bffa-4f02065b81e3,Bureaux régionaux de la sécurité civile et de la sécurité incendie (CSV),CSV,donnees,NA,2026-07-10
b25cd046-dfaf-48d4-ad03-80fcab49325c,80a9b8e6-6426-44df-bffa-4f02065b81e3,Bureaux régionaux de la sécurité civile et de la sécurité incendie (GeoJSON),GeoJSON,donnees,NA,2026-07-10
88417d8a-8a8a-425b-99a2-b30f58757828,80a9b8e6-6426-44df-bffa-4f02065b81e3,Bureaux régionaux de la sécurité civile et de la sécurité incendie (shapefile),SHP,donnees,NA,2026-07-10
cdbc4262-3cd1-4c09-a938-29da7e4e5ddc,80a9b8e6-6426-44df-bffa-4f02065b81e3,Bureaux régionaux de la sécurité civile et de la sécurité incendie (Service WMS),WMS,web,NA,2026-07-10
42dc7b1a-c936-45ed-a3a9-54e17db499ae,80a9b8e6-6426-44df-bffa-4f02065b81e3,Bureaux régionaux de la sécurité civile et de la sécurité incendie (Service WFS),WFS,web,NA,2026-07-10
e6485a4f-c2cd-42f4-8292-551250a4ad61,524cbe9b-9a96-42fb-bc7e-f9cdab3cffae,Carte interactive (IGO),HTML,cartes,NA,2026-07-10
8a707be3-2452-43b2-be72-fb5926876c72,524cbe9b-9a96-42fb-bc7e-f9cdab3cffae,Événements de sécurité civile (CSV),CSV,donnees,NA,2026-07-10
6ae726e5-5228-461d-9a31-be29cfe95aa2,524cbe9b-9a96-42fb-bc7e-f9cdab3cffae,Événements de sécurité civile (GeoJSON),GeoJSON,donnees,NA,2026-07-10
741fa99c-00e8-4146-a628-d3fb46cb3cd6,524cbe9b-9a96-42fb-bc7e-f9cdab3cffae,Événements de sécurité civile (shapefile),SHP,donnees,NA,2026-07-10
8d45dbfd-51ca-47e7-9b43-dedbf8b30892,524cbe9b-9a96-42fb-bc7e-f9cdab3cffae,Événements de sécurité civile (Service WMS),WMS,web,NA,2026-07-10
b6aae2a9-0441-4372-996b-0370d076dff2,524cbe9b-9a96-42fb-bc7e-f9cdab3cffae,Événements de sécurité civile (Service WFS),WFS,web,NA,2026-07-10
f1c2c0f7-fa43-420c-aea8-111a76662b8d,1f96d039-4d37-437d-bcc6-a6633c0b8fc2,Polygones d'étendue d'eau libre dérivés de données satellitaires,SHP,donnees,NA,2026-05-04
c3c80ee1-8465-406d-ac2b-678762eb7008,1f96d039-4d37-437d-bcc6-a6633c0b8fc2,Zone inondée 2026 (donnée brute),GeoJSON,donnees,NA,2026-05-04
b182f064-01f1-4b08-b92a-cc2b794bce64,1f96d039-4d37-437d-bcc6-a6633c0b8fc2,Municipalités touchées par la crue 2026 depuis le 10 avril,GeoJSON,donnees,NA,2026-07-06
c82d2ba2-470c-4b55-8949-b340947c0e9a,1f96d039-4d37-437d-bcc6-a6633c0b8fc2,Cartographie des inondations du printemps 2026 (Service WMS),WMS,web,NA,2026-04-23
0396edff-d29e-4d63-ad9e-ba369436aa69,1f96d039-4d37-437d-bcc6-a6633c0b8fc2,Cartographie des inondations du printemps 2026 (Service WFS),WFS,web,NA,2026-04-21
06a1b6c5-b4b4-4914-b8f9-64c5ea6afb53,1f96d039-4d37-437d-bcc6-a6633c0b8fc2,Localisation des événements liés à la crue printanière depuis le 10 avril 2026,GeoJSON,donnees,NA,2026-07-10
ab025117-b202-487f-b9cc-79e364ea0758,1f96d039-4d37-437d-bcc6-a6633c0b8fc2,Visualisation des événements et municipalités touchées par la crue 2026 depuis le 10 avril,HTML,cartes,NA,2026-04-27
ed15e750-1efe-453b-b770-bf3d588fa8a3,1f96d039-4d37-437d-bcc6-a6633c0b8fc2,Agglomérations touchées par la crue 2026 depuis le 10 avril,GeoJSON,donnees,NA,2026-05-22
6d344bbc-b962-496f-8306-d8c32853a89f,31a13f95-e506-43ff-9e4b-219d900409ae,Carte Interactive (IGO),HTML,cartes,NA,2026-07-10
c3d81446-d2c0-43c2-b3ab-8e05a1af4589,31a13f95-e506-43ff-9e4b-219d900409ae,Casernes de pompiers (CSV),CSV,donnees,NA,2026-07-10
7b22b7bc-66ae-4d9e-9afe-840e24e1e110,31a13f95-e506-43ff-9e4b-219d900409ae,Casernes de pompiers (GeoJSON),GeoJSON,donnees,NA,2026-07-10
bb83e35d-c6e9-48ec-af3e-d2c28672f5ec,31a13f95-e506-43ff-9e4b-219d900409ae,Casernes de pompiers (shapefile),SHP,donnees,NA,2026-07-10
7bd1c335-7210-492a-8ab1-057f1529f785,31a13f95-e506-43ff-9e4b-219d900409ae,Casernes de pompier (Service WMS),WMS,web,NA,2026-07-10
0e763de5-05d3-4841-901d-720f44f4ed18,31a13f95-e506-43ff-9e4b-219d900409ae,Casernes de pompiers (Service WFS),WFS,web,NA,2026-07-10
6b5a2be8-1334-4cca-892a-0a587f53c7ad,6a052cb5-42e6-4735-8626-02f62f1294d0,Site internet concernant la certification des centres d'urgence 9-1-1,HTML,support,NA,2015-12-17
d9e66ce6-646a-4fc1-8db7-07c0528d737e,6a052cb5-42e6-4735-8626-02f62f1294d0,Carte interactive (IGO),HTML,cartes,NA,2015-12-17
f13c3b9b-1b55-421d-a5a8-229046b006f0,6a052cb5-42e6-4735-8626-02f62f1294d0,SHP - Desserte Entente,SHP,donnees,NA,2026-07-09
84c34766-c1e6-444e-bb92-39027622aec4,6a052cb5-42e6-4735-8626-02f62f1294d0,GeoJSON - Desserte Entente,GeoJSON,donnees,NA,2026-07-09
30a1f1aa-a6bb-40e8-85fe-8370689a6378,6a052cb5-42e6-4735-8626-02f62f1294d0,Desserte 9-1-1 (wms),WMS,web,NA,2023-10-04
63e7df5a-db2c-4a1f-bbbc-b82719cf8469,6a052cb5-42e6-4735-8626-02f62f1294d0,Desserte 9-1-1 (wfs),WFS,web,NA,2025-11-17
b2fd258f-705a-4187-906f-781136e81dbb,6a052cb5-42e6-4735-8626-02f62f1294d0,SHP - Desserte 9-1-1 (couverture cellulaire),SHP,donnees,NA,2026-07-09
59b77999-ab85-48f1-9656-b05bdb72ba05,6a052cb5-42e6-4735-8626-02f62f1294d0,GeoJSON - Desserte 9-1-1 (couverture cellulaire),GeoJSON,donnees,NA,2026-07-09
a13bd329-d263-43b4-b9ae-13c9c4b675b7,adfa340a-1781-48b1-ab17-2e1ca1b915df,Interdiction de faire des feux à ciel ouvert ou à proximité (IFCO),SHP,donnees,2917,2026-07-06
6766b84b-8767-45d4-9bb8-8892a43e4336,adfa340a-1781-48b1-ab17-2e1ca1b915df,Interdiction de circuler et d'accéder en forêt (ICAF),SHP,donnees,2917,2026-07-06
2db9b6d8-00fb-4fff-95e6-e77907f78a56,adfa340a-1781-48b1-ab17-2e1ca1b915df,Restrictions de travaux en forêt (RTF),SHP,donnees,2213,2026-07-06
30a73af1-18de-4615-b792-9dd58247cbf1,adfa340a-1781-48b1-ab17-2e1ca1b915df,"Toutes les mesures préventives en place (IFCO, ICAF, RTF)",HTML,cartes,NA,2025-06-11
292fdc3d-48b8-47b2-b8f2-3f14fa88372b,adfa340a-1781-48b1-ab17-2e1ca1b915df,Interdiction de faire des feux à ciel ouvert ou à proximité (IFCO),HTML,cartes,NA,2026-07-06
e501d470-e4d9-4ba3-b08e-f324a609064d,adfa340a-1781-48b1-ab17-2e1ca1b915df,Interdiction de circuler et d'accéder en forêt (ICAF),HTML,cartes,NA,2026-07-06
f4f90cd1-2d23-4868-b7ad-7e6e46e744e5,adfa340a-1781-48b1-ab17-2e1ca1b915df,Restrictions de travaux en forêt (RTF),HTML,cartes,NA,2026-07-06
d94c42a4-603d-47d2-8d7a-66ae0b5e989c,adfa340a-1781-48b1-ab17-2e1ca1b915df,Interdiction de faire des feux à ciel ouvert ou à proximité (IFCO),GeoJSON,donnees,2213,2026-07-06
aef320ad-83c8-44ab-bd6f-2f422a65c4f9,adfa340a-1781-48b1-ab17-2e1ca1b915df,Interdiction de circuler et d'accéder en forêt  (ICAF),GeoJSON,donnees,2917,2026-07-06
300806bd-61ac-4412-b20c-2d25049ba436,adfa340a-1781-48b1-ab17-2e1ca1b915df,Restrictions de travaux en forêt (RTF),GeoJSON,donnees,2213,2026-07-06
4de10912-23cb-4e42-b730-a79fa566c75a,adfa340a-1781-48b1-ab17-2e1ca1b915df,"Mesures préventives en lien avec les feux de forêt (IFCO, ICAF, RTF)",WMS,web,NA,2026-07-06
3f4fa2ce-8375-4c72-ba73-7339f2c386eb,adfa340a-1781-48b1-ab17-2e1ca1b915df,"Mesures préventives en lien avec les feux de forêt (IFCO, ICAF, RTF)",WFS,web,NA,2026-07-06
c048bfde-729c-4d56-b036-25152f2040af,adfa340a-1781-48b1-ab17-2e1ca1b915df,Cartes officielles et informations supplémentaires,HTML,support,NA,2026-06-05
2ee97a30-8499-4f57-8347-99a3ca232aa9,adfa340a-1781-48b1-ab17-2e1ca1b915df,Interdiction de faire des feux à ciel ouvert ou à proximité (IFCO),KML,donnees,2022,2026-07-06
d4836c31-0a3e-4d5c-b9ee-070565de4909,adfa340a-1781-48b1-ab17-2e1ca1b915df,Interdiction de circuler et d'accéder en forêt (ICAF),KML,donnees,2917,2026-07-06
258a0dc0-8a81-4010-a29f-9d0e219eae0b,adfa340a-1781-48b1-ab17-2e1ca1b915df,Restrictions de travaux en forêt (RTF),KML,donnees,2213,2026-07-06
014e2a74-d798-4141-8845-aee572c70c7b,87bc7be0-a935-454f-a3db-9dae8a8354ba,Liste du bottin des services de police,CSV,donnees,NA,2026-02-10
bbd5521c-120f-494b-b2a3-a6a682d8d458,1a6267da-82ed-4ea0-b35d-9e9618a58ce7,CP Territoires – version mai 2026 – codes postaux actifs,CSV,donnees,110057201,2026-05-12
17744723-4626-4c39-a5d7-14e745362888,1a6267da-82ed-4ea0-b35d-9e9618a58ce7,CP Territoires – version mai 2026 – format SAS,TXT,donnees,9135042,2026-05-14
042e93cc-83be-42b5-a7db-504c8cdbff69,1a6267da-82ed-4ea0-b35d-9e9618a58ce7,Guide d’utilisation de CP Territoires – version mai 2026,PDF,support,2081144,2026-05-14
496f25f1-ba32-4854-88ce-84d91473b3be,1a6267da-82ed-4ea0-b35d-9e9618a58ce7,CP Territoires – version mai 2026 – codes postaux retirés,CSV,donnees,2591898,2026-05-12
c69778b7-3452-4b36-a8fd-b9ee83e96e73,1ad9131e-b5c0-4b35-8f47-38b91b80b91d,"Fiche de métadonnées, mise à jour 2026",PDF,support,1198437,2026-04-22
04dc437b-4bfa-4590-84b7-9f50d24b18af,1ad9131e-b5c0-4b35-8f47-38b91b80b91d,"Données géographiques des Comptes des terres du Québec méridional mise à jour 2026 (couverture terrestre des années 1990, 2000 et 2010, changements de couverture terrestre)",GeoTIFF,donnees,158347816,2026-04-21
070eaa0e-122b-4de9-8e9c-e1e4c98e3673,1ad9131e-b5c0-4b35-8f47-38b91b80b91d,"Carte interactive, mise à jour 2026",HTML,cartes,NA,2026-04-21
36f3fe12-e2e0-43ce-8ff4-18c0ac69cea4,839553b2-03f9-4369-b961-6e245ed0de09,Carte de couverture terrestre à haute résolution du Québec méridional,GeoTIFF,donnees,NA,2026-04-22
e2074b9c-0239-4a7c-81a0-8a4f99795e0a,839553b2-03f9-4369-b961-6e245ed0de09,"Fiche de métadonnées, carte de couverture terrestre à haute résolution du Québec méridional, édition 2026",PDF,support,1294741,2026-04-22
b872d6ec-c361-4ee4-9a31-cd57fef4c32d,839553b2-03f9-4369-b961-6e245ed0de09,"Carte interactive, mise à jour 2026",HTML,cartes,NA,2026-04-21
739e2d16-8fc9-4b53-8d1d-9149433c8942,0734819f-460a-4dcd-9699-5c4c398ab651,Système de grilles vectorielles - format FGDB compressée (mise à jour 2026),FGDB,donnees,NA,2026-04-21
627181f2-060f-41ea-a134-70cab1203d0e,0734819f-460a-4dcd-9699-5c4c398ab651,Système de grilles vectorielles - format Geopackage (mise à jour 2026),GPKG,donnees,NA,2026-04-21
9fd0c852-1b7e-43ba-acfc-923bd6f4b867,4479a1d9-9eb6-4080-9b4b-f4ab4e3170b4,"Fichier actif du code géographique ou D001, version complète (format XML)",XML,donnees,10051727,2026-03-13
e3dbf79f-7812-4ac5-95bf-1f1e39fe2940,4479a1d9-9eb6-4080-9b4b-f4ab4e3170b4,"Fichier actif du code géographique ou D001, version simplifiée (format XML)",XML,donnees,3342409,2026-03-13
34c64017-6043-4afc-a00c-49bcf3d3c162,4479a1d9-9eb6-4080-9b4b-f4ab4e3170b4,Fichier historique du code géographique ou D002 (format XML),XML,donnees,3882745,2026-03-13
9a071081-eb3b-42e0-9a47-119f0e5b65d3,4479a1d9-9eb6-4080-9b4b-f4ab4e3170b4,"Fichier actif du code géographique ou D001 (format TXT, caractères accentués)",TXT,donnees,1835369,2026-03-13
f4b20141-bdd9-4a82-8037-90578a039621,4479a1d9-9eb6-4080-9b4b-f4ab4e3170b4,"Fichier historique du code géographique ou D002 (format TXT, caractères accentués)",TXT,donnees,3074404,2026-03-13
978cc687-1fd5-4540-a1eb-e6c2c80c375e,4479a1d9-9eb6-4080-9b4b-f4ab4e3170b4,Fiche de métadonnées des fichiers du code géographique du Québec (2025),PDF,support,NA,2026-03-13
12a4fd8b-0691-41fd-8b00-8a62b32cff03,5a42f74f-f9b9-45fb-a951-0c4942161c22,FGDB de la géographie du recensement de 2016 harmonisée pour le Québec,FGDB,donnees,84327000,2020-02-21
8a0dbd87-2deb-494b-a0bb-9394d7328ac1,5a42f74f-f9b9-45fb-a951-0c4942161c22,Fichiers shape de la géographie du recensement de 2016 harmonisée pour le Québec,SHP,donnees,164863142,2020-02-21
673bcbe6-ba13-42f4-bd9c-a87288c78527,5a42f74f-f9b9-45fb-a951-0c4942161c22,Rapport de projet et guide explicatif,PDF,support,1788270,2021-07-12
4efea2ce-9398-45be-bdbb-e2683b5c52bc,5a42f74f-f9b9-45fb-a951-0c4942161c22,Geopackage de la géographie du recensement de 2016 harmonisée pour le Québec,GPKG,donnees,167164253,2021-07-14
54e90bae-cd3f-4864-97a3-0d8ad699121a,5c88fe6f-0e8e-4146-94e7-aaab7cf0ea61,Licences de fournisseur de systèmes électroniques en vigueur en format CSV,CSV,donnees,2421,2026-07-11
e5bc96f7-017d-4ec9-b1dd-76d106ef7b52,5c88fe6f-0e8e-4146-94e7-aaab7cf0ea61,Licences de fournisseur de systèmes électroniques en vigueur en format Excel,XLSX,donnees,4492,2026-07-11
6090a07e-0cf2-4e91-83df-045a5d013c41,5c88fe6f-0e8e-4146-94e7-aaab7cf0ea61,Licence de fournisseur de systèmes électroniques en vigueur en format JSON,JSON,donnees,3194,2026-07-11
1f5dd07f-4fca-4b22-9856-19b9ac0ddc61,2222f024-e94d-4976-a11e-1a57ed558f3d,Licences de systèmes de loteries en format CSV,CSV,donnees,337847,2026-07-11
393bd280-5f64-4841-b1a7-0a67f29a24dc,2222f024-e94d-4976-a11e-1a57ed558f3d,Licences de systèmes de loteries en format JSON,JSON,donnees,560134,2026-07-11
a4eeabf3-fc95-4a60-b721-44ab00514b1d,2222f024-e94d-4976-a11e-1a57ed558f3d,Licences de systèmes de loteries en format Excel,XLSX,donnees,120343,2026-07-11
3aee65f3-4a79-4d9b-8d54-027a5dfc93ae,2180052d-8382-4938-ae14-37f5e594d26f,Licences de bingo en format CSV,CSV,donnees,250958,2026-07-08
d29b1267-ad6d-4ee7-a4e4-86fe1163d9fb,2180052d-8382-4938-ae14-37f5e594d26f,Licences de bingo en format JSON,JSON,donnees,325756,2026-07-08
2bf34ee3-f6cd-41ff-8a61-be9805b31a35,2180052d-8382-4938-ae14-37f5e594d26f,Licences de bingo en format Excel,XLSX,donnees,122409,2026-07-08
6b69360c-af8d-4c57-b5bf-1c38d5461de3,d817c9f7-76c7-44af-882d-0d673056ef86,Licences de détaillants en alcool en format CSV,CSV,donnees,7030928,2026-07-08
84cd987a-e218-447f-8ea3-8afbc2793389,d817c9f7-76c7-44af-882d-0d673056ef86,Licences de détaillants en alcool en format JSON,JSON,donnees,6896954,2026-07-08
649979d2-49ec-4989-8e32-ff48bfe2a9af,d817c9f7-76c7-44af-882d-0d673056ef86,Licences de détaillants en alcool en format Excel,XLSX,donnees,3544749,2026-07-08
56be4c85-b3ef-46b8-8912-2fcf0eebbfc5,891479b9-e728-4940-8512-09794653c471,Licences de fabricants d'alcool en format CSV,CSV,donnees,312458,2026-06-17
6b143028-cb62-4f76-860c-6cf0eab8ea0b,891479b9-e728-4940-8512-09794653c471,Licences de fabricants d'alcool en format JSON,JSON,donnees,556494,2026-06-17
ad7a62f5-382e-4783-80e9-783c382ebeda,891479b9-e728-4940-8512-09794653c471,Licences de fabricants d'alcool en format Excel,XLSX,donnees,125718,2026-06-17
57de3624-f112-4954-9cb5-9d1f0875938f,dfad1e74-ecff-492a-9676-f593c7a2c9a2,Licences d'appareils d'amusement en format JSON,JSON,donnees,20395,2026-06-17
5b27ecdd-b777-4d00-a4f0-b0711d60a977,dfad1e74-ecff-492a-9676-f593c7a2c9a2,Licences d'appareils d'amusement en format CSV,CSV,donnees,12638,2026-06-17
49d2190c-35ab-4a9a-acac-d865bc05b127,dfad1e74-ecff-492a-9676-f593c7a2c9a2,Licences d'appareils d'amusement en format XML,XML,donnees,21798,2026-06-17
b27c15ed-5c95-4c17-8ec2-d135d1d047c5,dfad1e74-ecff-492a-9676-f593c7a2c9a2,Licences d'appareils d'amusement en format Excel,XLSX,donnees,11982,2026-06-17
5fed8b37-1eba-4478-a340-4b91fd276c8d,5dfc0cd4-8596-4a9a-933a-65b79a5b5a6d,Licences de courses de chevaux en format CSV,CSV,donnees,102675,2026-06-17
6649a14b-f13e-4419-8779-226fcc171fc0,5dfc0cd4-8596-4a9a-933a-65b79a5b5a6d,Licences de courses de chevaux en format JSON,JSON,donnees,137255,2026-06-17
c984e7cc-3fb7-4eea-8d90-f50ec7ac60e4,5dfc0cd4-8596-4a9a-933a-65b79a5b5a6d,Licences de courses de chevaux en format Excel,XLSX,donnees,56637,2026-06-17
56c0f8c8-bece-45fb-aa47-daf5d7d69ac8,777a8cfc-9d97-4959-b89a-37c07f11dd5c,Territoire postes auxiliaires,GeoJSON,donnees,7345985,2026-02-27
6b60ef66-886b-4e1f-9afc-2e48caf51959,777a8cfc-9d97-4959-b89a-37c07f11dd5c,Territoire autoroutier,GeoJSON,donnees,9929613,2026-02-27
48cb17de-3013-4147-846e-b602702a6c67,777a8cfc-9d97-4959-b89a-37c07f11dd5c,Bureaux Sûreté du Québec,GeoJSON,donnees,116868,2026-02-27
c8458724-455f-4678-8b40-f9eee05c4c08,777a8cfc-9d97-4959-b89a-37c07f11dd5c,Territoire postes MRC,GeoJSON,donnees,31637091,2026-02-27
1d3ef8aa-53d8-4f49-a578-4eafe357ed07,777a8cfc-9d97-4959-b89a-37c07f11dd5c,Territoire district,GeoJSON,donnees,9854409,2026-02-27
bcefe119-db45-4c7e-8abe-2b7301fa1f77,777a8cfc-9d97-4959-b89a-37c07f11dd5c,Territoire CSMRC,GeoJSON,donnees,25044230,2026-02-27
86c5b552-0d51-4e6b-bc85-0aad39c9ba8f,777a8cfc-9d97-4959-b89a-37c07f11dd5c,Territoite région,GeoJSON,donnees,12939090,2026-02-27
79befdfa-9d7e-470c-a6ca-0304dd2e964e,777a8cfc-9d97-4959-b89a-37c07f11dd5c,Métadonnées DSQ,PDF,support,593204,2026-02-27
b50b99c2-fd80-4dad-ae1b-47d5e0654500,89fdc53c-cf70-485f-ab1a-9b10044d9f15,État des stations BIXI,GBFS,donnees,NA,2026-07-11
d0f48d14-880e-436f-96d3-bc354da5a9d2,e7cd6412-a544-48cf-8e56-7bc1502716de,Déplacements BIXI - par mois,CSV,donnees,NA,2026-04-01
f777eeb1-009b-45ef-a504-5f4f48b4a9f4,53d2e529-25e4-4d30-b914-069147ad5402,Réhabilitation des sites contaminés sous la responsabilité de l'État,CSV,donnees,819953,2026-01-29
931504ff-3e72-4ea5-8e30-d5e81d73346f,53d2e529-25e4-4d30-b914-069147ad5402,Description des champs - Réhabilitation des sites contaminés sous la responsabilité de l’État,PDF,support,201134,2026-01-29
e2edeaf5-b632-4834-8c7b-5987ad090112,53d2e529-25e4-4d30-b914-069147ad5402,Réhabilitation des sites contaminés sous la responsabilité de l'État,HTML,cartes,NA,2026-01-29
d10614ed-e2f4-47ff-bdf4-15523ca5a7cf,8baf4fa8-da8d-4a2c-a787-b0ef648c2f35,Statistiques fiscales des sociétés – Sommaire des statistiques fiscales des sociétés,CSV,donnees,119318,2026-01-19
910257c8-1203-4ee9-8c6f-d99331bb1446,8baf4fa8-da8d-4a2c-a787-b0ef648c2f35,Description des champs - Sommaire des statistiques fiscales des sociétés,PDF,support,138338,2023-04-25
faafc34e-d67f-4912-a32c-98e2ab1482be,f94cd34c-8202-4cfe-9610-6ae10bf34bc3,"Revenus, dépenses et investissements des fonds spéciaux 2024-2025",CSV,donnees,65925,2025-10-21
11699738-f16e-4b10-90e2-302d8c54128e,f94cd34c-8202-4cfe-9610-6ae10bf34bc3, Dépenses et investissements du fonds général 2024-2025,CSV,donnees,162009,2025-10-21
f69a6bee-eb77-44f3-9701-6e280cb8abb4,f94cd34c-8202-4cfe-9610-6ae10bf34bc3,Dépenses de transfert du fonds général par objets d’aide 2024-2025,CSV,donnees,37388,2025-10-21
3a582f87-b0cb-4591-b681-874708b2a1c8,f94cd34c-8202-4cfe-9610-6ae10bf34bc3,Dépenses de transfert du fonds général par bénéficiaires 2024-2025,CSV,donnees,8630,2025-10-21
93626d7a-4f69-4de0-ba63-4b4fcd1ab193,f94cd34c-8202-4cfe-9610-6ae10bf34bc3,Évolution des crédits initiaux du fonds général 2024-2025,CSV,donnees,48912,2025-10-21
cc936ac9-b2ec-4bc0-a5ba-226759d2fd35,f94cd34c-8202-4cfe-9610-6ae10bf34bc3,"Revenus, dépenses et investissements des fonds spéciaux 2023-2024",CSV,donnees,61517,2024-12-04
994c610d-ff8a-4c8d-8fc4-0b1ce5f89f92,f94cd34c-8202-4cfe-9610-6ae10bf34bc3,Dépenses et investissements du fonds général 2023-2024,CSV,donnees,252214,2024-12-10
acc2b4db-fd73-4ea4-8d54-32246d7d11f2,f94cd34c-8202-4cfe-9610-6ae10bf34bc3,Dépenses de transfert du fonds général par objets d’aide 2023-2024,CSV,donnees,38584,2024-12-04
5eeb3cfc-28cf-4a45-9953-5ba10bbaabd8,f94cd34c-8202-4cfe-9610-6ae10bf34bc3,Dépenses de transfert du fonds général par bénéficiaires 2023-2024,CSV,donnees,9185,2024-12-10
41854c70-d410-43f1-98d1-ffb5ee53d6a5,f94cd34c-8202-4cfe-9610-6ae10bf34bc3,"Revenus, dépenses et investissements des fonds spéciaux 2022-2023",CSV,donnees,56854,2024-04-30
a45f9ca0-4099-49fd-ba54-d4ddb9c1a34b,f94cd34c-8202-4cfe-9610-6ae10bf34bc3,Dépenses et investissements du fonds général 2022-2023,CSV,donnees,125999,2024-11-22
1ecf7713-c086-429f-964b-6c56bd491dc4,f94cd34c-8202-4cfe-9610-6ae10bf34bc3,Dépenses de transfert du fonds général 2022-2023,CSV,donnees,99385,2024-04-30
7228f129-2b57-41f2-8814-82b85270accc,f94cd34c-8202-4cfe-9610-6ae10bf34bc3,"Revenus, dépenses et investissements des fonds spéciaux 2021-2022",CSV,donnees,55328,2024-04-30
5a8e1ab1-caac-4160-8e2e-dd6b106c87fc,f94cd34c-8202-4cfe-9610-6ae10bf34bc3,Dépenses et investissements du fonds général 2021-2022,CSV,donnees,124208,2023-07-24
2f856e29-1f0f-4403-8691-dc1b68096b5b,f94cd34c-8202-4cfe-9610-6ae10bf34bc3,Dépenses de transfert du fonds général 2021-2022,CSV,donnees,98237,2024-08-09
a6e9462c-d415-4344-b6fe-43271d373b53,55b05d9f-93d1-450f-a8b9-c761b0c001a8,Statistiques financières – Volume 1,CSV,donnees,21790,2025-10-21
89af3537-4506-488c-8d0e-6d85b4033a0e,be36f85e-e419-4978-9c34-cb5795622595,Liste des centres de la petite enfance (CPE) et des garderies en fonction,CSV,donnees,686979,2026-07-03
bc9dbf00-a697-4b58-bded-753f1b25335b,ed951823-4179-415b-bb25-b009320450e6,Liste des bureaux coordonnateurs de la garde éducative en milieu familial ,CSV,donnees,39244,2026-07-03
c6393097-24f7-4de3-8909-086733afd7c0,1d291579-a5ec-41e6-af4b-c8dfa293c025,Films disponibles à BAnQ (support physique),CSV,donnees,23884322,2026-07-10
03daac9e-c20d-472a-954d-b0fa22dfba45,1d291579-a5ec-41e6-af4b-c8dfa293c025,Dictionnaire des données,CSV,support,989,2024-10-01
0fab8d3e-7b40-4eb9-a212-286e5c404a24,9724834a-d6c5-4838-af8d-7b006f92f128,Documents publiés au Québec,CSV,donnees,85744402,2026-07-10
e06b0829-a8b9-48fc-b7ea-b35ea7da40b4,9724834a-d6c5-4838-af8d-7b006f92f128,Dictionnaire des données,CSV,support,1778,2024-10-01
1ffe3565-2107-4ef7-979b-1afaaa1c3b6d,54bd180f-3c66-41e1-a3b0-bd176cd9bb2d,Auteurs (personnes et organismes) ayant publié au Québec,CSV,donnees,44445761,2026-06-29
fa71dd0d-a730-4611-a6a5-49f6eb77b97e,54bd180f-3c66-41e1-a3b0-bd176cd9bb2d,Dictionnaire des données,PDF,support,303692,2024-10-08
25bddc87-e71a-4668-bb37-55b30003dd55,231a38a8-f28e-4bef-82ea-dc98a14c1b6f,Dictionnaire des données,CSV,support,4723760,2025-10-10
01183d3e-c79c-4d09-915c-f35ffe4dfda8,231a38a8-f28e-4bef-82ea-dc98a14c1b6f,Statistiques annuelles des bibliothèques publiques 2024,CSV,donnees,209698,2025-10-06
316003f6-bf1b-498b-960a-fd5101a25fc0,231a38a8-f28e-4bef-82ea-dc98a14c1b6f,Statistiques annuelles des bibliothèques publiques- 2023,CSV,donnees,208425,2025-10-02
76a526eb-d347-4acf-956b-9280eea69040,231a38a8-f28e-4bef-82ea-dc98a14c1b6f,Statistiques annuelles des bibliothèques publiques- 2022,CSV,donnees,214204,2025-10-08
f0fc258f-3d5a-47f1-a8a3-51494a7a7a49,231a38a8-f28e-4bef-82ea-dc98a14c1b6f,Statistiques annuelles des bibliothèques publiques 2021,CSV,donnees,211202,2025-10-08
66faacac-89bd-43d4-b265-90948bad62d5,231a38a8-f28e-4bef-82ea-dc98a14c1b6f,Statistiques annuelles des bibliothèques publiques- 2020,CSV,donnees,206879,2025-10-07
6a37c40b-c1b3-4069-9353-61620ec6a490,231a38a8-f28e-4bef-82ea-dc98a14c1b6f,Statistiques annuelles des bibliothèques publiques- 2019,CSV,donnees,207125,2025-10-02
16ee23bf-09ed-4c13-80a1-9eeee96f26e7,231a38a8-f28e-4bef-82ea-dc98a14c1b6f,Statistiques annuelles des bibliothèques publiques- 2018,CSV,donnees,204931,2025-01-10
e10777e9-1352-4901-8156-d8143df2b4da,231a38a8-f28e-4bef-82ea-dc98a14c1b6f,Statistiques annuelles des bibliothèques publiques- 2017,CSV,donnees,200002,2025-01-10
bed5a436-8cc9-4a51-8ae7-f254b4fa3719,231a38a8-f28e-4bef-82ea-dc98a14c1b6f,Statistiques annuelles des bibliothèques publiques- 2016,CSV,donnees,196867,2025-01-10
cdd4a47e-a85d-4b48-985d-dc004d6ff44d,231a38a8-f28e-4bef-82ea-dc98a14c1b6f,Statistiques annuelles des bibliothèques publiques 2015,CSV,donnees,197759,2025-01-10
439f258c-ca0e-49d6-8d5d-f9941943d9f1,231a38a8-f28e-4bef-82ea-dc98a14c1b6f,Statistiques annuelles des bibliothèques publiques 2014,CSV,donnees,188086,2025-01-10
2f2f7c0c-94a5-42f7-b67d-b979de4cc34a,231a38a8-f28e-4bef-82ea-dc98a14c1b6f,Statistiques annuelles des bibliothèques publiques 2013,CSV,donnees,180184,2025-01-10
aae62b07-8db0-4c77-a710-6d3c65ae7c8e,231a38a8-f28e-4bef-82ea-dc98a14c1b6f,Statistiques annuelles des bibliothèques publiques 2012,CSV,donnees,150710,2025-01-10
45768c45-56d3-4f84-bcdb-7f57d0d660ab,231a38a8-f28e-4bef-82ea-dc98a14c1b6f,Statistiques annuelles des bibliothèques publiques 2011,CSV,donnees,142983,2025-01-10
d118af83-de91-4ff5-b963-1e1ddf4f2e9e,231a38a8-f28e-4bef-82ea-dc98a14c1b6f,Statistiques annuelles des bibliothèques publiques 2010,CSV,donnees,139173,2025-01-10
2acd47dd-f761-4e01-8a13-c68ab45f521c,231a38a8-f28e-4bef-82ea-dc98a14c1b6f,Statistiques annuelles des bibliothèques publiques 2009,CSV,donnees,136246,2025-01-10
d210713d-32d7-409b-94b1-29cd5c87941b,231a38a8-f28e-4bef-82ea-dc98a14c1b6f,Statistiques annuelles des bibliothèques publiques 2008,CSV,donnees,135517,2025-01-10
dd36b3a7-a8c6-46bd-b3b5-d79d24dc395e,231a38a8-f28e-4bef-82ea-dc98a14c1b6f,Statistiques annuelles des bibliothèques publiques 2007,CSV,donnees,132751,2025-01-10
b5119897-c901-4a0d-87c4-4bd1c84dd282,a5a36aa3-1b1a-4dd1-a78b-23008e368ef7,Bottin des bibliothèques publiques du Québec,CSV,donnees,138274,2025-09-18
039539f5-af55-4d8f-9010-ca718e45c2a5,93d640ec-d059-4768-b7ed-388604b278aa,Gars1980-2025.csv,CSV,donnees,4649820,2026-06-18
bf77b504-54b9-4db8-be53-b92156175c12,13db2583-427a-4e5f-b679-8532d3df571f,Filles 1980-2025,CSV,donnees,26807847,2026-06-18
0bf0ab82-6bb9-4b76-ba2a-8eb10ed8d0ba,321704c6-8e6b-4d25-8115-9e8c07837705,"Données relatives au Régime de rentes du Québec, de 1966 à 2023",CSV,donnees,3262,2025-08-04
6ac0af2b-04ba-4f20-a877-4b1368108266,321704c6-8e6b-4d25-8115-9e8c07837705,"Prestations mensuelles maximales payables aux nouveaux bénéficiaires, selon le type de prestations, de 1967 à 2023",CSV,donnees,8269,2025-08-05
9eee8ed4-4a53-455c-a32b-a0ca4cd65d85,321704c6-8e6b-4d25-8115-9e8c07837705,"Gains moyens des travailleur(-euse)s et des cotisant(e)s et cotisation moyenne, selon le sexe, de 1966 à 2021   ",CSV,donnees,8361,2025-08-05
178b11ef-77e4-4623-a6e2-31412456dc41,321704c6-8e6b-4d25-8115-9e8c07837705,"Nombre de cotisant(e)s, selon la présence de gains de travail obtenus au Québec, de 1966 à 2021",CSV,donnees,4842,2025-08-05
54f761a0-87c7-4901-a8c3-d62afb8a2288,321704c6-8e6b-4d25-8115-9e8c07837705,"Nombre de nouveaux cotisant(e)s, selon l’âge, de 1966 à 2021",CSV,donnees,3876,2025-12-02
cacc5065-31fa-41a0-bb5e-b6d54a417390,321704c6-8e6b-4d25-8115-9e8c07837705,"Partage des gains : répartition des partages effectués selon le sexe et le nombre d’années additionnelles de gains résultant du partage, de 2002 à 2023",CSV,donnees,2010,2025-08-05
d4339fce-70f2-441f-8afc-beac6280d768,321704c6-8e6b-4d25-8115-9e8c07837705,"Nombre de bénéficiaires au 31 décembre, selon le sexe et le type de prestations, de 1968 à 2023 ",CSV,donnees,6428,2025-08-06
d64af6c9-6927-4745-8183-a0fb4d0dfc67,321704c6-8e6b-4d25-8115-9e8c07837705,"Nombre de nouveaux bénéficiaires, selon le sexe et le type de prestations, de 1968 à 2020  ",CSV,donnees,6715,2022-02-24
0359ab61-104b-4187-a434-7a197912b8a8,321704c6-8e6b-4d25-8115-9e8c07837705,"Rente mensuelle moyenne des bénéficiaires au 31 décembre, selon le sexe et le type de rente, de 1968 à 2020   ",CSV,donnees,4839,2022-02-24
dd203e1a-42a2-4db5-9707-ed4d13c5842a,321704c6-8e6b-4d25-8115-9e8c07837705,"Rente mensuelle moyenne versée aux nouveaux bénéficiaires selon le sexe et le type de rente, de 1968 à 2020",CSV,donnees,4742,2023-06-26
38739c44-c525-4db4-863c-9292b3109d1b,d8853d64-bb8e-47b8-aa56-65c2944608a0, Index de téléchargement en format Shapefile,SHP,donnees,18768,2025-01-22
69104c01-f9f7-47de-bed9-26b733e44256,d8853d64-bb8e-47b8-aa56-65c2944608a0,Index de téléchargement en format KML,KML,donnees,334332,2025-10-21
257a2abf-38b1-44e0-be80-c0f59eee3e9c,d8853d64-bb8e-47b8-aa56-65c2944608a0,Index de téléchargement en format CSV,CSV,donnees,NA,2025-10-22
64897ea5-c153-4908-bc9f-a66921eef4f1,d8853d64-bb8e-47b8-aa56-65c2944608a0,Index de téléchargement en format GeoPackage,GPKG,donnees,385024,2025-10-21
ab6b225e-5400-4f73-a23f-d07c89494f0f,d8853d64-bb8e-47b8-aa56-65c2944608a0,Mosaïque d'orthophotographies aériennes,WMS,web,NA,2025-10-22
6d7d550a-aaef-4ede-808b-43b3e1f956bb,5e1e394a-3acd-4b10-9d38-a6a335660b2e, Index de téléchargement et métadonnées en format shapefile,SHP,donnees,NA,2025-10-21
0baaeb88-4f9c-4099-af34-5b0188b9675a,5e1e394a-3acd-4b10-9d38-a6a335660b2e,Index de téléchargement et métadonnées en format csv,CSV,donnees,NA,2025-01-22
91227fec-0cdb-421a-9913-ab8fae5b6b90,5e1e394a-3acd-4b10-9d38-a6a335660b2e,Mosaïque d’orthophotographies aériennes,WMS,web,NA,2025-10-21
d665d4f7-bb6d-4543-a2ca-511d3ffd9d40,5e1e394a-3acd-4b10-9d38-a6a335660b2e,Index de téléchargement,WMS,web,NA,2025-01-22
c043f145-8862-46b4-9b9a-85efc215731f,5e1e394a-3acd-4b10-9d38-a6a335660b2e,Index de téléchargement en format GeoPackage,GPKG,donnees,700416,2025-10-21
8c87e0d0-e8da-4140-a6ff-14157ab751d5,6975296f-4ff9-4d40-b10c-44ec9d472474,Pistes cyclables,CSV,donnees,NA,2025-04-24
218c0969-158a-420c-8ce7-350b65b07925,6975296f-4ff9-4d40-b10c-44ec9d472474,Pistes cyclables,GeoJSON,donnees,635049,2025-11-25
98974e13-5668-4a3b-825d-e2f0d812fe74,6975296f-4ff9-4d40-b10c-44ec9d472474,Pistes cyclables,KML,donnees,NA,2025-04-24
68bdb955-764a-4f6b-8d32-d70e77e2e7cb,6975296f-4ff9-4d40-b10c-44ec9d472474,Pistes cyclables,SHP,donnees,NA,2025-04-24
f01565de-4479-453f-a898-a777c7524bfe,6975296f-4ff9-4d40-b10c-44ec9d472474,Pistes cyclables,XLSX,donnees,NA,2025-04-24
150eaf24-144a-452c-851d-cf25dd2f287f,f1e7f552-278d-47d6-89c9-6aa9d3293bd1,Débits de circulation,CSV,,NA,2025-04-24
388e4ff5-e1f1-4c81-a734-79b907fcf236,f1e7f552-278d-47d6-89c9-6aa9d3293bd1,Débits de circulation,GeoJSON,,3711299,2025-11-19
d48a3880-baf9-4317-ba2d-6262c83893d1,f1e7f552-278d-47d6-89c9-6aa9d3293bd1,Débits de circulation,KML,,NA,2025-04-24
9fb17fa7-0d83-4f2d-bcf0-991e945ff915,f1e7f552-278d-47d6-89c9-6aa9d3293bd1,Débits de circulation,XLSX,,NA,2025-11-20
9cec45d5-32db-4602-9ae4-d5f918c64c92,f1e7f552-278d-47d6-89c9-6aa9d3293bd1,Débits de circulation,XML,,NA,2025-04-24
4cfaaf8d-172f-4213-8302-c5e183dff278,f1e7f552-278d-47d6-89c9-6aa9d3293bd1,Débits de circulation,SHP,,NA,2025-04-24
d4196fa6-6e74-4d02-9180-a671d22ec703,2d3b5cf8-b347-49c7-ad3b-bd6a9c15e443,Carte interactive,HTML,cartes,NA,2022-01-17
2ae11c05-03b2-4006-bdb2-a49a4fa41c23,2d3b5cf8-b347-49c7-ad3b-bd6a9c15e443,Établissements d'enseignement,SHP,donnees,1205668,2026-07-07
5d254f95-5ebd-474a-bdc2-59db68ae1e33,2d3b5cf8-b347-49c7-ad3b-bd6a9c15e443,Données ouvertes du MEQ-MES,FGDB,donnees,31873999,2026-07-07
fbca9e80-7ef1-493a-83dd-85f55349017e,2d3b5cf8-b347-49c7-ad3b-bd6a9c15e443,Données ouvertes du MEQ-MES,LYR,donnees,164803,2022-01-17
9ee9fca6-577e-4cac-af06-5960b08c804e,2d3b5cf8-b347-49c7-ad3b-bd6a9c15e443,Données ouvertes du MEQ-MES,WMS,web,NA,2022-01-17
6918156e-38e2-4466-af9a-be98d2861077,2d3b5cf8-b347-49c7-ad3b-bd6a9c15e443,Données ouvertes du MEQ-MES,WFS,web,NA,2022-01-17
fc806a50-7e84-4f39-acae-69069e4784bf,2d3b5cf8-b347-49c7-ad3b-bd6a9c15e443,Établissements d'enseignement collégial,GeoJSON,donnees,247154,2026-07-07
f93b5275-9708-4de2-aea3-38273753694d,2d3b5cf8-b347-49c7-ad3b-bd6a9c15e443,Établissements d'enseignement universitaire,GeoJSON,donnees,18042,2026-07-07
819dd537-484d-455f-85dd-af2c9cb5777d,2d3b5cf8-b347-49c7-ad3b-bd6a9c15e443,Établissements d'enseignement gouvernemental,GeoJSON,donnees,31723,2026-07-07
9726e4e8-b8c0-48d2-9eb5-9317bcf06f99,2d3b5cf8-b347-49c7-ad3b-bd6a9c15e443,Établissements privés,GeoJSON,donnees,144688,2026-07-07
365bd2f1-b5ac-42b6-a41a-1e01e198ab69,2d3b5cf8-b347-49c7-ad3b-bd6a9c15e443,Installations privées,GeoJSON,donnees,315145,2026-07-07
9d7ad61f-be5c-4ebf-9433-f8168fabc8ed,2d3b5cf8-b347-49c7-ad3b-bd6a9c15e443,Écoles publiques,GeoJSON,donnees,5960498,2026-07-07
f6fa5c86-e330-44bc-a5f4-2d6c8a1ae000,2d3b5cf8-b347-49c7-ad3b-bd6a9c15e443,Immeubles publics,GeoJSON,donnees,3276174,2026-07-07
1e41afc2-1b65-4f90-86ac-900d5eeacb25,2d3b5cf8-b347-49c7-ad3b-bd6a9c15e443,Sièges sociaux des centres de services et commissions scolaires,GeoJSON,donnees,43138,2026-07-07
03b26498-7d27-4c20-9b9a-9305afb4d88d,2d3b5cf8-b347-49c7-ad3b-bd6a9c15e443,Sièges sociaux des organismes scolaires,GeoJSON,donnees,2081378,2026-07-07
7c5a3d49-2ed1-4b86-8d14-4ae0d3668d89,2d3b5cf8-b347-49c7-ad3b-bd6a9c15e443,Tous les établissements d'enseignement,GeoJSON,donnees,1061623,2026-07-07
1785b8b4-d346-4478-9853-6807222b3141,2d3b5cf8-b347-49c7-ad3b-bd6a9c15e443,Établissements d'enseignement,TAB,donnees,1281607,2025-10-07
13aa95e2-22a3-4f20-878a-47dbf3480338,2d3b5cf8-b347-49c7-ad3b-bd6a9c15e443,Établissements d'enseignement collégial,CSV,donnees,98784,2026-07-07
fc341512-12f8-431d-9225-d6b0c09c05cd,2d3b5cf8-b347-49c7-ad3b-bd6a9c15e443,Établissements d'enseignement universitaire,CSV,donnees,7371,2026-07-07
881849c6-9cde-46e5-a3b4-ea131e603962,2d3b5cf8-b347-49c7-ad3b-bd6a9c15e443,Établissements d'enseignement gouvernemental,CSV,donnees,12716,2026-07-07
83aae1b5-87b5-4e3d-9074-c0d4778fe812,2d3b5cf8-b347-49c7-ad3b-bd6a9c15e443,Établissements privés,CSV,donnees,55571,2026-07-07
e22aa6f1-c4ff-4896-9534-6fa65133b3e9,2d3b5cf8-b347-49c7-ad3b-bd6a9c15e443,Installations privées,CSV,donnees,125767,2026-07-07
c6640a54-bc4b-43ec-864e-6c325dce61bc,2d3b5cf8-b347-49c7-ad3b-bd6a9c15e443,Écoles publiques,CSV,donnees,2303466,2026-07-07
6c444597-1803-4263-a6fd-a3e814df4a03,2d3b5cf8-b347-49c7-ad3b-bd6a9c15e443,Immeubles publics,CSV,donnees,1017995,2026-07-07
af51e052-dc4e-4d36-b341-09f83ebce263,2d3b5cf8-b347-49c7-ad3b-bd6a9c15e443,Sièges sociaux des centres de services scolaires et des commissions scolaires,CSV,donnees,16793,2026-07-07
fbcb0e03-1f1a-4467-a6f8-2c275dc0056d,2d3b5cf8-b347-49c7-ad3b-bd6a9c15e443,Sièges sociaux des organismes scolaires,CSV,donnees,804996,2026-07-07
7999a604-b28b-4f00-a581-0f942d14d751,2d3b5cf8-b347-49c7-ad3b-bd6a9c15e443,Établissements d'enseignement,KML,donnees,13962205,2026-07-07
523f10ea-f5ff-492a-8fd9-4dbe9ec9b44f,2d3b5cf8-b347-49c7-ad3b-bd6a9c15e443,Guide d'utilisateur des données géospatiales ouvertes,PDF,support,506432,2022-03-07
fd6c8aec-ed2e-4655-a4be-83abaa4c396f,004de02c-19f1-4da0-9af8-33f893e41972,Atlas de la dévaforisation,HTML,cartes,NA,2020-04-22
0ccf0f54-c9ff-456d-ac74-3ccd7b57b1dd,004de02c-19f1-4da0-9af8-33f893e41972,Indices de défavorisation,GPKG,donnees,77967386,2026-05-27
6c5d4a5d-ba3b-40a6-b570-916f43ab622c,004de02c-19f1-4da0-9af8-33f893e41972,Défavorisation - Écoles primaires 2025-2026,CSV,donnees,306642,2026-05-26
3e9aa43a-c32b-4779-b258-8407db716813,004de02c-19f1-4da0-9af8-33f893e41972,Défavorisation - Écoles secondaires 2025-2026,CSV,donnees,82895,2026-05-26
f9ac688c-4575-42a9-983a-cd7f3f52094a,004de02c-19f1-4da0-9af8-33f893e41972,Défavorisation - Écoles primaires 2025-2026,GeoJSON,donnees,1077769,2026-05-26
babc409c-f0d0-451d-8abb-04fe8e0ee90a,004de02c-19f1-4da0-9af8-33f893e41972,Défavorisation - Écoles secondaires 2025-2026,GeoJSON,donnees,290819,2026-05-26
5e5c85e3-d973-462d-aacf-e6e7412bf247,004de02c-19f1-4da0-9af8-33f893e41972,Unité de peuplement 2023,GeoJSON,donnees,169824468,2026-07-03
38efb9c5-60fc-41fc-b4e9-8cb6e20c3133,004de02c-19f1-4da0-9af8-33f893e41972,Page d'accueil,HTML,support,NA,2020-06-01
201c1827-8425-44fe-9b7d-f716d8bf4934,004de02c-19f1-4da0-9af8-33f893e41972,Guide d'utilisation,PDF,support,428691,2026-07-03
773af869-2956-4990-bd18-8e821799e96f,004de02c-19f1-4da0-9af8-33f893e41972,Indices de défavorisation,FGDB,donnees,21239456,2026-05-26
5a00456e-1633-45fd-9fce-95cd00a1409e,004de02c-19f1-4da0-9af8-33f893e41972,Indices de défavorisation,SHP,donnees,43524756,2026-05-26
ec3f0bf8-0cb5-4f42-a082-33f079e99dcf,37d944eb-335b-40fe-8d80-835ff77bc5cb,Carte interactive,HTML,cartes,NA,2017-10-16
1a36d56d-6a16-41f2-ac42-61a9e442de11,37d944eb-335b-40fe-8d80-835ff77bc5cb,Centres de services scolaires et commissions scolaires,KML,donnees,17157317,2026-06-23
2ded8ebe-5e71-4dff-91de-896b4150e19c,37d944eb-335b-40fe-8d80-835ff77bc5cb,Centres de services scolaires et commissions scolaires,SHP,donnees,111910860,2026-06-23
24c518ac-c61d-430e-a50f-ced29ceb103e,37d944eb-335b-40fe-8d80-835ff77bc5cb,Données ouvertes du MEQ-MES,FGDB,donnees,31875726,2026-06-23
d01e3a68-44d9-48a9-bcb1-6874e8302729,37d944eb-335b-40fe-8d80-835ff77bc5cb,Données ouvertes du MEQ-MES,LYR,donnees,164803,2017-10-16
4f49978c-99ba-43d1-9317-d1307cee2315,37d944eb-335b-40fe-8d80-835ff77bc5cb,Centres de services scolaires et commissions scolaires,TAB,donnees,42708015,2025-10-01
0e949b1c-832d-4e5e-bd6d-ff7a1ba6eae1,37d944eb-335b-40fe-8d80-835ff77bc5cb,Données ouvertes du MEQ-MES,WMS,web,NA,2017-10-16
3ba3eaef-4083-4dc6-8d69-395c934ba6d0,37d944eb-335b-40fe-8d80-835ff77bc5cb,Données ouvertes du MEQ-MES,WFS,web,NA,2017-10-16
6d05e59f-cbe4-41a0-9587-ba1faa9a1a2f,37d944eb-335b-40fe-8d80-835ff77bc5cb,Commissions scolaires anglophones,GeoJSON,donnees,41281795,2026-06-23
17ce5f5a-c6b1-454b-bedb-97d29be31943,37d944eb-335b-40fe-8d80-835ff77bc5cb,Commissions scolaires anglophones (SDA),GeoJSON,donnees,8898762,2026-06-23
ce0b211c-1b9c-47ef-8a31-e04fdc93388e,37d944eb-335b-40fe-8d80-835ff77bc5cb,Centres de services scolaires francophones,GeoJSON,donnees,50308844,2026-06-23
4cd70cc8-2663-4f10-bfce-bb46f62a77da,37d944eb-335b-40fe-8d80-835ff77bc5cb,Centres de services scolaires francophones (SDA),GeoJSON,donnees,18719113,2026-06-23
590046fb-dcea-43f3-ba23-43d81d30e8c2,37d944eb-335b-40fe-8d80-835ff77bc5cb,Commissions scolaires à statut particulier,GeoJSON,donnees,17922146,2026-06-23
957145e9-2759-4951-91d4-3cc3bc06749f,37d944eb-335b-40fe-8d80-835ff77bc5cb,Commissions scolaires à statut particulier (SDA),GeoJSON,donnees,6435080,2026-06-23
553dd789-bba5-410f-9dd4-14c479f576f2,37d944eb-335b-40fe-8d80-835ff77bc5cb,Tous les centres de services scolaires et les commissions scolaires,GeoJSON,donnees,90682435,2026-06-23
c9f23403-930c-4871-b93c-8a4d3e312193,37d944eb-335b-40fe-8d80-835ff77bc5cb,Commissions scolaires anglophones,CSV,donnees,1858,2026-06-23
7dd945bf-c9f4-4dd6-852c-bf3b8d3e0120,37d944eb-335b-40fe-8d80-835ff77bc5cb,Centres de services scolaires francophones,CSV,donnees,12728,2026-06-23
47cc652f-1eb3-43a1-bba0-48b70b71699f,37d944eb-335b-40fe-8d80-835ff77bc5cb,Commissions scolaires à statut particulier,CSV,donnees,730,2026-06-23
9d35bd40-5f13-4db4-81ae-6503ad0cea96,37d944eb-335b-40fe-8d80-835ff77bc5cb,Guide d'utilisateur des données géospatiales ouvertes,PDF,support,907575,2019-05-29
2d1b1386-632f-405b-bdf5-adcf47d8b15a,45a08291-6328-430b-874a-22cda898f69b,Données annuelles de l’enquête La Relance au secondaire en formation professionnelle,CSV,donnees,256994,2026-03-09
0ef5a99b-7f01-4e1e-a55b-8f54c977bd20,45a08291-6328-430b-874a-22cda898f69b,Données regroupées sur une période de 5 ans de l’enquête La Relance au secondaire en formation professionnelle et ventilé par région administratives,CSV,donnees,108007,2026-03-09
60c1c9b1-af8e-488f-9a5d-b78f9d2d13df,45a08291-6328-430b-874a-22cda898f69b,Guide d'utilisation,PDF,support,417436,2023-03-21
8e820123-cf38-496d-bac7-7a13fe4020d0,221d146e-f285-4eb4-9f47-09b4b36cc429,Chantiers - 511,CSV,donnees,47949,2026-07-11
6df36e69-fdfd-43ea-bcea-ec41525b6c86,221d146e-f285-4eb4-9f47-09b4b36cc429,Chantiers - 511,GeoJSON,donnees,68123,2026-07-11
59c22dbd-bc63-4f14-802f-79b35c461b5f,221d146e-f285-4eb4-9f47-09b4b36cc429,Chantiers - 511,SHP,donnees,14899,2026-07-11
8c20149c-70b5-40d3-975c-0afc31a2d8a2,221d146e-f285-4eb4-9f47-09b4b36cc429,Chantiers - 511 - Métadonnées,PDF,support,91314,2026-04-17
a64f32b8-ab9f-4d8e-8d66-1feb94d70ce3,221d146e-f285-4eb4-9f47-09b4b36cc429,Chantiers - 511,,cartes,NA,2024-08-14
22662f1e-6690-4e8b-8d75-528eb35f8e2b,3277d697-ed91-4fe5-850f-e8981d93c4a6,Réseau routier,CSV,donnees,2742113,2026-07-05
b960ac8e-e1e6-47ce-9888-044376d734a8,3277d697-ed91-4fe5-850f-e8981d93c4a6,Réseau routier,GeoJSON,donnees,5021294,2026-07-05
0488160e-eb5a-4bb2-ba02-7da52d228d1e,3277d697-ed91-4fe5-850f-e8981d93c4a6,Réseau routier,SHP,donnees,968447,2026-07-05
f35df44b-7260-4333-965b-7b605ac6e108,3277d697-ed91-4fe5-850f-e8981d93c4a6,Réseau Routier - Métadonnées,PDF,support,85544,2024-08-18
8eb6a00d-4aba-4035-b807-229fa7e325e8,0258f4db-cbe9-47af-9c56-029c6295c443,Bâtiment,CSV,donnees,23594069,2026-07-05
c6e4e698-10d5-47b8-afff-eb76b21b3310,0258f4db-cbe9-47af-9c56-029c6295c443,Bâtiment,GeoJSON,donnees,41804847,2026-07-05
81432b4a-f1a0-4289-856d-5d887064e96e,0258f4db-cbe9-47af-9c56-029c6295c443,Bâtiment,SHP,donnees,7687452,2026-07-05
2e36b397-e38f-456f-ab6b-9ce80f872f22,0258f4db-cbe9-47af-9c56-029c6295c443,Bâtiments - Métadonnées,PDF,support,90013,2024-08-13
23f7f854-278e-4fd3-838d-fad233713f71,59622b04-1132-4e6c-b63e-36182aa810ae,Adresse ponctuelle,CSV,donnees,9359598,2026-07-05
45c710e5-fc74-4844-ad38-d55b36b920e0,59622b04-1132-4e6c-b63e-36182aa810ae,Adresse ponctuelle,GeoJSON,donnees,29151855,2026-07-05
9b1b6d3d-fe9b-46ee-ab4b-72d4833270b5,59622b04-1132-4e6c-b63e-36182aa810ae,Adresse ponctuelle,SHP,donnees,2654731,2026-07-05
fcc6472c-fb9c-4c84-a538-3d9e87f70a73,59622b04-1132-4e6c-b63e-36182aa810ae,Adresses ponctuelles - Métadonnées,PDF,support,121303,2024-08-13
f36f4bff-5a49-4aa8-9436-9f5c16ef6fb7,a086941f-22e3-4fe7-a8dc-fe791229d942,Zonage,CSV,donnees,12141310,2026-07-05
6d5e4aa8-1b9f-4deb-8815-4803ce63007f,a086941f-22e3-4fe7-a8dc-fe791229d942,Zonage,GeoJSON,donnees,14250215,2026-07-05
8d0ff043-07ac-45f3-ab33-0d19620caa75,a086941f-22e3-4fe7-a8dc-fe791229d942,Zonage,SHP,donnees,3465118,2026-07-05
0cec9f3c-a81c-4285-b5e4-bd066db8651b,a086941f-22e3-4fe7-a8dc-fe791229d942,Zonage - Métadonnées,PDF,support,77255,2024-08-13
405117dc-6668-415e-9164-b08e6af2d443,92fd1b10-66dc-4017-968a-b9b6f232a2e9,Districts électoraux,CSV,donnees,252334,2026-05-04
753bd337-4c4d-48cc-875f-94b301d79020,92fd1b10-66dc-4017-968a-b9b6f232a2e9,Districts électoraux,GeoJSON,donnees,287726,2026-05-04
67906cf4-e2f8-4473-ac6c-0e82b9a0bf95,92fd1b10-66dc-4017-968a-b9b6f232a2e9,Districts électoraux,SHP,donnees,66194,2026-05-04
12dd1ba2-36cc-4a26-b44a-1b0908b35e41,92fd1b10-66dc-4017-968a-b9b6f232a2e9,Districts électoraux - Métadonnées,PDF,support,78239,2024-08-13
e529b48b-b17d-46e7-aaf2-6e408a38b6e8,9d688a5e-1725-4b7e-ad68-21533d6cb36d,Inventaire des arbres répertoriés ,CSV,donnees,5973988,2026-05-03
70ebed94-824e-4a72-a9f0-d7d7fa55597e,9d688a5e-1725-4b7e-ad68-21533d6cb36d,Inventaire des arbres répertoriés ,GeoJSON,donnees,19291479,2026-05-03
dbf78526-daf8-4aa0-ad62-1c4155658dd8,9d688a5e-1725-4b7e-ad68-21533d6cb36d,Inventaire des arbres répertoriés,SHP,donnees,1509442,2026-05-03
750c5217-c4ea-4d1a-a475-f03737dda0f7,9d688a5e-1725-4b7e-ad68-21533d6cb36d,Inventaire des arbres répertoriés - Métadonnées,PDF,support,99320,2026-05-03
4cfe3f07-a6b7-4971-9768-13b1e69b0d85,bcbe1f4a-6f74-4bbc-b97a-6d64b89bbafc,Bâtiments municipaux,CSV,donnees,162233,2026-05-03
44c255a9-27e9-40f6-b3f4-bed2c82ad592,bcbe1f4a-6f74-4bbc-b97a-6d64b89bbafc,Bâtiments municipaux,GeoJSON,donnees,263273,2026-05-03
4c45d2a6-322a-4ac3-9909-ac79204b3406,bcbe1f4a-6f74-4bbc-b97a-6d64b89bbafc,Bâtiments municipaux,SHP,donnees,53720,2026-05-03
d92d6c13-56e5-400a-99d0-bb9f636e43a5,bcbe1f4a-6f74-4bbc-b97a-6d64b89bbafc,Bâtiments municipaux - Métadonnées,PDF,support,84654,2024-08-13
225153ef-259a-4e3a-8f28-f279cd82aabc,67d85a7a-10af-4af0-b4da-abc64cfd735a,Tableau de bord en date du 8 juillet 2026,CSV,donnees,760770,2026-07-10
1cec568a-e35e-47a3-af0b-86dfe86b7114,67d85a7a-10af-4af0-b4da-abc64cfd735a,Tableau de bord en date du 8 juillet 2026,XLSX,donnees,222076,2026-07-10
949889a2-aa95-434e-8e49-598b361353aa,67d85a7a-10af-4af0-b4da-abc64cfd735a,Tableau de bord en date du 5 juin 2026,CSV,donnees,758113,2026-06-09
cf37102b-020d-4f54-9163-1b2f0cb801bf,67d85a7a-10af-4af0-b4da-abc64cfd735a,Tableau de bord en date du 5 juin 2026,XLSX,donnees,221351,2026-06-09
b2326bfe-d6a8-45f4-8545-13f0c711f8ab,67d85a7a-10af-4af0-b4da-abc64cfd735a,Tableau de bord en date du 6 mai 2026,CSV,donnees,754713,2026-05-07
218f09ee-a09f-44b2-a16c-4e8739787b1e,67d85a7a-10af-4af0-b4da-abc64cfd735a,Tableau de bord en date du 6 mai 2026,XLSX,donnees,220448,2026-05-07
7b20c470-fd07-497c-887c-729fd6591594,67d85a7a-10af-4af0-b4da-abc64cfd735a,Tableau de bord en date du 21 avril 2026,CSV,donnees,754060,2026-04-21
f77a127c-4368-4678-b488-70aef1415a7b,67d85a7a-10af-4af0-b4da-abc64cfd735a,Tableau de bord en date du 21 avril 2026,XLSX,donnees,220075,2026-04-21
cef592fe-857b-47d7-bdcb-05ec7c49000b,67d85a7a-10af-4af0-b4da-abc64cfd735a,Tableau de bord en date du 18 mars 2026,CSV,donnees,773173,2026-03-24
ad39b623-7d4e-49e9-af17-a1092c2dc644,67d85a7a-10af-4af0-b4da-abc64cfd735a,Tableau de bord en date du 18 mars 2026,XLSX,donnees,224911,2026-04-21
35de39af-84c5-4478-9857-2b4c65564c15,67d85a7a-10af-4af0-b4da-abc64cfd735a,Tableau de bord en date du 19 décembre 2025,CSV,donnees,774884,2025-12-19
5490533f-74b7-458c-9073-ceb874360700,67d85a7a-10af-4af0-b4da-abc64cfd735a,Tableau de bord en date du 19 décembre 2025,XLSX,donnees,220473,2025-12-19
3d24e41a-157f-4058-97a0-a083f7935767,67d85a7a-10af-4af0-b4da-abc64cfd735a,Tableau de bord en date du 22 octobre 2025,CSV,donnees,775150,2025-10-29
02a00af0-f152-4689-8ba2-69cf10845d20,67d85a7a-10af-4af0-b4da-abc64cfd735a,Tableau de bord en date du 22 octobre 2025,XLSX,donnees,221266,2025-10-29
ef945d3f-aad8-4426-8934-ec9d885058b2,67d85a7a-10af-4af0-b4da-abc64cfd735a,Tableau de bord en date du 4 septembre 2025,CSV,donnees,775673,2025-09-10
dde6fd94-a60b-404b-bf45-8c1ea4376355,67d85a7a-10af-4af0-b4da-abc64cfd735a,Tableau de bord en date du 4 septembre 2025,XLS,donnees,220509,2025-09-11
c802db91-8df0-48c7-856f-3d74015a9f20,67d85a7a-10af-4af0-b4da-abc64cfd735a,Tableau de bord en date du 10 juin 2025,CSV,donnees,772297,2025-06-17
026514bb-0f5c-4c27-8a29-86208d3cf3c0,67d85a7a-10af-4af0-b4da-abc64cfd735a,Tableau de bord en date du 10 juin 2025,XLSX,donnees,222031,2025-06-17
40c2435e-6103-4f49-afa5-f46f6b13ac95,67d85a7a-10af-4af0-b4da-abc64cfd735a,Tableau de bord en date du 8 mai 2025,CSV,donnees,770916,2025-05-21
c4426876-5d9b-4581-8bc1-20d4cca736f0,67d85a7a-10af-4af0-b4da-abc64cfd735a,Tableau de bord en date du 8 mai 2025,XLSX,donnees,221629,2025-05-21
141404d2-9782-4cbd-b934-d76a376ca057,67d85a7a-10af-4af0-b4da-abc64cfd735a,Tableau de bord en date du 25 mars 2025,CSV,donnees,793913,2025-04-03
4cc01c7a-a475-4aaa-8b25-f1b23f7f4771,67d85a7a-10af-4af0-b4da-abc64cfd735a,Tableau de bord en date du 25 mars 2025,XLSX,donnees,228668,2025-04-03
15b2fb81-f40e-4dcd-9d8c-520f4cc795df,67d85a7a-10af-4af0-b4da-abc64cfd735a,Tableau de bord en date du 30 janvier 2025,CSV,donnees,981617,2025-01-31
5a09979d-e2a8-4104-879d-1b9dc1296545,67d85a7a-10af-4af0-b4da-abc64cfd735a,Tableau de bord en date du 30 janvier 2025,XLSX,donnees,224437,2025-01-31
82074481-37a5-40ac-a5ed-60dc74d066e4,67d85a7a-10af-4af0-b4da-abc64cfd735a,Tableau de bord en date du 4 décembre 2024,CSV,donnees,835286,2024-12-10
b1d7c2b2-8f3f-403e-acd1-6dc58db20cb8,67d85a7a-10af-4af0-b4da-abc64cfd735a,Tableau de bord en date du 4 décembre 2024,XLSX,donnees,224429,2024-12-10
be33a97d-7892-4f35-b0cf-a419467634fd,67d85a7a-10af-4af0-b4da-abc64cfd735a,Tableau de bord en date du 1er novembre 2024,CSV,donnees,794466,2024-11-18
fd1b5a04-82a2-4ea5-9671-d963bab2f12a,67d85a7a-10af-4af0-b4da-abc64cfd735a,Tableau de bord en date du 1er novembre 2024,XLSX,donnees,224557,2024-12-10
0ecee9d7-5c5e-4883-a799-9f8e79a796d6,67d85a7a-10af-4af0-b4da-abc64cfd735a,Tableau de bord en date du 9 octobre 2024,CSV,donnees,821015,2024-10-11
f9cee0ab-859d-4e00-839d-1e083b582360,67d85a7a-10af-4af0-b4da-abc64cfd735a,Tableau de bord en date du 9 octobre 2024,XLSX,donnees,224227,2024-10-11
8c8b0b2e-562c-4c81-9674-9940e431937f,67d85a7a-10af-4af0-b4da-abc64cfd735a,Tableau de bord en date du 31 juillet 2024,CSV,donnees,792410,2024-08-19
92fe7439-15e9-4d3c-9e57-b4b9dadf6d44,67d85a7a-10af-4af0-b4da-abc64cfd735a,Tableau de bord en date du 31 juillet 2024,XLSX,donnees,223939,2024-08-19
997449ef-3a10-4e01-a1c1-af68608e0418,67d85a7a-10af-4af0-b4da-abc64cfd735a,Tableau de bord en date du 8 juillet 2024,CSV,donnees,790133,2024-07-11
d7f25067-93d9-484f-85c4-3e0e8b0528af,67d85a7a-10af-4af0-b4da-abc64cfd735a,Tableau de bord en date du 8 juillet 2024,XLSX,donnees,223570,2024-07-11
de7bb9e6-76ea-43e7-823c-3ade50081260,67d85a7a-10af-4af0-b4da-abc64cfd735a,Tableau de bord en date du 30 mai 2024,CSV,donnees,789884,2024-06-03
02490b1c-3d3a-42d7-b33f-0cdb76cbb424,67d85a7a-10af-4af0-b4da-abc64cfd735a,Tableau de bord en date du 30 mai 2024,XLSX,donnees,223507,2024-06-03
5d6fad5f-d578-4bbf-a18c-1717bd5bae43,67d85a7a-10af-4af0-b4da-abc64cfd735a,Tableau de bord en date du 14 mai 2024,CSV,donnees,789784,2024-05-16
5b7ebb5d-8bf8-4945-ae02-cc8e76ba5b07,67d85a7a-10af-4af0-b4da-abc64cfd735a,Tableau de bord en date du 14 mai 2024,XLS,donnees,223305,2024-05-16
337759fa-f8fc-4345-82e6-4e6d8e672734,67d85a7a-10af-4af0-b4da-abc64cfd735a,Tableau de bord en date du 29 avril 2024,CSV,donnees,789482,2024-05-06
36116c6f-5ddb-4fc5-94e7-7a5a363ffba3,67d85a7a-10af-4af0-b4da-abc64cfd735a,Tableau de bord en date du 29 avril 2024,XLSX,donnees,223216,2024-05-06
80b21453-abbd-4c7b-b64a-c90a8f06c8b7,67d85a7a-10af-4af0-b4da-abc64cfd735a,Tableau de bord en date du 11 avril 2024,CSV,donnees,788867,2024-04-12
ff53c09f-e1d0-4f75-b757-42efe13b5369,67d85a7a-10af-4af0-b4da-abc64cfd735a,Tableau de bord en date du 11 avril 2024,XLS,donnees,222988,2024-04-12
14d8f211-81c5-4ba4-8c4b-7a6e8998317b,67d85a7a-10af-4af0-b4da-abc64cfd735a,Tableau de bord en date du 9 avril 2024,CSV,donnees,787178,2024-04-12
e154a388-6527-4a47-b277-bb77f6a5b8a4,67d85a7a-10af-4af0-b4da-abc64cfd735a,Tableau de bord en date du 9 avril 2024,XLSX,donnees,222604,2024-04-09
931311cc-2c36-4122-af3f-3d92e2e70f82,67d85a7a-10af-4af0-b4da-abc64cfd735a,Tableau de bord en date du 26 mars 2024,CSV,donnees,785352,2024-03-27
b2bfbc23-a997-4f48-8357-234f535167e3,67d85a7a-10af-4af0-b4da-abc64cfd735a,Tableau de bord en date du 26 mars 2024,XLSX,donnees,221833,2024-03-27
591cde0f-762e-4208-a858-9dfd4ac79a95,67d85a7a-10af-4af0-b4da-abc64cfd735a,Tableau de bord en date du 20 mars 2024,CSV,donnees,782835,2024-03-20
7737ec3d-f255-4ec9-87fc-cf9949e123b2,67d85a7a-10af-4af0-b4da-abc64cfd735a,Tableau de bord en date du 20 mars 2024,XLSX,donnees,221146,2024-03-20
1738e552-5ec4-40f9-92a3-baf66183cdac,67d85a7a-10af-4af0-b4da-abc64cfd735a,Tableau de bord en date du 12 mars 2024 ,CSV,donnees,808890,2024-03-12
92ccce1b-22bb-4af0-a5ca-5602bc4c6e20,67d85a7a-10af-4af0-b4da-abc64cfd735a,Tableau de bord en date du 12 mars 2024,XLSX,donnees,229420,2024-03-12
b7aae267-41c5-4cc8-88e6-7d3bfd9358a5,67d85a7a-10af-4af0-b4da-abc64cfd735a,Tableau de bord en date du 15 février 2024,CSV,donnees,680324,2024-02-16
78074070-c937-40d1-a56d-440b39bbdb96,67d85a7a-10af-4af0-b4da-abc64cfd735a,Tableau de bord en date du 15 février 2024,XLSX,donnees,197047,2024-02-16
caa3ab30-6626-437f-83d5-7ee88a1c3b1a,67d85a7a-10af-4af0-b4da-abc64cfd735a,Tableau de bord en date du 29 janvier 2024,CSV,donnees,729719,2024-02-06
0c51e98d-4a32-4dd6-9ed4-349868f489f8,67d85a7a-10af-4af0-b4da-abc64cfd735a,Tableau de bord en date du 29 janvier 2024,XLSX,donnees,206901,2024-02-06
4b1f9887-40e3-415d-b497-600a2c15a231,67d85a7a-10af-4af0-b4da-abc64cfd735a,Tableau de bord en date du 24 janvier 2024,CSV,donnees,679584,2024-02-05
24301bfe-39c9-47e7-8200-58a9ed58db2a,67d85a7a-10af-4af0-b4da-abc64cfd735a,Tableau de bord en date du 24 janvier 2024,XLSX,donnees,197144,2024-02-05
bad245aa-7434-4cf3-87a1-2c5fa512fdcb,67d85a7a-10af-4af0-b4da-abc64cfd735a,Tableau de bord en date du 18 janvier 2024,CSV,donnees,748982,2024-01-18
165f529d-60fa-4566-bb0f-d0535758302a,67d85a7a-10af-4af0-b4da-abc64cfd735a,Tableau de bord en date du 18 janvier 2024,XLSX,donnees,213271,2024-02-05
ac14fb28-2c7f-48e3-b59f-c5ab5688420d,67d85a7a-10af-4af0-b4da-abc64cfd735a,Tableau de bord en date du 8 décembre 2023,CSV,donnees,723435,2023-12-13
17a32ba8-782d-41f0-afa6-96194ba03288,67d85a7a-10af-4af0-b4da-abc64cfd735a,Tableau de bord en date du 8 décembre 2023,XLSX,donnees,223601,2023-12-13
c79657e7-9d7c-4cd2-b159-30853994a595,67d85a7a-10af-4af0-b4da-abc64cfd735a,Tableau de bord en date du 7 décembre 2023,CSV,donnees,723566,2023-12-08
0284bfc3-8466-4223-be18-ee30b11813a5,67d85a7a-10af-4af0-b4da-abc64cfd735a,Tableau de bord en date du 7 décembre 2023,XLSX,donnees,223632,2023-12-08
dcb4fde9-6818-4a5b-9e33-ab470fd4255f,67d85a7a-10af-4af0-b4da-abc64cfd735a,Tableau de bord en date du 5 décembre 2023,CSV,donnees,723287,2023-12-07
02c5b002-9e04-4a65-9681-3b19740b92e8,67d85a7a-10af-4af0-b4da-abc64cfd735a,Tableau de bord en date du 5 décembre 2023,XLSX,donnees,223514,2023-12-07
d9fc7949-de16-4030-8c10-9bbcf4ba08a8,67d85a7a-10af-4af0-b4da-abc64cfd735a,Tableau de bord en date du 27 novembre 2023,CSV,donnees,723294,2023-11-27
c5d1a7bc-2a5a-40d1-bb76-2d00a5fdcedf,67d85a7a-10af-4af0-b4da-abc64cfd735a,Tableau de bord en date du 27 novembre 2023,XLSX,donnees,223553,2023-11-27
35c4d624-a00f-4f74-a0cd-cf6a9bcdd685,67d85a7a-10af-4af0-b4da-abc64cfd735a,Tableau de bord en date du 20 octobre 2023,CSV,donnees,723251,2023-11-27
03886c20-a370-4f6d-b09b-97ff1a19016e,67d85a7a-10af-4af0-b4da-abc64cfd735a,Tableau de bord en date du 20 octobre 2023,XLSX,donnees,223576,2023-10-24
4cc1f619-b67b-417e-843c-49bfb717deea,67d85a7a-10af-4af0-b4da-abc64cfd735a,Tableau de bord en date du 28 septembre 2023,CSV,donnees,722787,2023-09-29
e495f63c-8688-49ac-992f-6a356c3bfa04,67d85a7a-10af-4af0-b4da-abc64cfd735a,Tableau de bord en date du 28 septembre 2023,XLSX,donnees,228762,2023-09-29
8f012458-bca3-45b1-8510-32cb837ecc24,67d85a7a-10af-4af0-b4da-abc64cfd735a,Tableau de bord en date du 27 septembre 2023,CSV,donnees,721548,2023-09-29
9ff78e2d-2d33-4f86-82be-074eacc7d656,67d85a7a-10af-4af0-b4da-abc64cfd735a,Tableau de bord en date du 27 septembre 2023,XLSX,donnees,234188,2023-09-29
8857f539-6314-45af-8609-3a408f584a6b,67d85a7a-10af-4af0-b4da-abc64cfd735a,Tableau de bord en date du 1 septembre 2023,CSV,donnees,720766,2023-09-23
7372262b-ee8f-4abe-8d43-ba7a7a6e9575,67d85a7a-10af-4af0-b4da-abc64cfd735a,Tableau de bord en date du 1 septembre 2023,XLSX,donnees,226743,2023-09-29
217703ac-0064-4e82-b9d3-38f88765f000,67d85a7a-10af-4af0-b4da-abc64cfd735a,Tableau de bord en date du 17 août 2023,CSV,donnees,718858,2023-08-29
f09d110b-20fd-4c45-9767-ee1c5df37b12,67d85a7a-10af-4af0-b4da-abc64cfd735a,Tableau de bord en date du 17 août 2023,XLSX,donnees,221453,2023-08-29
fc774009-b81d-4bf7-a46a-6187bfdd0cff,67d85a7a-10af-4af0-b4da-abc64cfd735a,Tableau de bord en date du 9 août 2023,CSV,donnees,793670,2023-08-28
84c4106a-eb41-4849-91a0-7b65207e85c2,67d85a7a-10af-4af0-b4da-abc64cfd735a,Tableau de bord en date du 9 août 2023,XLSX,donnees,226241,2023-09-23
020a0a38-a974-400d-bb97-cab52a8031b1,67d85a7a-10af-4af0-b4da-abc64cfd735a,Tableau de bord en date du 13 juin 2023,CSV,donnees,804938,2023-06-22
d914e3c6-89e7-4258-b902-88c390a47be8,67d85a7a-10af-4af0-b4da-abc64cfd735a,Tableau de bord en date du 13 juin 2023,XLSX,donnees,219933,2023-06-22
da426c5c-3b30-4ae0-8812-a1ffefee6ffd,67d85a7a-10af-4af0-b4da-abc64cfd735a,Tableau de bord en date du 24 mai 2023,CSV,donnees,800348,2023-05-25
0378d550-2c0a-49ae-8a4c-45726512ecf8,67d85a7a-10af-4af0-b4da-abc64cfd735a,Tableau de bord en date du 24 mai 2023,XLSX,donnees,218928,2023-05-25
a29fe31c-747b-4d67-b1df-bb751476d24e,67d85a7a-10af-4af0-b4da-abc64cfd735a,Tableau de bord en date du 12 mai 2023,CSV,donnees,799943,2023-05-25
362ebbbf-056d-4c16-a6e4-53770639863e,67d85a7a-10af-4af0-b4da-abc64cfd735a,Tableau de bord en date du 12 mai 2023,XLSX,donnees,218786,2023-05-25
0776c4cb-0b76-4abe-86cf-9b92c9665ce2,67d85a7a-10af-4af0-b4da-abc64cfd735a,Tableau de bord en date du 21 mars 2023,CSV,donnees,839239,2023-04-12
a3f97816-7b6f-4f42-84b7-7178aa4e5b40,67d85a7a-10af-4af0-b4da-abc64cfd735a,Tableau de bord en date du 21 mars 2023,XLSX,donnees,230404,2023-05-12
d2ea392d-85d8-45dd-b070-e5be4ff1edcc,67d85a7a-10af-4af0-b4da-abc64cfd735a,Tableau de bord en date du 8 décembre 2022,CSV,donnees,776059,2023-02-02
c41137a3-c857-46b8-a48b-5d515c0d86bd,67d85a7a-10af-4af0-b4da-abc64cfd735a,Tableau de bord en date du 8 décembre 2022,XLSX,donnees,219698,2023-03-21
dcdec0c5-c3c9-4825-b30d-726b5103a176,67d85a7a-10af-4af0-b4da-abc64cfd735a,Tableau de bord en date du 26 août 2022,CSV,donnees,718133,2022-08-30
be6a1499-837a-4f19-8375-8f131f0b48ca,67d85a7a-10af-4af0-b4da-abc64cfd735a,Tableau de bord en date du 26 août 2022,XLSX,donnees,214462,2022-08-30
a2fdbc90-79ef-4fee-a9fb-70bf6dad896b,67d85a7a-10af-4af0-b4da-abc64cfd735a,Tableau de bord en date du 22 juillet 2022,CSV,donnees,713605,2022-08-25
55eea6f4-fdde-49f4-9304-f5f0178f9f08,67d85a7a-10af-4af0-b4da-abc64cfd735a,Tableau de bord en date du 22 juillet 2022,XLSX,donnees,212103,2022-08-25
16888c0c-5068-4190-8c25-70c0a73f64d0,67d85a7a-10af-4af0-b4da-abc64cfd735a,Tableau de bord en date du 2 juin 2022,CSV,donnees,702311,2022-06-21
d6f907e6-addc-4db3-b49a-d188bc20fcfc,67d85a7a-10af-4af0-b4da-abc64cfd735a,Tableau de bord en date du 2 juin 2022,XLSX,donnees,211705,2022-08-25
b8a80b8c-2a94-46ef-ab54-2184a1c9d575,67d85a7a-10af-4af0-b4da-abc64cfd735a,Tableau de bord en date du 25 mai 2022,CSV,donnees,702532,2022-06-09
4146618d-b6ec-4212-9937-b2447bf0777d,67d85a7a-10af-4af0-b4da-abc64cfd735a,Tableau de bord en date du 25 mai 2022,XLSX,donnees,211942,2022-06-09
121d64bf-2509-4122-8e64-99b0b06be14a,67d85a7a-10af-4af0-b4da-abc64cfd735a,Tableau de bord en date du 22 mars 2022,CSV,donnees,712425,2022-04-27
8b8848b7-89c2-4b5d-88ac-d2bebfb8c956,67d85a7a-10af-4af0-b4da-abc64cfd735a,Tableau de bord en date du 22 mars 2022,XLSX,donnees,217237,2022-05-31
eaf7d2a8-0598-4ec3-8db5-ee73f4091e43,67d85a7a-10af-4af0-b4da-abc64cfd735a,Tableau de bord en date du 20 janvier 2022,CSV,donnees,551163,2022-02-02
9b79ae82-e788-4b19-8bca-423a2347755a,67d85a7a-10af-4af0-b4da-abc64cfd735a,Tableau de bord en date du 20 janvier 2022,XLSX,donnees,178669,2022-03-22
38add45e-8624-4a6e-983e-689399a004f2,67d85a7a-10af-4af0-b4da-abc64cfd735a,Tableau de bord en date du 6 décembre 2021,CSV,donnees,550618,2021-12-08
732f8ce2-9163-4b11-8989-261efc6ea44a,67d85a7a-10af-4af0-b4da-abc64cfd735a,Tableau de bord en date du 6 décembre 2021,XLSX,donnees,180228,2022-01-21
b13e59a1-daa3-413b-94c1-4fedf673f34f,67d85a7a-10af-4af0-b4da-abc64cfd735a,Tableau de bord en date du 12 novembre 2021,CSV,donnees,547319,2021-11-16
634513a7-5275-4d5b-a318-4f8e725464d1,67d85a7a-10af-4af0-b4da-abc64cfd735a,Tableau de bord en date du 12 novembre 2021,XLSX,donnees,178970,2021-11-16
c98cf33b-0417-4050-88c8-8a79772a1434,67d85a7a-10af-4af0-b4da-abc64cfd735a,Tableau de bord en date du 5 octobre 2021,CSV,donnees,543878,2021-10-06
27d2a0d0-c4f4-4c1f-8c03-9de03c19994f,67d85a7a-10af-4af0-b4da-abc64cfd735a,Tableau de bord en date du 5 octobre 2021,XLSX,donnees,175893,2021-10-06
032b0c42-c08a-46ac-a1e6-b201c01b57b8,67d85a7a-10af-4af0-b4da-abc64cfd735a,Tableau de bord en date du 23 septembre 2021,CSV,donnees,543879,2021-09-24
3d6a5587-bbc8-4049-bdf4-84c5b5f7f8c0,67d85a7a-10af-4af0-b4da-abc64cfd735a,Tableau de bord en date du 23 septembre 2021,XLSX,donnees,175568,2021-09-24
c2040ef4-67cb-4501-9013-7ba08f6d53bd,67d85a7a-10af-4af0-b4da-abc64cfd735a,Tableau de bord en date du 16 septembre 2021,CSV,donnees,539465,2021-09-17
c8eadb86-2a83-4039-8da3-ad0b7700a521,67d85a7a-10af-4af0-b4da-abc64cfd735a,Tableau de bord en date du 16 septembre 2021,XLSX,donnees,174954,2021-09-17
c02c69d5-71ed-4c79-8217-696761e87800,67d85a7a-10af-4af0-b4da-abc64cfd735a,Tableau de bord en date du 6 août 2021,CSV,donnees,540414,2021-08-09
d4fcc651-ffb7-42e3-816b-7f4773fbb017,67d85a7a-10af-4af0-b4da-abc64cfd735a,Tableau de bord en date du 6 août 2021,XLSX,donnees,174340,2021-08-09
52235105-910f-43f3-98fb-ee3f8d7ea5d8,67d85a7a-10af-4af0-b4da-abc64cfd735a,Tableau de bord en date du 26 juillet 2021,CSV,donnees,537939,2021-07-26
f8207a0b-c2b4-4132-8457-49478622d17f,67d85a7a-10af-4af0-b4da-abc64cfd735a,Tableau de bord en date du 26 juillet 2021,XLSX,donnees,173668,2021-07-26
918684ec-6d13-4eb0-9db3-a7ac8929d3d2,67d85a7a-10af-4af0-b4da-abc64cfd735a,Tableau de bord en date du 23 juin 2021,CSV,donnees,535581,2021-06-28
81c4bbfd-2744-4778-80a0-8e8e96d2cdfa,67d85a7a-10af-4af0-b4da-abc64cfd735a,Tableau de bord en date du 23 juin 2021,XLSX,donnees,175063,2021-06-28
589df588-ed9d-4839-a541-b703592cc9c0,67d85a7a-10af-4af0-b4da-abc64cfd735a,Tableau de bord en date du 7 juin 2021,CSV,donnees,547881,2021-06-07
d5893b51-0c8a-4109-81ba-29b57a823e7a,67d85a7a-10af-4af0-b4da-abc64cfd735a,Tableau de bord en date du 7 juin 2021,XLSX,donnees,177204,2021-06-07
2f49317f-005c-446b-921e-5be5525b5afe,67d85a7a-10af-4af0-b4da-abc64cfd735a,Tableau de bord en date du 27 mai 2021,CSV,donnees,390302,2021-05-28
fd54e79c-5856-4ba0-b499-ca6fda595a0e,67d85a7a-10af-4af0-b4da-abc64cfd735a,Tableau de bord en date du 27 mai 2021,XLSX,donnees,140292,2021-05-28
6bf24709-cf28-4073-b721-a51e23ea6613,67d85a7a-10af-4af0-b4da-abc64cfd735a,Tableau de bord en date du 18 février 2021,CSV,donnees,388545,2021-02-03
338a40f5-1462-4e58-9a18-5ad34931f1b5,67d85a7a-10af-4af0-b4da-abc64cfd735a,Tableau de bord en date du 18 février 2021,XLSX,donnees,140698,2021-02-03
6a0c913d-c377-4b7b-927c-83b8d28065d7,67d85a7a-10af-4af0-b4da-abc64cfd735a,Tableau de bord en date du 1 février 2021,CSV,donnees,388423,2021-02-22
c3725630-76d0-4490-b5d1-a9383ee5a8d8,67d85a7a-10af-4af0-b4da-abc64cfd735a,Tableau de bord en date du 1 février 2021,XLSX,donnees,140523,2021-02-22
a2cd18cb-1860-41c8-88f6-6070b755e917,67d85a7a-10af-4af0-b4da-abc64cfd735a,Tableau de bord en date du 3 décembre 2020,CSV,donnees,387143,2020-12-07
d02acb15-d353-4fae-882e-41c1af276da4,67d85a7a-10af-4af0-b4da-abc64cfd735a,Tableau de bord en date du 3 décembre 2020,XLSX,donnees,140045,2020-12-07
175e8546-c062-4f78-a1ed-d4955c53c051,67d85a7a-10af-4af0-b4da-abc64cfd735a,Tableau de bord en date du 16 novembre,CSV,donnees,385551,2020-12-15
95776118-4907-40aa-9da7-883e115815ec,67d85a7a-10af-4af0-b4da-abc64cfd735a,Tableau de bord en date du 16 novembre,XLSX,donnees,139257,2020-12-15
10ad1260-2779-40eb-83d9-f12372c5485f,67d85a7a-10af-4af0-b4da-abc64cfd735a,Tableau de bord en date du 26 octobre 2020,CSV,donnees,NA,2020-10-28
1823484a-6bbb-4215-aeae-26e634921d4c,67d85a7a-10af-4af0-b4da-abc64cfd735a,Tableau de bord en date du 26 octobre 2020,XLSX,donnees,NA,2020-10-28
49856c31-f20b-4f0a-956f-1e6800828b46,67d85a7a-10af-4af0-b4da-abc64cfd735a,Tableau de bord en date du 9 septembre 2020,CSV,donnees,NA,2020-09-11
4b0c40b6-ec1a-4496-ba67-78ed1d9d1638,67d85a7a-10af-4af0-b4da-abc64cfd735a,Tableau de bord en date du 9 septembre 2020,XLSX,donnees,NA,2020-09-11
b9f70fc4-acfe-46b2-8ed1-191e5ade253a,67d85a7a-10af-4af0-b4da-abc64cfd735a,Tableau de bord en date du 4 juin 2020,CSV,donnees,NA,2020-06-05
b2f51281-933d-4215-920d-78f835e726c9,67d85a7a-10af-4af0-b4da-abc64cfd735a,Tableau de bord en date du 4 juin 2020,XLSX,donnees,NA,2020-06-05
73f86929-8813-4421-ac32-f2edcde0fdd3,67d85a7a-10af-4af0-b4da-abc64cfd735a,Tableau de bord en date du 19 mai 2020,CSV,donnees,NA,2020-05-19
96777286-0c63-40d0-b661-9a348a51c083,67d85a7a-10af-4af0-b4da-abc64cfd735a,Tableau de bord en date du 19 mai 2020,XLSX,donnees,NA,2023-09-01
d94c4be0-7ac6-46e6-86f4-5c40c9a6d47a,67d85a7a-10af-4af0-b4da-abc64cfd735a,Description des champs,PDF,support,53072,2020-05-19
4a88ae0f-746e-40fb-a42f-fec0b8406881,67d85a7a-10af-4af0-b4da-abc64cfd735a,Ta,,,754713,2026-05-07
8d309f12-3d43-4db4-8111-64d938215f06,d23b2e02-085d-43e5-9e6e-e1d558ebfdd5,hebdo_20260629_20260705.json,JSON,donnees,17619246,2026-07-06
eb34be05-2d89-4e75-a321-38642f0f9c53,d23b2e02-085d-43e5-9e6e-e1d558ebfdd5,mensuel_20260601_20260630.json,JSON,donnees,85971145,2026-07-01
81cc763b-7301-46fc-b293-b47ec508e042,d23b2e02-085d-43e5-9e6e-e1d558ebfdd5,hebdo_20260622_20260628.json,JSON,donnees,17348542,2026-06-29
501886b1-a5ee-4187-a54f-da3de492e19f,d23b2e02-085d-43e5-9e6e-e1d558ebfdd5,hebdo_20260615_20260621.json,JSON,donnees,24053053,2026-06-22
0e0c0c80-866d-47af-9425-aaf4a4113e0f,d23b2e02-085d-43e5-9e6e-e1d558ebfdd5,hebdo_20260608_20260614.json,JSON,donnees,23404588,2026-06-15
920682bd-5977-4c33-b6cb-226abb618c2f,d23b2e02-085d-43e5-9e6e-e1d558ebfdd5,hebdo_20260601_20260607.json,JSON,donnees,24043362,2026-06-08
0f79befd-1968-4122-89ee-952626262419,d23b2e02-085d-43e5-9e6e-e1d558ebfdd5,mensuel_20260501_20260531.json,JSON,donnees,85810639,2026-06-01
363f70b7-9b8c-4d39-b87b-031202fffba4,d23b2e02-085d-43e5-9e6e-e1d558ebfdd5,hebdo_20260525_20260531.json,JSON,donnees,23443106,2026-06-01
563e23ce-20fc-470e-a147-0ac351b21db9,d23b2e02-085d-43e5-9e6e-e1d558ebfdd5,mensuel_20260401_20260430.json,JSON,donnees,95682672,2026-05-30
be764949-19ea-4eb1-9ff4-152ba8fae578,d23b2e02-085d-43e5-9e6e-e1d558ebfdd5,hebdo_20260518_20260524.json,json,donnees,18498262,2026-05-25
231ca9c9-f088-4b67-815e-77faac8b9515,d23b2e02-085d-43e5-9e6e-e1d558ebfdd5,hebdo_20260511_20260517.json,json,donnees,21951582,2026-05-18
445eee99-2802-4c6c-a76b-b17f4ff5a7fd,d23b2e02-085d-43e5-9e6e-e1d558ebfdd5,hebdo_20260504_20260510.json,json,donnees,24033249,2026-05-11
8d14ffa9-1f03-4fbf-9b75-b8a9bb01a5ba,d23b2e02-085d-43e5-9e6e-e1d558ebfdd5,hebdo_20260427_20260503.json,json,donnees,23104304,2026-05-04
20528513-5cf5-4e20-821a-5a29327705da,d23b2e02-085d-43e5-9e6e-e1d558ebfdd5,hebdo_20260420_20260426.json,json,donnees,23086834,2026-04-29
b828fdac-a3e5-4df6-ae41-7ac7f1e44948,d23b2e02-085d-43e5-9e6e-e1d558ebfdd5,hebdo_20260420_20260426.json,json,donnees,24918950,2026-05-01
8e74ba9a-faa8-43fa-ae14-c3c12464ac65,d23b2e02-085d-43e5-9e6e-e1d558ebfdd5,hebdo_20260330_20260405.json,json,donnees,18454718,2026-04-30
e848bdd7-223a-46c3-8923-355fcd00ead5,d23b2e02-085d-43e5-9e6e-e1d558ebfdd5,hebdo_20260413_20260419.json,json,donnees,25507149,2026-04-29
acb7c0f9-d9b8-41d0-9fcd-4280ca3d4f50,d23b2e02-085d-43e5-9e6e-e1d558ebfdd5,hebdo_20260406_20260412.json,json,donnees,22003180,2026-04-13
4609f967-45be-490b-b610-146c81b892a6,d23b2e02-085d-43e5-9e6e-e1d558ebfdd5,hebdo_20260323_20260329.json,json,donnees,25880831,2026-04-01
023247e9-c46e-4d16-b2be-af5cb791ffea,d23b2e02-085d-43e5-9e6e-e1d558ebfdd5,hebdo_20260323_20260329.json,json,donnees,25464388,2026-03-30
706fc61b-02f3-4556-ae9d-451edfc3c7df,d23b2e02-085d-43e5-9e6e-e1d558ebfdd5,hebdo_20260316_20260322.json,json,donnees,23430523,2026-03-23
9bcfd5ab-f437-43b0-a740-45152d178014,d23b2e02-085d-43e5-9e6e-e1d558ebfdd5,hebdo_20260309_20260315.json,json,donnees,23634540,2026-03-16
915692dc-984c-444b-b4a1-b9fec2fa4689,d23b2e02-085d-43e5-9e6e-e1d558ebfdd5,hebdo_20260302_20260308.json,json,donnees,24780001,2026-03-09
a171337b-220c-4fbd-a338-849cef3496aa,d23b2e02-085d-43e5-9e6e-e1d558ebfdd5,hebdo_20260223_20260301.json,json,donnees,22460228,2026-03-02
92c514c4-a4dc-4b17-88e8-172e84654da5,d23b2e02-085d-43e5-9e6e-e1d558ebfdd5,hebdo_20260216_20260222.json,json,donnees,22326334,2026-03-01
2a04b6c5-87b1-4892-807f-1f6f8eb10823,d23b2e02-085d-43e5-9e6e-e1d558ebfdd5,hebdo_20260216_20260222.json,json,donnees,20640698,2026-02-23
420ebf2d-fc01-4aa7-96bd-90992dcd5d2b,d23b2e02-085d-43e5-9e6e-e1d558ebfdd5,hebdo_20260209_20260215.json,json,donnees,22408956,2026-02-16
9469f74c-9091-4c54-8fcf-513ef2792761,d23b2e02-085d-43e5-9e6e-e1d558ebfdd5,hebdo_20260202_20260208.json,json,donnees,19512952,2026-02-09
c3d18f91-a596-4150-9dbe-a0787b4ebdcd,d23b2e02-085d-43e5-9e6e-e1d558ebfdd5,hebdo_20260126_20260201.json,json,donnees,18571270,2026-02-02
24bbdb1c-8788-416d-96da-0238369d2203,d23b2e02-085d-43e5-9e6e-e1d558ebfdd5,hebdo_20260119_20260125.json,json,donnees,23718286,2026-02-01
3b7e01d1-eb46-4cb6-8cd2-a8e583b5337f,d23b2e02-085d-43e5-9e6e-e1d558ebfdd5,hebdo_20260119_20260125.json,json,donnees,22504569,2026-01-26
f1471072-32a4-4578-be80-e1446ed6d222,d23b2e02-085d-43e5-9e6e-e1d558ebfdd5,hebdo_20260112_20260118.json,json,donnees,19967474,2026-01-19
e0c43ba7-c972-42f8-9009-64ce54cc442d,d23b2e02-085d-43e5-9e6e-e1d558ebfdd5,hebdo_20260105_20260111.json,json,donnees,18934411,2026-01-12
1704aee0-2bc4-4844-ae56-58a05c8aaab2,d23b2e02-085d-43e5-9e6e-e1d558ebfdd5,hebdo_20251229_20260104.json,json,donnees,1888214,2026-01-05
552da290-239f-4512-8f5d-4e0329e5d72d,d23b2e02-085d-43e5-9e6e-e1d558ebfdd5,hebdo_20251222_20251228.json,json,donnees,5199009,2026-01-01
c6f8d624-b4e7-4a82-bae3-ca78f01bc017,d23b2e02-085d-43e5-9e6e-e1d558ebfdd5,hebdo_20251222_20251228.json,json,donnees,5007490,2025-12-29
5abf9c9e-843d-4183-a342-67df02c5a16b,d23b2e02-085d-43e5-9e6e-e1d558ebfdd5,hebdo_20251215_20251221.json,json,donnees,22431883,2025-12-22
ce40d15b-22ea-4c21-a335-d59e1ba0c99b,d23b2e02-085d-43e5-9e6e-e1d558ebfdd5,hebdo_20251208_20251214.json,json,donnees,34649996,2025-12-15
dcf100b1-bba0-417b-9db4-4e77653a89e2,d23b2e02-085d-43e5-9e6e-e1d558ebfdd5,hebdo_20251201_20251207.json,json,donnees,18569328,2025-12-08
656d070c-dac1-4f96-92ac-902f6c4e1b79,d23b2e02-085d-43e5-9e6e-e1d558ebfdd5,hebdo_20251124_20251130.json,json,donnees,20117999,2025-12-01
db13f7eb-7102-4012-ba07-ffd0d720d12b,d23b2e02-085d-43e5-9e6e-e1d558ebfdd5,hebdo_20251124_20251130.json,json,donnees,20117999,2025-12-01
6b6d4889-0707-4f2b-9645-40b67154c221,d23b2e02-085d-43e5-9e6e-e1d558ebfdd5,hebdo_20251117_20251123.json,json,donnees,17936742,2025-11-25
56a75ece-a7ea-49fb-ab80-e17f30dda929,d23b2e02-085d-43e5-9e6e-e1d558ebfdd5,hebdo_20251110_20251116.json,json,donnees,17548725,2025-11-25
7d5b8e99-a1c3-45b2-80f9-c8618eff16b5,d23b2e02-085d-43e5-9e6e-e1d558ebfdd5,hebdo_20251103_20251109.json,json,donnees,16756833,2025-11-10
cab774c3-3807-442f-b313-46c0e30b6653,d23b2e02-085d-43e5-9e6e-e1d558ebfdd5,hebdo_20251027_20251102.json,json,donnees,16015515,2025-11-03
ad664e0a-d0b9-44e4-8599-44c9fb993190,d23b2e02-085d-43e5-9e6e-e1d558ebfdd5,mensuel_20251001_20251031.json,json,donnees,66312761,2025-11-01
d1306b3a-280b-451d-a746-72294ff82845,d23b2e02-085d-43e5-9e6e-e1d558ebfdd5,hebdo_20251020_20251026.json,json,donnees,17221675,2025-11-01
61a9edb9-eb51-4c48-aebb-c0c1cd108297,d23b2e02-085d-43e5-9e6e-e1d558ebfdd5,hebdo_20251020_20251026.json,json,donnees,16037706,2025-10-27
161af7fc-b111-4f92-8977-eed7aa68ed7a,d23b2e02-085d-43e5-9e6e-e1d558ebfdd5,hebdo_20251013_20251019.json,json,donnees,14190299,2025-10-20
502ad776-106e-4564-bd43-3373fba4f145,d23b2e02-085d-43e5-9e6e-e1d558ebfdd5,hebdo_20251006_20251012.json,json,donnees,16891446,2025-10-13
4eb66860-60c6-4088-9584-50160c5023f5,d23b2e02-085d-43e5-9e6e-e1d558ebfdd5,hebdo_20250929_20251005.json,json,donnees,18333385,2025-10-06
ec48c72b-f484-41fa-a324-3e0cd17ccc21,d23b2e02-085d-43e5-9e6e-e1d558ebfdd5,mensuel_20250901_20250930.json,json,donnees,217711279,2025-10-01
4c26ef71-d2f9-4916-945a-b15205cc72d7,d23b2e02-085d-43e5-9e6e-e1d558ebfdd5,hebdo_20250922_20250928.json,json,donnees,17673228,2025-10-01
44810d20-993e-443b-b60c-42e7d1d4adb7,d23b2e02-085d-43e5-9e6e-e1d558ebfdd5,hebdo_20250922_20250928.json,json,donnees,17234608,2025-09-29
166c336a-e3b6-4b98-b451-d2927abf105f,d23b2e02-085d-43e5-9e6e-e1d558ebfdd5,hebdo_20250915_20250921.json,json,donnees,173520135,2025-09-22
0103c240-75c6-47bd-b4ef-dce592d842e6,d23b2e02-085d-43e5-9e6e-e1d558ebfdd5,hebdo_20250908_20250914.json,json,donnees,17232353,2025-09-15
7f71831b-e7ef-41f1-83ac-d4f7087b5cff,d23b2e02-085d-43e5-9e6e-e1d558ebfdd5,hebdo_20250901_20250907.json,json,donnees,13329423,2025-09-08
81d7ef09-b950-4013-831f-86edaba11807,d23b2e02-085d-43e5-9e6e-e1d558ebfdd5,mensuel_20250801_20250831.json,json,donnees,59774057,2025-09-01
95858f9c-81c9-4555-a109-167cc6d73946,d23b2e02-085d-43e5-9e6e-e1d558ebfdd5,mensuel_20250801_20250831.json,json,donnees,59774031,2025-09-01
29c48e0f-1ebf-4e87-9eb3-b7948c0aad22,d23b2e02-085d-43e5-9e6e-e1d558ebfdd5,hebdo_20250825_20250831.json,json,donnees,17819487,2025-09-01
b2d20134-c1c5-4248-9dda-caa47aa70de2,d23b2e02-085d-43e5-9e6e-e1d558ebfdd5,hebdo_20250825_20250831.json,json,donnees,17819487,2025-09-01
3cf4c5fc-da45-4be7-a7bf-191fbc17150e,d23b2e02-085d-43e5-9e6e-e1d558ebfdd5,hebdo_20250818_20250824.json,json,donnees,15957377,2025-08-25
caf22649-3a3f-4f58-952a-ec09a2ce7ad7,d23b2e02-085d-43e5-9e6e-e1d558ebfdd5,hebdo_20250811_20250817.json,json,donnees,15821242,2025-08-18
a81c4220-fe25-4d54-8afb-1374936a90a1,d23b2e02-085d-43e5-9e6e-e1d558ebfdd5,hebdo_20250804_20250810.json,json,donnees,14255329,2025-08-11
b7b3380a-b247-4ae2-bcf4-412403ff182b,d23b2e02-085d-43e5-9e6e-e1d558ebfdd5,hebdo_20250728_20250803.json,json,donnees,14281175,2025-08-04
12a9b716-bb60-4ed4-b398-ce5b56ead2b4,d23b2e02-085d-43e5-9e6e-e1d558ebfdd5,mensuel_20250701_20250731.json,json,donnees,75480287,2025-08-01
1d96eb84-00ec-49f5-b173-6e93086b1fad,d23b2e02-085d-43e5-9e6e-e1d558ebfdd5,hebdo_20250721_20250727.json,json,donnees,15153066,2025-08-01
e594921c-ba7b-4f39-9ece-6ca275c0a559,d23b2e02-085d-43e5-9e6e-e1d558ebfdd5,hebdo_20250721_20250727.json,json,donnees,15218297,2025-07-28
06d7b430-634c-4835-ad64-3f89aa889f82,d23b2e02-085d-43e5-9e6e-e1d558ebfdd5,hebdo_20250714_20250720.json,json,donnees,21018811,2025-07-21
561529e2-3eab-466e-85af-b16200eafb76,d23b2e02-085d-43e5-9e6e-e1d558ebfdd5,hebdo_20250707_20250713.json,json,donnees,21447398,2025-07-14
0daf7c8f-45dc-46a8-80f5-1663d21a621a,d23b2e02-085d-43e5-9e6e-e1d558ebfdd5,hebdo_20250630_20250706.json,json,donnees,16777870,2025-07-07
62aaeb66-11ce-44c8-adb4-86a4a90d677e,d23b2e02-085d-43e5-9e6e-e1d558ebfdd5,mensuel_20250601_20250630.json,json,donnees,77655107,2025-07-01
b7982d7c-afa9-4150-98ec-a848b8203771,d23b2e02-085d-43e5-9e6e-e1d558ebfdd5,hebdo_20250623_20250629.json,json,donnees,16886439,2025-07-01
a61ea3a9-d927-44ea-b0d9-0d0b5bb84707,d23b2e02-085d-43e5-9e6e-e1d558ebfdd5,hebdo_20250623_20250629.json,json,donnees,16839051,2025-06-30
4322edc6-94a0-4609-b8fc-a5da996e33ba,d23b2e02-085d-43e5-9e6e-e1d558ebfdd5,hebdo_20250616_20250622.json,json,donnees,22888248,2025-06-23
c772324b-61d1-4a52-8127-82134ce03722,d23b2e02-085d-43e5-9e6e-e1d558ebfdd5,hebdo_20250609_20250615.json,json,donnees,21058724,2025-06-16
eb755812-b7a5-4adb-8ca5-ef8da8770065,d23b2e02-085d-43e5-9e6e-e1d558ebfdd5,hebdo_20250602_20250608.json,json,donnees,22707297,2025-06-09
d1cdcc2d-2db9-4ab3-83ae-d973459d971a,d23b2e02-085d-43e5-9e6e-e1d558ebfdd5,hebdo_20250526_20250601.json,json,donnees,22706887,2025-06-02
ba993578-b900-4b29-8818-534406b4d033,d23b2e02-085d-43e5-9e6e-e1d558ebfdd5,mensuel_20250501_20250531.json,json,donnees,84428350,2025-06-01
66318c1e-4fb0-46dd-a117-c0c9daf99b6a,d23b2e02-085d-43e5-9e6e-e1d558ebfdd5,hebdo_20250519_20250525.json,json,donnees,20439956,2025-06-01
62fcbdf8-76d5-4a8d-b7aa-947adc532441,d23b2e02-085d-43e5-9e6e-e1d558ebfdd5,hebdo_20250519_20250525.json,json,donnees,19104168,2025-05-26
e94fae4b-6f2c-44a1-85d5-e910da1d67b9,d23b2e02-085d-43e5-9e6e-e1d558ebfdd5,hebdo_20250512_20250518.json,json,donnees,22049853,2025-05-19
dbbf9b4a-13c4-41c4-b15c-c654a534e9c8,d23b2e02-085d-43e5-9e6e-e1d558ebfdd5,hebdo_20250505_20250511.json,json,donnees,23862590,2025-05-12
e41a4a0b-eea8-4cd2-9268-7ba46dfa1e78,d23b2e02-085d-43e5-9e6e-e1d558ebfdd5,hebdo_20250428_20250504.json,json,donnees,22371166,2025-05-05
16f7ef55-dd9a-4611-a2e3-a1c419577ca4,d23b2e02-085d-43e5-9e6e-e1d558ebfdd5,mensuel_20250401_20250430.json,json,donnees,85109998,2025-05-01
26123237-6387-4165-b76b-1eb81ec5dfef,d23b2e02-085d-43e5-9e6e-e1d558ebfdd5,hebdo_20250421_20250427.json,json,donnees,20232665,2025-05-01
04947e61-54bb-4eed-be4b-bdfee0d6fbcd,d23b2e02-085d-43e5-9e6e-e1d558ebfdd5,hebdo_20250421_20250427.json,json,donnees,19696100,2025-04-28
633ff38d-94a2-494f-8c5f-7b4177eb9cbc,d23b2e02-085d-43e5-9e6e-e1d558ebfdd5,hebdo_20250414_20250420.json,json,donnees,21971454,2025-04-21
1e98ac19-9691-40ea-9bca-7fd5d398c894,d23b2e02-085d-43e5-9e6e-e1d558ebfdd5,hebdo_20250407_20250413.json,json,donnees,24801697,2025-04-14
18b1fb2b-4fe9-48e4-81a2-db4743587bb5,d23b2e02-085d-43e5-9e6e-e1d558ebfdd5,hebdo_20250203_20250209.json,json,donnees,26932852,2025-04-10
6101ec8b-ccca-46ed-8360-3af8b195970f,d23b2e02-085d-43e5-9e6e-e1d558ebfdd5,hebdo_20250127_20250202.json,json,donnees,26682306,2025-04-10
08c3c0f7-6eb7-4245-88bf-93a6f5020491,d23b2e02-085d-43e5-9e6e-e1d558ebfdd5,mensuel_20250201_20250301.json,json,donnees,86017645,2025-04-09
2896cdcd-25d0-4e56-b9ab-2ab3eddc21ea,d23b2e02-085d-43e5-9e6e-e1d558ebfdd5,hebdo_20250331_20250406.json,json,donnees,23036685,2025-04-07
44d4b475-8654-4447-9e64-ed708cc19642,d23b2e02-085d-43e5-9e6e-e1d558ebfdd5,mensuel_20250201_20250301.json,json,donnees,83560579,2025-04-03
af4dc523-5b74-435a-b0f7-89bd7570f2b8,d23b2e02-085d-43e5-9e6e-e1d558ebfdd5,hebdo_20250324_20250330.json,json,donnees,23819246,2025-04-03
4ea647f4-91ee-4490-9192-b663a5c4f100,d23b2e02-085d-43e5-9e6e-e1d558ebfdd5,mensuel_20250301_20250331.json,json,donnees,106858655,2025-04-01
80354e32-b968-486d-ae91-5130c51ed63f,d23b2e02-085d-43e5-9e6e-e1d558ebfdd5,hebdo_20250324_20250330.json,json,donnees,23193221,2025-04-01
87665244-3903-4641-9d8a-01e67ee16693,d23b2e02-085d-43e5-9e6e-e1d558ebfdd5,hebdo_20250324_20250330.json,json,donnees,23032967,2025-03-31
4d187228-cfb1-4e09-a8b0-6ea79af678ee,d23b2e02-085d-43e5-9e6e-e1d558ebfdd5,hebdo_20250317_20250323.json,json,donnees,22820625,2025-03-24
1f98812b-9162-4540-8b38-2206d9a4c82f,d23b2e02-085d-43e5-9e6e-e1d558ebfdd5,hebdo_20250310_20250316.json,json,donnees,23049606,2025-03-17
2c27d296-8381-4d69-9372-13f91af344ee,d23b2e02-085d-43e5-9e6e-e1d558ebfdd5,hebdo_20250303_20250309.json,json,donnees,40329069,2025-03-10
c6d753c3-6ffd-425d-84c2-29186a4d097a,d23b2e02-085d-43e5-9e6e-e1d558ebfdd5,hebdo_20250224_20250302.json,json,donnees,25716438,2025-03-03
35d49bbf-dc1b-4de6-9332-f148f49ae01e,d23b2e02-085d-43e5-9e6e-e1d558ebfdd5,hebdo_20250217_20250223.json,json,donnees,23083151,2025-02-24
55c32e4c-d561-4724-8ecf-813ca33d6836,d23b2e02-085d-43e5-9e6e-e1d558ebfdd5,hebdo_20250210_20250216.json,json,donnees,19950923,2025-02-17
674daf95-21bb-4526-834e-f2978c365fe2,d23b2e02-085d-43e5-9e6e-e1d558ebfdd5,mensuel_20250101_20250131.json,json,donnees,64259888,2025-02-13
d85c5c55-3ba3-4e55-afa4-d85a007dfabb,d23b2e02-085d-43e5-9e6e-e1d558ebfdd5,hebdo_20241209_20241215.json,json,donnees,24713488,2025-02-13
e764ec5e-1429-472b-9938-b024910252fa,d23b2e02-085d-43e5-9e6e-e1d558ebfdd5,mensuel_20241101_20241130.json,json,donnees,64407515,2025-02-13
01bb8148-6bf1-4955-bd35-16e72a2a249b,d23b2e02-085d-43e5-9e6e-e1d558ebfdd5,hebdo_20241125_20241201.json,json,donnees,21577287,2025-02-13
69e8f2d8-617e-4ebf-89c3-cf408ee7ede0,d23b2e02-085d-43e5-9e6e-e1d558ebfdd5,hebdo_20250120_20250126.json,json,donnees,19369119,2025-02-01
a14246c4-b3d0-48b7-850c-3cb85607a7bc,d23b2e02-085d-43e5-9e6e-e1d558ebfdd5,hebdo_20250113_20250119.json,json,donnees,18160476,2025-01-20
b8dc9e12-93c2-4523-8716-ba23ec491900,d23b2e02-085d-43e5-9e6e-e1d558ebfdd5,hebdo_20250106_20250112.json,json,donnees,16291280,2025-01-13
723c12d2-d7ff-4fa0-91c7-369e15099919,d23b2e02-085d-43e5-9e6e-e1d558ebfdd5,hebdo_20241230_20250105.json,json,donnees,3016611,2025-01-06
70f83776-88ca-4373-b91c-0e7603ef61aa,d23b2e02-085d-43e5-9e6e-e1d558ebfdd5,hebdo_20241230_20250105.json,json,donnees,2877599,2025-01-06
54ea88df-eace-4594-b48b-37fb38072fc7,d23b2e02-085d-43e5-9e6e-e1d558ebfdd5,mensuel_20241201_20241231.json,json,donnees,56704240,2025-01-01
e882b016-2bc4-445f-bfd1-c75a2747b791,d23b2e02-085d-43e5-9e6e-e1d558ebfdd5,hebdo_20241223_20241229.json,json,donnees,3109524,2025-01-01
23221ef5-81ce-44c6-8b84-4a31765b4155,d23b2e02-085d-43e5-9e6e-e1d558ebfdd5,hebdo_20241223_20241229.json,json,donnees,3091794,2024-12-30
b26da636-455c-4c15-a35c-4fb8add9585e,d23b2e02-085d-43e5-9e6e-e1d558ebfdd5,hebdo_20241216_20241222.json,json,donnees,21762352,2024-12-23
d679d7f7-8ca5-4811-b27a-1a2b07de9cbd,d23b2e02-085d-43e5-9e6e-e1d558ebfdd5,hebdo_20241202_20241208.json,json,donnees,17254698,2024-12-09
bee35059-d7a6-41a1-a5dc-953901adfa3c,d23b2e02-085d-43e5-9e6e-e1d558ebfdd5,hebdo_20241118_20241124.json,json,donnees,16086677,2024-11-25
b23bc627-c07f-40f7-8a2e-2d1c843cc968,d23b2e02-085d-43e5-9e6e-e1d558ebfdd5,hebdo_20241111_20241117.json,json,donnees,16411872,2024-11-18
e2d6004a-fdb7-4699-822e-eb279a34c0ea,d23b2e02-085d-43e5-9e6e-e1d558ebfdd5,hebdo_20241104_20241110.json,json,donnees,18546665,2024-11-11
75cf49cb-8339-4226-942e-5a08e032bce4,d23b2e02-085d-43e5-9e6e-e1d558ebfdd5,hebdo_20241028_20241103.json,json,donnees,16277530,2024-11-04
d1f7b3e5-0073-4eef-9a0a-043fdccfa693,d23b2e02-085d-43e5-9e6e-e1d558ebfdd5,mensuel_20241001_20241031.json,json,donnees,64873283,2024-11-01
92ed0939-c93b-46bb-a5f6-f8657127aeb7,d23b2e02-085d-43e5-9e6e-e1d558ebfdd5,hebdo_20241021_20241027.json,json,donnees,18567898,2024-11-01
12195cc5-6fa0-4a82-a91c-10043dc2c29d,d23b2e02-085d-43e5-9e6e-e1d558ebfdd5,hebdo_20241021_20241027.json,json,donnees,17529133,2024-10-28
8cebaf0a-c8c9-489c-9022-e17906b2e606,d23b2e02-085d-43e5-9e6e-e1d558ebfdd5,hebdo_20241014_20241020.json,json,donnees,15318309,2024-10-21
e3891bd2-10f0-47ad-ae0e-172fae07233f,d23b2e02-085d-43e5-9e6e-e1d558ebfdd5,hebdo_20241007_20241013.json,json,donnees,15085317,2024-10-14
68a120ab-051a-43a9-af49-e545d772a952,d23b2e02-085d-43e5-9e6e-e1d558ebfdd5,hebdo_20240930_20241006.json,json,donnees,15601795,2024-10-07
2a10a65b-fd6a-495d-9c4d-a1e6d15ddbac,d23b2e02-085d-43e5-9e6e-e1d558ebfdd5,mensuel_20240901_20240930.json,json,donnees,57943083,2024-10-01
96d52071-4c57-4451-945a-ba0014963b68,d23b2e02-085d-43e5-9e6e-e1d558ebfdd5,hebdo_20240923_20240929.json,json,donnees,16164708,2024-10-01
0753e4a5-8b52-4271-bace-a141880af94f,d23b2e02-085d-43e5-9e6e-e1d558ebfdd5,hebdo_20240923_20240929.json,json,donnees,15933941,2024-09-30
410b17c7-2de3-477b-aafe-fb2eae6bde87,d23b2e02-085d-43e5-9e6e-e1d558ebfdd5,hebdo_20240916_20240922.json,json,donnees,16971218,2024-09-23
51469f74-2bfa-4268-82c6-bf7fee1c3921,d23b2e02-085d-43e5-9e6e-e1d558ebfdd5,hebdo_20240909_20240915.json,json,donnees,16726532,2024-09-16
9fa0f959-a36f-4dd1-adc5-0f9e3f12dad3,d23b2e02-085d-43e5-9e6e-e1d558ebfdd5,hebdo_20240902_20240908.json,json,donnees,12731808,2024-09-09
c6456cbc-5104-47d9-9a25-39029e93064c,d23b2e02-085d-43e5-9e6e-e1d558ebfdd5,hebdo_20240826_20240901.json,json,donnees,15506306,2024-09-02
fc2b3c2e-a04a-49c4-88a0-e1d3d8deb4bf,d23b2e02-085d-43e5-9e6e-e1d558ebfdd5,mensuel_20240801_20240831.json,json,donnees,55430530,2024-09-01
16835197-c152-4e5f-bcb5-02d6c9a1492f,d23b2e02-085d-43e5-9e6e-e1d558ebfdd5,hebdo_20240819_20240825.json,json,donnees,15905085,2024-09-01
c82006a0-5c1d-4f38-8834-ea79c15feb8e,d23b2e02-085d-43e5-9e6e-e1d558ebfdd5,hebdo_20240819_20240825.json,json,donnees,14906865,2024-08-26
5c3a53cc-14a1-47ce-9ead-c49901d4d1ca,d23b2e02-085d-43e5-9e6e-e1d558ebfdd5,hebdo_20240812_20240818.json,json,donnees,13867177,2024-08-19
b4bcd014-03f2-41c6-9341-19b645af5257,d23b2e02-085d-43e5-9e6e-e1d558ebfdd5,hebdo_20240805_20240811.json,json,donnees,13871882,2024-08-12
3f5a54f8-82df-4c8d-be6b-cc819ed4af96,d23b2e02-085d-43e5-9e6e-e1d558ebfdd5,hebdo_20240729_20240804.json,json,donnees,12037700,2024-08-05
f48b3aac-382d-4e41-90d7-235946179235,d23b2e02-085d-43e5-9e6e-e1d558ebfdd5,mensuel_20240701_20240731.json,json,donnees,65813819,2024-08-01
48f28eb1-d933-4bb7-8d54-c0f5fdf702d7,d23b2e02-085d-43e5-9e6e-e1d558ebfdd5,hebdo_20240722_20240728.json,json,donnees,12760642,2024-08-01
f25e1348-4622-409c-9677-7dc1502e7a47,d23b2e02-085d-43e5-9e6e-e1d558ebfdd5,mensuel_20240601_20240630.json,json,donnees,65291885,2024-07-31
92ad116f-9adb-408f-8baf-01a1567ea29d,d23b2e02-085d-43e5-9e6e-e1d558ebfdd5,hebdo_20240722_20240728.json,json,donnees,12708568,2024-07-31
d26e359e-23b3-4ca7-a847-d9e95faca3d4,d23b2e02-085d-43e5-9e6e-e1d558ebfdd5,hebdo_20240715_20240721.json,json,donnees,17478948,2024-07-31
265e95dc-fa31-45ee-8b1e-94d912c19898,d23b2e02-085d-43e5-9e6e-e1d558ebfdd5,hebdo_20240708_20240714.json,json,donnees,20675816,2024-07-31
c3a84062-c6bf-446f-8443-96f3602e5589,d23b2e02-085d-43e5-9e6e-e1d558ebfdd5,hebdo_20240701_20240707.json,json,donnees,20492870,2024-07-31
efe9bf6d-7a87-42b8-b981-7b2fc04a3e06,d23b2e02-085d-43e5-9e6e-e1d558ebfdd5,hebdo_20240624_20240630.json,json,donnees,19987785,2024-07-31
d0da4807-c5a5-4d0b-a354-466dfb7d4619,d23b2e02-085d-43e5-9e6e-e1d558ebfdd5,hebdo_20240617_20240623.json,json,donnees,23078849,2024-07-31
2ceb13ef-dc6f-4ab4-a321-9f08297067cb,d23b2e02-085d-43e5-9e6e-e1d558ebfdd5,hebdo_20240610_20240616.json,json,donnees,18915304,2024-07-30
0db92f99-0034-4c22-90a7-954fa63d5e21,d23b2e02-085d-43e5-9e6e-e1d558ebfdd5,hebdo_20240603_20240609.json,json,donnees,11480429,2024-06-09
e53a1155-fcb9-46fc-aa0c-df3401add3eb,d23b2e02-085d-43e5-9e6e-e1d558ebfdd5,hebdo_20240527_20240602.json,json,donnees,10601772,2024-06-09
ce689791-dd44-406e-903b-50c4e5a6e402,d23b2e02-085d-43e5-9e6e-e1d558ebfdd5,hebdo_20240527_20240602.json,json,donnees,10603858,2024-06-03
9ebbb969-c178-4252-ac1e-8794a261ed70,d23b2e02-085d-43e5-9e6e-e1d558ebfdd5,mensuel_20240501_20240531.json,json,donnees,48548664,2024-06-01
bec3732c-7ea8-4247-8ba0-6eda61b7af8f,d23b2e02-085d-43e5-9e6e-e1d558ebfdd5,Mai 2024,xml,donnees,2170019,2024-06-01
5edf3c77-8e9e-4dfa-b83e-846744df8a7e,d23b2e02-085d-43e5-9e6e-e1d558ebfdd5,hebdo_20240520_20240526.json,json,donnees,10490948,2024-05-27
1e4ec3b0-fb32-4d36-b6ce-4bf3aedfbfec,d23b2e02-085d-43e5-9e6e-e1d558ebfdd5,hebdo_20240513_20240519.json,json,donnees,10976343,2024-05-20
9189c7f1-470d-415c-ba87-769fb040b753,d23b2e02-085d-43e5-9e6e-e1d558ebfdd5,hebdo_20240506_20240512.json,json,donnees,11646154,2024-05-13
5f965058-ea16-4fec-8725-2f6ac1dcf792,d23b2e02-085d-43e5-9e6e-e1d558ebfdd5,hebdo_20240429_20240505.json,json,donnees,10924355,2024-05-06
86182c32-812e-4566-8cd1-f289d32ad092,d23b2e02-085d-43e5-9e6e-e1d558ebfdd5,JSON_Mensuel_20230101_20240430.zip,ZIP,donnees,61762904,2024-05-02
1fecfb32-6f8a-4f8a-bb72-1371176a4721,d23b2e02-085d-43e5-9e6e-e1d558ebfdd5,mensuel_20240401_20240430.json,json,donnees,46212231,2024-05-01
d892843d-f809-4e7e-9304-409aa33365bf,d23b2e02-085d-43e5-9e6e-e1d558ebfdd5,Avril 2024,xml,donnees,2084042,2024-05-01
ffef58ed-74d0-40de-8868-6fa70b93b0c6,d23b2e02-085d-43e5-9e6e-e1d558ebfdd5,hebdo_20240422_20240428.json,json,donnees,10542466,2024-04-29
9989ec7a-29ee-4d13-89df-518ee2856161,d23b2e02-085d-43e5-9e6e-e1d558ebfdd5,hebdo_20240415_20240421.json,json,donnees,10117481,2024-04-22
a484aa5f-f159-4821-8502-f931bb3cf972,d23b2e02-085d-43e5-9e6e-e1d558ebfdd5,hebdo_20240408_20240414.json,json,donnees,10296156,2024-04-15
fd705caf-436f-4c46-9e71-d0260daec097,d23b2e02-085d-43e5-9e6e-e1d558ebfdd5,hebdo_20240401_20240407.json,json,donnees,9270258,2024-04-08
4fa973fc-1f4d-4eff-a7b8-574aa5b0215a,d23b2e02-085d-43e5-9e6e-e1d558ebfdd5,mensuel_20240301_20240331.json,json,donnees,38527119,2024-04-01
adbf7e57-8650-4898-85e1-d507ec81f554,d23b2e02-085d-43e5-9e6e-e1d558ebfdd5,Mars 2024,xml,donnees,1948169,2024-04-01
3a26c1a6-e8c6-4e2a-a7c0-85df5f8645cb,d23b2e02-085d-43e5-9e6e-e1d558ebfdd5,hebdo_20240325_20240331.json,json,donnees,8057368,2024-04-01
3774cc1d-46d8-4f25-96bc-afec8d3d4848,d23b2e02-085d-43e5-9e6e-e1d558ebfdd5,hebdo_20240318_20240324.json,json,donnees,9794296,2024-03-25
bbc6d33f-b89d-4080-8055-cb575272abe7,d23b2e02-085d-43e5-9e6e-e1d558ebfdd5,hebdo_20240311_20240317.json,json,donnees,10061130,2024-03-18
648ff941-60eb-4ff7-a249-902230555b90,d23b2e02-085d-43e5-9e6e-e1d558ebfdd5,hebdo_20240304_20240310.json,json,donnees,9047607,2024-03-11
2cc0d8e0-16fe-4e80-98e9-8992f739ba17,d23b2e02-085d-43e5-9e6e-e1d558ebfdd5,hebdo_20240226_20240303.json,json,donnees,10849859,2024-03-04
c0626500-4cb8-478b-9bdc-d9a574dbdaeb,d23b2e02-085d-43e5-9e6e-e1d558ebfdd5,mensuel_20240201_20240229.json,json,donnees,40793280,2024-03-01
f068622c-3fe2-4726-ae61-7f79151dd74c,d23b2e02-085d-43e5-9e6e-e1d558ebfdd5,Fevrier 2024,xml,donnees,1926676,2024-03-01
5137e9fd-108d-4048-88a0-e3b665320def,d23b2e02-085d-43e5-9e6e-e1d558ebfdd5,hebdo_20240219_20240225.json,json,donnees,10816355,2024-02-26
0bbf2389-a2a8-4f11-a6df-d21bfd37d424,d23b2e02-085d-43e5-9e6e-e1d558ebfdd5,hebdo_20240212_20240218.json,json,donnees,10769484,2024-02-19
6ebc75b3-fcb1-40d0-833b-b0451ca54eb3,d23b2e02-085d-43e5-9e6e-e1d558ebfdd5,hebdo_20240205_20240211.json,json,donnees,7951280,2024-02-12
5bbc4b40-1127-4530-bade-02a2fdd3c680,d23b2e02-085d-43e5-9e6e-e1d558ebfdd5,mensuel_20240101_20240131.json,json,donnees,38002113,2024-02-07
e6ff96f8-de88-4232-938c-6fc01e74c4ed,d23b2e02-085d-43e5-9e6e-e1d558ebfdd5,Janvier 2024,xml,donnees,1750813,2024-02-07
3c1c35d9-a629-4653-b550-b185fde6d927,d23b2e02-085d-43e5-9e6e-e1d558ebfdd5,hebdo_20240122_20240128.json,json,donnees,9933133,2024-02-07
11bcb455-b847-402b-a3d1-ce99501c0da6,d23b2e02-085d-43e5-9e6e-e1d558ebfdd5,hebdo_20240115_20240121.json,json,donnees,9483340,2024-02-07
b02a6cc4-2719-43aa-a264-feb883551ae2,d23b2e02-085d-43e5-9e6e-e1d558ebfdd5,hebdo_20240129_20240204.json,json,donnees,9871756,2024-02-07
9839ac8f-ae71-4658-a970-3488001f79f5,d23b2e02-085d-43e5-9e6e-e1d558ebfdd5,hebdo_20240108_20240114.json,json,donnees,9314593,2024-01-15
7584091f-1af7-416b-9a1e-07f23748a425,d23b2e02-085d-43e5-9e6e-e1d558ebfdd5,hebdo_20240101_20240107.json,json,donnees,3408947,2024-01-08
31bf01f0-f347-4b69-a5cd-389eaac145f7,d23b2e02-085d-43e5-9e6e-e1d558ebfdd5,mensuel_20231201_20231231.json,json,donnees,31330450,2024-01-01
19a9e367-b43d-4abb-a64e-6e78c95766a9,d23b2e02-085d-43e5-9e6e-e1d558ebfdd5,Decembre 2024,xml,donnees,1512788,2024-01-01
a8e6f2bb-9efa-49b6-b6bb-4517651337c6,d23b2e02-085d-43e5-9e6e-e1d558ebfdd5,hebdo_20231225_20231231.json,json,donnees,1529906,2024-01-01
ac9949d8-c650-4301-b172-a19bccbaa85d,d23b2e02-085d-43e5-9e6e-e1d558ebfdd5,hebdo_20231218_20231224.json,json,donnees,11019177,2023-12-25
0ede6dc0-8a97-4173-8191-573baa5cb08e,d23b2e02-085d-43e5-9e6e-e1d558ebfdd5,hebdo_20231211_20231217.json,json,donnees,8457445,2023-12-18
5a5e2562-f9a9-4fba-a34b-92859ef7597e,d23b2e02-085d-43e5-9e6e-e1d558ebfdd5,hebdo_20231204_20231210.json,json,donnees,8526493,2023-12-11
d3aafb4b-058c-494e-9bb6-d74c8d8da552,d23b2e02-085d-43e5-9e6e-e1d558ebfdd5,hebdo_20231127_20231203.json,json,donnees,8347826,2023-12-04
7a197967-226f-4735-bc45-6ddfc1347a11,d23b2e02-085d-43e5-9e6e-e1d558ebfdd5,mensuel_20231101_20231130.json,json,donnees,32874564,2023-12-01
3ab85685-66d3-42c7-81ae-7903b87a3320,d23b2e02-085d-43e5-9e6e-e1d558ebfdd5,Novembre 2023,xml,donnees,1567357,2023-12-01
1f30f62d-c1af-42fd-95a2-4750f987320a,d23b2e02-085d-43e5-9e6e-e1d558ebfdd5,hebdo_20231120_20231126.json,json,donnees,7992259,2023-11-27
c9c2e14f-8fe1-4985-a920-7b47ce9e69b5,d23b2e02-085d-43e5-9e6e-e1d558ebfdd5,hebdo_20231113_20231119.json,json,donnees,7142739,2023-11-20
be78f811-4422-43db-bfa8-079dfd6540da,d23b2e02-085d-43e5-9e6e-e1d558ebfdd5,hebdo_20231106_20231112.json,json,donnees,7186163,2023-11-13
df27f3c3-99ea-4a64-bae0-8ab97f68e3c3,d23b2e02-085d-43e5-9e6e-e1d558ebfdd5,hebdo_20231030_20231105.json,json,donnees,7889696,2023-11-06
b5fa5b13-f042-4d2d-96da-baad81cf569e,d23b2e02-085d-43e5-9e6e-e1d558ebfdd5,mensuel_20231001_20231031.json,json,donnees,36160995,2023-11-01
a477e7e1-5f5c-43c3-b982-5438c9de3ab0,d23b2e02-085d-43e5-9e6e-e1d558ebfdd5,Octobre 2023,xml,donnees,1705657,2023-11-01
e5ba8aca-8404-4f07-91af-bd064c26720d,d23b2e02-085d-43e5-9e6e-e1d558ebfdd5,hebdo_20231023_20231029.json,json,donnees,7638417,2023-10-30
267e20e6-16a1-418f-bbce-ddb566a3422b,d23b2e02-085d-43e5-9e6e-e1d558ebfdd5,hebdo_20231016_20231022.json,json,donnees,8884289,2023-10-23
00d8cc66-409b-4bbd-9a05-4b1d3a9f824d,d23b2e02-085d-43e5-9e6e-e1d558ebfdd5,hebdo_20231009_20231015.json,json,donnees,7986223,2023-10-16
601a1724-6933-4ecf-9451-b2c20f0a7ace,d23b2e02-085d-43e5-9e6e-e1d558ebfdd5,hebdo_20231002_20231008.json,json,donnees,9081603,2023-10-09
0b47eca2-3919-409a-b1d2-4b09b4b5439c,d23b2e02-085d-43e5-9e6e-e1d558ebfdd5,hebdo_20230925_20231001.json,json,donnees,7473968,2023-10-02
3781ad39-1757-4b71-bc46-fa3b383954c5,d23b2e02-085d-43e5-9e6e-e1d558ebfdd5,mensuel_20230901_20230930.json,json,donnees,29829114,2023-10-01
24d6cbb0-cf05-4167-a352-f1ad9fa149b3,d23b2e02-085d-43e5-9e6e-e1d558ebfdd5,Septembre 2023,xml,donnees,1530958,2023-10-01
23e96fca-d49a-4b7c-88c6-d856cfbbbf32,d23b2e02-085d-43e5-9e6e-e1d558ebfdd5,hebdo_20230918_20230924.json,json,donnees,7317095,2023-09-25
051da77c-4eec-46ef-90a0-d138d667a27e,d23b2e02-085d-43e5-9e6e-e1d558ebfdd5,hebdo_20230911_20230917.json,json,donnees,8328324,2023-09-18
fa723f73-6992-4199-849c-55bb5b7d0e55,d23b2e02-085d-43e5-9e6e-e1d558ebfdd5,hebdo_20230904_20230910.json,json,donnees,6201879,2023-09-11
d996aee5-2eae-452e-92df-c9e5f16db90c,d23b2e02-085d-43e5-9e6e-e1d558ebfdd5,hebdo_20230828_20230903.json,json,donnees,7481770,2023-09-04
4b46bc6d-4a43-47ce-b0e2-c36a3aa7e92a,d23b2e02-085d-43e5-9e6e-e1d558ebfdd5,mensuel_20230801_20230831.json,json,donnees,32726606,2023-09-01
6a4d2ae9-534c-49a9-bdfc-d8a1811da22d,d23b2e02-085d-43e5-9e6e-e1d558ebfdd5,Aout 2023,xml,donnees,1646335,2023-09-01
ee626cc5-0bf6-4877-88e1-7603bf66bd4f,d23b2e02-085d-43e5-9e6e-e1d558ebfdd5,hebdo_20230821_20230827.json,json,donnees,7094486,2023-08-28
8a88ee20-4fb6-44e4-9135-dcd8e16d91cc,d23b2e02-085d-43e5-9e6e-e1d558ebfdd5,hebdo_20230814_20230820.json,json,donnees,6787882,2023-08-21
7db6a26f-fff0-41ed-b9c4-2b597773bef9,d23b2e02-085d-43e5-9e6e-e1d558ebfdd5,hebdo_20230807_20230813.json,json,donnees,7673078,2023-08-14
73a00f7e-4f10-4fa5-8014-ff76423df608,d23b2e02-085d-43e5-9e6e-e1d558ebfdd5,hebdo_20230731_20230806.json,json,donnees,6072873,2023-08-07
b194e792-3ffe-4c38-966d-b8ec4b0b0966,d23b2e02-085d-43e5-9e6e-e1d558ebfdd5,mensuel_20230701_20230731.json,json,donnees,36665079,2023-08-01
be79111a-a228-4d5c-ab22-fc91a053f363,d23b2e02-085d-43e5-9e6e-e1d558ebfdd5,Juillet 2023,xml,donnees,1661632,2023-08-01
15eadd51-764b-4a0b-b5b4-f6e469213e33,d23b2e02-085d-43e5-9e6e-e1d558ebfdd5,hebdo_20230724_20230730.json,json,donnees,7212228,2023-07-31
57404479-cfdd-4c79-a521-a376c599ad0b,d23b2e02-085d-43e5-9e6e-e1d558ebfdd5,hebdo_20230717_20230723.json,json,donnees,8946176,2023-07-24
b6646e6a-6297-48cd-bf73-2cae1d8b63d5,d23b2e02-085d-43e5-9e6e-e1d558ebfdd5,hebdo_20230710_20230716.json,json,donnees,9926940,2023-07-17
7e2c8123-65af-40b1-b03f-1254dec665bd,d23b2e02-085d-43e5-9e6e-e1d558ebfdd5,hebdo_20230703_20230709.json,json,donnees,10017398,2023-07-10
5a914063-88a9-498b-8d49-a13d2d95758b,d23b2e02-085d-43e5-9e6e-e1d558ebfdd5,hebdo_20230626_20230702.json,json,donnees,8325050,2023-07-03
6cde096a-56fc-49b7-bdf6-4602de4d77bc,d23b2e02-085d-43e5-9e6e-e1d558ebfdd5,mensuel_20230601_20230630.json,json,donnees,37723769,2023-07-01
8807eb12-b64e-4381-9ca5-e447b95f9a79,d23b2e02-085d-43e5-9e6e-e1d558ebfdd5,Juin 2023,xml,donnees,1898422,2023-07-01
b289c4e5-8742-45da-b1d1-07dd58121209,d23b2e02-085d-43e5-9e6e-e1d558ebfdd5,hebdo_20230619_20230625.json,json,donnees,8355585,2023-06-26
0405aa2d-ec69-4aef-8e14-ece3116b77b4,d23b2e02-085d-43e5-9e6e-e1d558ebfdd5,hebdo_20230612_20230618.json,json,donnees,9673565,2023-06-19
243dbe08-96b8-498e-a800-48ebfd65e4b2,d23b2e02-085d-43e5-9e6e-e1d558ebfdd5,hebdo_20230605_20230611.json,json,donnees,8719235,2023-06-12
b9ffac47-b385-49f7-9ed7-2c4bbd019235,d23b2e02-085d-43e5-9e6e-e1d558ebfdd5,hebdo_20230529_20230604.json,json,donnees,9374746,2023-06-05
12e4551d-80bd-4961-88e8-f43cd5394112,d23b2e02-085d-43e5-9e6e-e1d558ebfdd5,mensuel_20230501_20230531.json,json,donnees,41565887,2023-06-01
a17f3e5a-3660-489d-a633-7b78a024e93d,d23b2e02-085d-43e5-9e6e-e1d558ebfdd5,Mai 2023,xml,donnees,1956669,2023-06-01
71b85eb8-1eee-47b7-bc78-ec3480acc66a,d23b2e02-085d-43e5-9e6e-e1d558ebfdd5,hebdo_20230522_20230528.json,json,donnees,7469814,2023-05-29
cce1cb77-afe1-43c4-8648-9d92381debf9,d23b2e02-085d-43e5-9e6e-e1d558ebfdd5,hebdo_20230515_20230521.json,json,donnees,8717859,2023-05-22
8cd1725e-2985-4f0a-91da-85f7eab63f85,d23b2e02-085d-43e5-9e6e-e1d558ebfdd5,hebdo_20230508_20230514.json,json,donnees,9738445,2023-05-15
3a519f95-7421-4aa4-8fb5-16a872894424,d23b2e02-085d-43e5-9e6e-e1d558ebfdd5,hebdo_20230501_20230507.json,json,donnees,10239059,2023-05-08
f28efa2d-9842-40fc-a166-35b618206d7d,d23b2e02-085d-43e5-9e6e-e1d558ebfdd5,mensuel_20230401_20230430.json,json,donnees,36255287,2023-05-01
29893563-0246-4b6c-b856-0099f686fa3f,d23b2e02-085d-43e5-9e6e-e1d558ebfdd5,Avril 2023,xml,donnees,1676054,2023-05-01
738c6b94-df8f-4d97-b0f5-85fc05d3f258,d23b2e02-085d-43e5-9e6e-e1d558ebfdd5,hebdo_20230424_20230430.json,json,donnees,10514528,2023-05-01
bfc855c7-26fa-44d3-8091-9f7079826f1f,d23b2e02-085d-43e5-9e6e-e1d558ebfdd5,hebdo_20230417_20230423.json,json,donnees,9964997,2023-04-24
4fd3597c-1410-4625-a07e-25714fd4e812,d23b2e02-085d-43e5-9e6e-e1d558ebfdd5,hebdo_20230410_20230416.json,json,donnees,8144217,2023-04-17
0a85c290-40c8-457c-a023-7b76ef9fe63a,d23b2e02-085d-43e5-9e6e-e1d558ebfdd5,hebdo_20230403_20230409.json,json,donnees,7663919,2023-04-10
b3dc4450-e345-4c92-8f84-5b113ae47830,d23b2e02-085d-43e5-9e6e-e1d558ebfdd5,hebdo_20230327_20230402.json,json,donnees,11037150,2023-04-03
7c00c0af-a876-4d22-a012-02d0e106f955,d23b2e02-085d-43e5-9e6e-e1d558ebfdd5,mensuel_20230301_20230331.json,json,donnees,41586909,2023-04-01
7c4b1ec1-e057-42af-8234-5e2dd3eede6b,d23b2e02-085d-43e5-9e6e-e1d558ebfdd5,Mars 2023,xml,donnees,2037769,2023-04-01
e389061f-5dbd-4747-910a-54f18838946a,d23b2e02-085d-43e5-9e6e-e1d558ebfdd5,hebdo_20230320_20230326.json,json,donnees,9922972,2023-03-27
5b8213c7-4971-4418-a60d-396d3e95ea46,d23b2e02-085d-43e5-9e6e-e1d558ebfdd5,hebdo_20230313_20230319.json,json,donnees,8159828,2023-03-20
a8936b54-a706-45c7-962f-536aca42f16e,d23b2e02-085d-43e5-9e6e-e1d558ebfdd5,hebdo_20230306_20230312.json,json,donnees,8729573,2023-03-13
3daf5680-e853-4bda-bde1-def0c64c9d83,d23b2e02-085d-43e5-9e6e-e1d558ebfdd5,hebdo_20230227_20230305.json,json,donnees,8508248,2023-03-06
2a738935-88b7-494f-a89a-319a1d121204,d23b2e02-085d-43e5-9e6e-e1d558ebfdd5,mensuel_20230201_20230228.json,json,donnees,33688729,2023-03-01
f60ee7ad-50e8-47d8-9f21-cc5336da53f9,d23b2e02-085d-43e5-9e6e-e1d558ebfdd5,Fevrier 2023,xml,donnees,1490615,2023-03-01
8ee8a4b5-7cfe-4f03-a676-d0c2e1b8d696,d23b2e02-085d-43e5-9e6e-e1d558ebfdd5,hebdo_20230220_20230226.json,json,donnees,8774640,2023-02-27
a657c134-65d6-4a05-90ec-2d7069727b1a,d23b2e02-085d-43e5-9e6e-e1d558ebfdd5,hebdo_20230213_20230219.json,json,donnees,8468879,2023-02-20
15f9360a-16dd-4857-8971-705bf78a9741,d23b2e02-085d-43e5-9e6e-e1d558ebfdd5,hebdo_20230206_20230212.json,json,donnees,8937208,2023-02-13
93525aa8-0026-42c3-a9c6-7ceea4d6b550,d23b2e02-085d-43e5-9e6e-e1d558ebfdd5,hebdo_20230130_20230205.json,json,donnees,8099443,2023-02-06
fab8c266-71f6-47ee-a88b-421900d99eda,d23b2e02-085d-43e5-9e6e-e1d558ebfdd5,mensuel_20230101_20230131.json,json,donnees,31610689,2023-02-01
14478d9f-e2fa-492a-8c38-86cae34921dd,d23b2e02-085d-43e5-9e6e-e1d558ebfdd5,Janvier 2023,xml,donnees,1440860,2023-02-01
a914cd4e-bda5-41bd-b273-19cdff2fbafd,d23b2e02-085d-43e5-9e6e-e1d558ebfdd5,hebdo_20230123_20230129.json,json,donnees,8190095,2023-01-30
a76e0b56-cebe-4e8d-bcfc-5a45efa148a6,d23b2e02-085d-43e5-9e6e-e1d558ebfdd5,hebdo_20230116_20230122.json,json,donnees,8091201,2023-01-23
97b79cf9-145d-4bad-bd47-4d261a9752a2,d23b2e02-085d-43e5-9e6e-e1d558ebfdd5,hebdo_20230109_20230115.json,json,donnees,7440542,2023-01-16
1f5e8b21-79dc-43f5-91f4-636e00f0485f,d23b2e02-085d-43e5-9e6e-e1d558ebfdd5,hebdo_20230102_20230108.json,json,donnees,4558624,2023-01-09
e8aa404a-3a80-41f7-9e4b-2e583496910a,d23b2e02-085d-43e5-9e6e-e1d558ebfdd5,hebdo_20221226_20230101.json,json,donnees,1122536,2023-01-02
1af71c82-fd74-45b1-bf55-90599eb1469f,d23b2e02-085d-43e5-9e6e-e1d558ebfdd5,mensuel_20221201_20221231.json,json,donnees,32906375,2023-01-01
7f258917-228b-4856-98a3-3707e8c11b0e,d23b2e02-085d-43e5-9e6e-e1d558ebfdd5,Decembre 2023,xml,donnees,1530199,2023-01-01
e4a22b03-bc9e-4c7b-b776-1c0321a340f6,d23b2e02-085d-43e5-9e6e-e1d558ebfdd5,hebdo_20221219_20221225.json,json,donnees,10352376,2022-12-26
4f26a294-a258-4efa-9440-e7d4b8618e6e,d23b2e02-085d-43e5-9e6e-e1d558ebfdd5,hebdo_20221212_20221218.json,json,donnees,10304422,2022-12-19
0383dad9-db06-4b9d-af27-a1d7cf7800ba,d23b2e02-085d-43e5-9e6e-e1d558ebfdd5,hebdo_20221205_20221211.json,json,donnees,8289251,2022-12-12
8a124af6-227e-460e-9940-5ccab11554e6,d23b2e02-085d-43e5-9e6e-e1d558ebfdd5,hebdo_20221128_20221204.json,json,donnees,9180329,2022-12-05
884fdb17-5ec7-4419-bf8b-6f93e84a9ea1,d23b2e02-085d-43e5-9e6e-e1d558ebfdd5,mensuel_20221101_20221130.json,json,donnees,34875199,2022-12-01
e8459ab0-fa2d-45ec-b630-be2e0d40ccdd,d23b2e02-085d-43e5-9e6e-e1d558ebfdd5,Novembre 2022,xml,donnees,1515245,2022-12-01
79ecd2b9-4b50-444a-81b4-8c8e808c7449,d23b2e02-085d-43e5-9e6e-e1d558ebfdd5,hebdo_20221121_20221127.json,json,donnees,7658589,2022-11-28
19fa7281-5fc5-45fb-8861-fd656fbb11a8,d23b2e02-085d-43e5-9e6e-e1d558ebfdd5,hebdo_20221114_20221120.json,json,donnees,7723892,2022-11-21
a113c2b3-40ee-4252-b6d2-c34c961ce97b,d23b2e02-085d-43e5-9e6e-e1d558ebfdd5,hebdo_20221107_20221113.json,json,donnees,7834225,2022-11-14
375844f0-27d9-4df8-a51e-f0593a1ffe2b,d23b2e02-085d-43e5-9e6e-e1d558ebfdd5,hebdo_20221031_20221106.json,json,donnees,8666183,2022-11-08
78f8aff0-1282-4bd7-817d-a5eecce526dc,d23b2e02-085d-43e5-9e6e-e1d558ebfdd5,mensuel_20221001_20221031.json,json,donnees,32475694,2022-11-08
ebc77c46-bb27-4bad-bd1f-6dd63a54e773,d23b2e02-085d-43e5-9e6e-e1d558ebfdd5,Octobre 2022,xml,donnees,1432947,2022-11-08
fc4ef26a-6bf0-46fb-a878-3de54142c7c5,d23b2e02-085d-43e5-9e6e-e1d558ebfdd5,hebdo_20221024_20221030.json,json,donnees,7605400,2022-11-08
6a586aae-46b2-420d-8e44-30308dd3622a,d23b2e02-085d-43e5-9e6e-e1d558ebfdd5,hebdo_20221017_20221023.json,json,donnees,7735657,2022-11-08
5b6bc025-564e-4f51-9ddb-48b99723b42c,d23b2e02-085d-43e5-9e6e-e1d558ebfdd5,hebdo_20221010_20221016.json,json,donnees,6789684,2022-11-08
72df60a2-c4e2-46e5-a350-3b38faa0ee39,d23b2e02-085d-43e5-9e6e-e1d558ebfdd5,hebdo_20221003_20221009.json,json,donnees,8463667,2022-10-10
56d62d87-3232-4079-8d84-73d8e4dd8b4a,d23b2e02-085d-43e5-9e6e-e1d558ebfdd5,hebdo_20220926_20221002.json,json,donnees,8270957,2022-10-03
c3d8869a-61f7-4c0d-8bd2-c18f70351a82,d23b2e02-085d-43e5-9e6e-e1d558ebfdd5,mensuel_20220901_20220930.json,json,donnees,31421006,2022-10-01
1a33c267-d606-4307-8396-0995c5a7a344,d23b2e02-085d-43e5-9e6e-e1d558ebfdd5,Septembre 2022,xml,donnees,1441959,2022-10-01
74216e08-cfa6-44fb-8c4d-9f78096a9cac,d23b2e02-085d-43e5-9e6e-e1d558ebfdd5,hebdo_20220919_20220925.json,json,donnees,8054759,2022-09-26
d09ca4f8-9869-4743-9a77-6217327aeb0e,d23b2e02-085d-43e5-9e6e-e1d558ebfdd5,hebdo_20220912_20220918.json,json,donnees,7478910,2022-09-19
edae383d-6141-4a36-a06c-f779de9697bd,d23b2e02-085d-43e5-9e6e-e1d558ebfdd5,hebdo_20220905_20220911.json,json,donnees,5682090,2022-09-12
06c2c1be-f472-406e-ae58-042a9b9dc843,d23b2e02-085d-43e5-9e6e-e1d558ebfdd5,hebdo_20220829_20220904.json,json,donnees,6823673,2022-09-05
2b8ee577-3414-4378-9c32-c940c6f5716c,d23b2e02-085d-43e5-9e6e-e1d558ebfdd5,mensuel_20220801_20220831.json,json,donnees,29104257,2022-09-01
d0172dd5-1ba6-4d01-ab48-4eca6b270c71,d23b2e02-085d-43e5-9e6e-e1d558ebfdd5,Aout 2022,xml,donnees,1317158,2022-09-01
980e016e-a8a0-4484-b46f-f6bd3078f409,d23b2e02-085d-43e5-9e6e-e1d558ebfdd5,hebdo_20220822_20220828.json,json,donnees,6406552,2022-08-29
bf57e5e2-e760-49d4-b88b-0316d7f7add1,d23b2e02-085d-43e5-9e6e-e1d558ebfdd5,hebdo_20220815_20220821.json,json,donnees,5525594,2022-08-22
d8505acc-bbaf-477b-a0dc-035628a84523,d23b2e02-085d-43e5-9e6e-e1d558ebfdd5,hebdo_20220808_20220814.json,json,donnees,6323142,2022-08-15
90c7f28d-a10b-402b-970d-c3bb74b658e7,d23b2e02-085d-43e5-9e6e-e1d558ebfdd5,hebdo_20220801_20220807.json,json,donnees,6853599,2022-08-08
9c985fbe-4b82-4bf5-91f4-33cd8124b65b,d23b2e02-085d-43e5-9e6e-e1d558ebfdd5,mensuel_20220701_20220731.json,json,donnees,29389875,2022-08-01
b909cbdd-fa16-4bf7-94a8-d7a06088f645,d23b2e02-085d-43e5-9e6e-e1d558ebfdd5,Juillet 2022,xml,donnees,1349767,2022-08-01
990fa51e-d118-427e-8c99-ae54ce47d8f7,d23b2e02-085d-43e5-9e6e-e1d558ebfdd5,hebdo_20220725_20220731.json,json,donnees,6767755,2022-08-01
678489b0-e147-451f-b4ed-53c80d121a36,d23b2e02-085d-43e5-9e6e-e1d558ebfdd5,hebdo_20220718_20220724.json,json,donnees,6833806,2022-07-27
b7163086-c09a-423c-9084-cad4324a924b,d23b2e02-085d-43e5-9e6e-e1d558ebfdd5,hebdo_20220711_20220717.json,json,donnees,7297926,2022-07-18
421751c0-7b07-40ae-83a1-7d12208f484e,d23b2e02-085d-43e5-9e6e-e1d558ebfdd5,hebdo_20220704_20220710.json,json,donnees,8330556,2022-07-11
1678b359-5bc9-48d2-8e42-31828f1d4d95,d23b2e02-085d-43e5-9e6e-e1d558ebfdd5,hebdo_20220627_20220703.json,json,donnees,7058396,2022-07-04
c45f5c22-a9b0-436c-95cd-745f1fc297ab,d23b2e02-085d-43e5-9e6e-e1d558ebfdd5,mensuel_20220601_20220630.json,json,donnees,35915070,2022-07-01
19d499f1-323c-4dd2-b801-7ee1b59e1407,d23b2e02-085d-43e5-9e6e-e1d558ebfdd5,Juin 2022,xml,donnees,1741596,2022-07-01
c911676d-9510-4302-8d44-62724dee7c0d,d23b2e02-085d-43e5-9e6e-e1d558ebfdd5,hebdo_20220620_20220626.json,json,donnees,7264335,2022-06-27
3693c678-6aa1-4b18-bbb3-aae0d3a14bfe,d23b2e02-085d-43e5-9e6e-e1d558ebfdd5,hebdo_20220613_20220619.json,json,donnees,7956618,2022-06-20
2926d710-bb31-4fb3-a966-c62f57b2d464,d23b2e02-085d-43e5-9e6e-e1d558ebfdd5,hebdo_20220606_20220612.json,json,donnees,9369840,2022-06-13
35599847-af2c-4405-aacb-36ac1df5d01e,d23b2e02-085d-43e5-9e6e-e1d558ebfdd5,hebdo_20220606_20220612.json,json,donnees,6596511,2022-06-09
958fe345-8417-4483-bfc1-91498b2fcfc5,d23b2e02-085d-43e5-9e6e-e1d558ebfdd5,hebdo_20220530_20220605.json,json,donnees,10595227,2022-06-09
4e39ae6c-f32e-49d5-9b2b-5574a30e9e2b,d23b2e02-085d-43e5-9e6e-e1d558ebfdd5,mensuel_20220501_20220531.json,json,donnees,40709444,2022-06-09
81970ecd-5487-4727-8a90-e9ffbe67761d,d23b2e02-085d-43e5-9e6e-e1d558ebfdd5,Mai 2022,xml,donnees,1844885,2022-06-09
319af854-ad48-4b86-9a29-fe2091f17de0,d23b2e02-085d-43e5-9e6e-e1d558ebfdd5,hebdo_20220523_20220529.json,JSON,donnees,7518199,2022-05-30
25b1091c-5715-4c12-a36d-2e53e3b7c230,d23b2e02-085d-43e5-9e6e-e1d558ebfdd5,hebdo_20220516_20220522.json,JSON,donnees,8323511,2022-05-23
8cf42826-8ba8-4afa-bdc6-fda81643c444,d23b2e02-085d-43e5-9e6e-e1d558ebfdd5,hebdo_20220509_20220515.json,JSON,donnees,8782423,2022-05-16
f1c6dc61-3259-4833-ac0b-72fefd591e93,d23b2e02-085d-43e5-9e6e-e1d558ebfdd5,hebdo_20220502_20220508.json,JSON,donnees,11518164,2022-05-09
5349b78f-0a33-4499-921e-54732f10f6b5,d23b2e02-085d-43e5-9e6e-e1d558ebfdd5,hebdo_20220425_20220501.json,JSON,donnees,8883666,2022-05-02
5c9a8af2-fe4c-414d-8b57-a3cb0ac79fa4,d23b2e02-085d-43e5-9e6e-e1d558ebfdd5,mensuel_20220401_20220430.json,JSON,donnees,34873174,2022-05-01
dd513d07-b0b1-4c75-862b-5a797de961f6,d23b2e02-085d-43e5-9e6e-e1d558ebfdd5,Avril 2022,XML,donnees,1658483,2022-11-08
34d791cb-3536-44a6-9e84-a50193f9a355,d23b2e02-085d-43e5-9e6e-e1d558ebfdd5,hebdo_20220418_20220424.json,JSON,donnees,7408478,2022-04-25
a155b5f0-b33b-4da5-9766-78e07de316d8,d23b2e02-085d-43e5-9e6e-e1d558ebfdd5,hebdo_20220411_20220417.json,JSON,donnees,8485762,2022-04-18
a0b24e22-8e40-4b58-a836-48ee8002ac7a,d23b2e02-085d-43e5-9e6e-e1d558ebfdd5,hebdo_20220404_20220410.json,JSON,donnees,9150109,2022-04-11
889ca99b-478c-4bd7-9cb8-3456a9971eab,d23b2e02-085d-43e5-9e6e-e1d558ebfdd5,hebdo_20220328_20220403.json,JSON,donnees,9250610,2022-04-04
0b558a7a-a85b-4d36-8ce0-bc1507fd335f,d23b2e02-085d-43e5-9e6e-e1d558ebfdd5,mensuel_20220301_20220331.json,JSON,donnees,37122095,2022-04-01
80387d53-cb07-479c-acec-bb3eea4abfc0,d23b2e02-085d-43e5-9e6e-e1d558ebfdd5,Mars 2022,XML,donnees,1694471,2022-04-01
0207fa68-d978-4377-bfb0-a0dba8b75054,d23b2e02-085d-43e5-9e6e-e1d558ebfdd5,hebdo_20220321_20220327.json,JSON,donnees,7883474,2022-03-28
81efb8dc-c6d9-4d9e-888b-f884c0445618,d23b2e02-085d-43e5-9e6e-e1d558ebfdd5,hebdo_20220314_20220320.json,JSON,donnees,8276119,2022-03-21
efee115e-b6fb-4a85-9b15-9fca2979ca54,d23b2e02-085d-43e5-9e6e-e1d558ebfdd5,hebdo_20220307_20220313.json,JSON,donnees,9001446,2022-03-14
02022769-867e-4224-a79f-abcb491cf8cc,d23b2e02-085d-43e5-9e6e-e1d558ebfdd5,hebdo_20220228_20220306.json,JSON,donnees,6960097,2022-03-07
a053dd62-3baa-448e-be19-00b810cb09f2,d23b2e02-085d-43e5-9e6e-e1d558ebfdd5,mensuel_20220201_20220228.json,JSON,donnees,30098837,2022-03-01
0eaae3d4-ab7b-4d71-9f14-7bc9ad2d9a5f,d23b2e02-085d-43e5-9e6e-e1d558ebfdd5,Fevrier 2022,XML,donnees,1349383,2022-03-01
1ae3d40c-4e85-4965-a5a8-940176c9c0a3,d23b2e02-085d-43e5-9e6e-e1d558ebfdd5,hebdo_20220221_20220227.json,JSON,donnees,8125078,2022-02-28
cb850dbd-d8d7-43fe-aa9a-6214b17bb2d8,d23b2e02-085d-43e5-9e6e-e1d558ebfdd5,hebdo_20220214_20220220.json,JSON,donnees,7630616,2022-02-21
2d769e0f-37db-4397-a91d-b0c1a5d527c5,d23b2e02-085d-43e5-9e6e-e1d558ebfdd5,hebdo_20220207_20220213.json,JSON,donnees,7375036,2022-02-14
4110db24-7689-4d5a-8948-175778d96f2c,d23b2e02-085d-43e5-9e6e-e1d558ebfdd5,hebdo_20220131_20220206.json,JSON,donnees,7047798,2022-02-07
e068da1e-51be-4db1-981b-ce489cc26af1,d23b2e02-085d-43e5-9e6e-e1d558ebfdd5,mensuel_20220101_20220131.json,JSON,donnees,26912675,2022-02-01
7def32b0-1a1f-4e89-b296-3dc0b94bb371,d23b2e02-085d-43e5-9e6e-e1d558ebfdd5,Janvier 2022,XML,donnees,1193447,2022-02-01
0435c73f-029d-4518-8fbb-9a1cc8c493c2,d23b2e02-085d-43e5-9e6e-e1d558ebfdd5,hebdo_20220124_20220130.json,JSON,donnees,7923142,2022-01-31
50d433cf-5361-4202-a50c-e2cbec6f4138,d23b2e02-085d-43e5-9e6e-e1d558ebfdd5,hebdo_20220117_20220123.json,JSON,donnees,6947408,2022-01-24
fa6793d6-1dae-49a2-a02e-fb47f6a17f0d,d23b2e02-085d-43e5-9e6e-e1d558ebfdd5,hebdo_20220110_20220116.json,JSON,donnees,5985084,2022-01-17
36d2e89a-20fd-458a-b9dc-1bff34251d02,d23b2e02-085d-43e5-9e6e-e1d558ebfdd5,hebdo_20220103_20220109.json,JSON,donnees,5177752,2022-01-10
eb4d7620-6aa3-4850-aab6-a0fbe82f2dc1,d23b2e02-085d-43e5-9e6e-e1d558ebfdd5,hebdo_20211227_20220102.json,JSON,donnees,625512,2022-01-03
29680aa9-96a0-4b6b-b8ca-2b824baf717a,d23b2e02-085d-43e5-9e6e-e1d558ebfdd5,mensuel_20211201_20211231.json,JSON,donnees,29159740,2022-01-01
15c205d8-ffca-4847-ad12-de4b77bb31c8,d23b2e02-085d-43e5-9e6e-e1d558ebfdd5,Decembre 2022,XML,donnees,1324955,2022-01-01
679a4539-e642-466b-a2ca-0141b3e25321,d23b2e02-085d-43e5-9e6e-e1d558ebfdd5,hebdo_20211220_20211226.json,JSON,donnees,6934922,2021-12-27
8e2087e7-7559-4312-bc6f-cec9aa76fcbf,d23b2e02-085d-43e5-9e6e-e1d558ebfdd5,hebdo_20211213_20211219.json,JSON,donnees,9968713,2021-12-20
9c1e2e01-ef30-4340-909e-63a212bd2131,d23b2e02-085d-43e5-9e6e-e1d558ebfdd5,hebdo_20211206_20211212.json,JSON,donnees,7393622,2021-12-13
686318bd-16cb-45e5-b892-9ab0f43d5ef6,d23b2e02-085d-43e5-9e6e-e1d558ebfdd5,hebdo_20211129_20211205.json,JSON,donnees,7035625,2021-12-06
7bce77da-346c-4c0d-973d-2ee30f2b8de7,d23b2e02-085d-43e5-9e6e-e1d558ebfdd5,mensuel_20211101_20211130.json,JSON,donnees,31623071,2021-12-01
bfdeea3e-a25d-4360-847b-ae6f78498488,d23b2e02-085d-43e5-9e6e-e1d558ebfdd5,Novembre 2021,XML,donnees,1448929,2021-12-01
414e573f-25ae-436e-ad80-fd1ea8b632ac,d23b2e02-085d-43e5-9e6e-e1d558ebfdd5,hebdo_20211122_20211128.json,JSON,donnees,7058764,2021-11-29
646dd80b-cee9-443d-8eaf-0b38d2ec3a15,d23b2e02-085d-43e5-9e6e-e1d558ebfdd5,hebdo_20211115_20211121.json,JSON,donnees,9150091,2021-11-22
badefe22-5440-4c60-96bf-04b0e222cfaa,d23b2e02-085d-43e5-9e6e-e1d558ebfdd5,hebdo_20211108_20211114.json,JSON,donnees,6605811,2021-11-15
ab6b2b4d-3417-4963-b561-62a84961fb2f,d23b2e02-085d-43e5-9e6e-e1d558ebfdd5,hebdo_20211101_20211107.json,JSON,donnees,6784620,2021-11-08
eafdb003-df33-4b28-89d5-0df7e4f24143,d23b2e02-085d-43e5-9e6e-e1d558ebfdd5,mensuel_20211001_20211031.json,JSON,donnees,28993323,2021-11-01
1b31c723-6699-4d88-8f64-a2d7406dad7a,d23b2e02-085d-43e5-9e6e-e1d558ebfdd5,Octobre 2021,XML,donnees,1347823,2021-11-01
3ef9615b-6bee-4c1f-b2dd-f6d52a249813,d23b2e02-085d-43e5-9e6e-e1d558ebfdd5,hebdo_20211025_20211031.json,JSON,donnees,6501006,2021-11-01
318355a0-a1d2-4e24-a5b2-bb7c360078e5,d23b2e02-085d-43e5-9e6e-e1d558ebfdd5,hebdo_20211018_20211024.json,JSON,donnees,7768151,2021-10-25
bbc4787b-d6cb-40b2-8257-28bac4b05e93,d23b2e02-085d-43e5-9e6e-e1d558ebfdd5,hebdo_20211011_20211017.json,JSON,donnees,6331186,2021-10-18
c1d9d85c-fe52-4732-8d7b-d6be8925f930,d23b2e02-085d-43e5-9e6e-e1d558ebfdd5,hebdo_20211004_20211010.json,JSON,donnees,7370409,2021-10-11
bf541047-d125-4bda-998b-8dfee58d5ecc,d23b2e02-085d-43e5-9e6e-e1d558ebfdd5,hebdo_20210927_20211003.json,JSON,donnees,6892350,2021-10-04
9b67b2dc-4582-4962-8de8-79cae3ea67a3,d23b2e02-085d-43e5-9e6e-e1d558ebfdd5,mensuel_20210901_20210930.json,JSON,donnees,30537587,2021-10-01
a45e0aba-72b2-40eb-99e1-e52ff0d57f65,d23b2e02-085d-43e5-9e6e-e1d558ebfdd5,Septembre 2021,XML,donnees,1365418,2021-10-01
da988a49-bd22-4788-83f8-6a1334705093,d23b2e02-085d-43e5-9e6e-e1d558ebfdd5,hebdo_20210920_20210926.json,JSON,donnees,8303785,2021-09-27
82df48db-272b-403c-86ed-3c95670e3504,d23b2e02-085d-43e5-9e6e-e1d558ebfdd5,hebdo_20210913_20210919.json,JSON,donnees,7710337,2021-09-20
6baf3ab0-0947-46d5-a4a7-672135fa9653,d23b2e02-085d-43e5-9e6e-e1d558ebfdd5,hebdo_20210906_20210912.json,JSON,donnees,5935430,2021-09-13
c7807024-c5e8-435c-a29a-f0fef6f0fb70,d23b2e02-085d-43e5-9e6e-e1d558ebfdd5,hebdo_20210830_20210905.json,JSON,donnees,5687706,2021-09-06
db2a850d-29f3-406a-a871-da5af924d3bf,d23b2e02-085d-43e5-9e6e-e1d558ebfdd5,mensuel_20210801_20210831.json,JSON,donnees,24480576,2021-09-01
b5104190-5fbf-4167-9ebd-888b8dbdbb3b,d23b2e02-085d-43e5-9e6e-e1d558ebfdd5,Aout 2021,XML,donnees,1152923,2021-09-01
4249d958-c487-4104-bd24-215c72f50374,d23b2e02-085d-43e5-9e6e-e1d558ebfdd5,hebdo_20210823_20210829.json,JSON,donnees,5700340,2021-08-30
a6711c1d-adf7-4a4d-9e88-9192abea038a,d23b2e02-085d-43e5-9e6e-e1d558ebfdd5,hebdo_20210816_20210822.json,JSON,donnees,6028712,2021-08-23
08cc319c-32f4-4281-8116-aef9e80ea573,d23b2e02-085d-43e5-9e6e-e1d558ebfdd5,hebdo_20210809_20210815.json,JSON,donnees,5364906,2021-08-16
dc35d861-f045-49bd-9713-d2bcb292015a,d23b2e02-085d-43e5-9e6e-e1d558ebfdd5,hebdo_20210802_20210808.json,JSON,donnees,5540782,2021-08-09
6d175232-0ebd-4e87-879a-12122241efe2,d23b2e02-085d-43e5-9e6e-e1d558ebfdd5,hebdo_20210726_20210801.json,JSON,donnees,5892302,2021-08-02
ef01e892-da47-4e50-90f9-19cb04113048,d23b2e02-085d-43e5-9e6e-e1d558ebfdd5,mensuel_20210701_20210731.json,JSON,donnees,27246002,2021-08-01
b466d3bc-dddd-404b-a3c4-b838f58c50bf,d23b2e02-085d-43e5-9e6e-e1d558ebfdd5,Juillet 2021,XML,donnees,1272457,2021-08-01
78e13b10-7f39-4274-b083-acfc2676a3fc,d23b2e02-085d-43e5-9e6e-e1d558ebfdd5,hebdo_20210719_20210725.json,JSON,donnees,4825504,2021-07-26
c289358b-3e34-4570-b2e6-3ef8430aa8db,d23b2e02-085d-43e5-9e6e-e1d558ebfdd5,hebdo_20210712_20210718.json,JSON,donnees,7011807,2021-07-19
cb2b739d-c6a0-4387-b5d0-a0cf5e8b894c,d23b2e02-085d-43e5-9e6e-e1d558ebfdd5,hebdo_20210705_20210711.json,JSON,donnees,8329683,2021-07-13
b2326806-d1e7-4126-bde5-08f683b06e42,d23b2e02-085d-43e5-9e6e-e1d558ebfdd5,hebdo_20210628_20210704.json,JSON,donnees,6340294,2021-07-05
48ba7af6-1d82-4e16-acb4-796dfc1ab020,d23b2e02-085d-43e5-9e6e-e1d558ebfdd5,Juin 2021,XML,donnees,1771151,2021-07-01
48561625-a93c-4029-8e92-25ed9d901f43,d23b2e02-085d-43e5-9e6e-e1d558ebfdd5,mensuel_20210601_20210630,JSON,donnees,36908439,2021-07-01
edf9466f-fd08-4afa-8cd0-5f8a86a47850,d23b2e02-085d-43e5-9e6e-e1d558ebfdd5,hebdo_20210621_20210627.json,JSON,donnees,8425561,2021-06-28
452cd82c-d7ef-48bc-808d-6ad152f011f6,d23b2e02-085d-43e5-9e6e-e1d558ebfdd5,hebdo_20210614_20210620.json,JSON,donnees,9536761,2021-06-23
fe52bcd1-df74-4e76-916f-f918fefaac0f,d23b2e02-085d-43e5-9e6e-e1d558ebfdd5,hebdo_20210607_20210613.json,JSON,donnees,7145194,2021-06-14
1cafcaa0-5155-44e9-a1b1-8e25b3ab0b73,d23b2e02-085d-43e5-9e6e-e1d558ebfdd5,hebdo_20210531_20210606.json,JSON,donnees,9313739,2021-06-08
7f900036-6579-4765-bc0c-c73b4ff77a9e,d23b2e02-085d-43e5-9e6e-e1d558ebfdd5,mensuel_20210501_20210531.json,JSON,donnees,37016296,2021-06-01
ec0829bd-ee8d-41e8-b982-45676dbe635e,d23b2e02-085d-43e5-9e6e-e1d558ebfdd5,Mai 2021,XML,donnees,1730597,2021-06-01
a74746ca-cf7b-43d0-aa08-8c18c91363f7,d23b2e02-085d-43e5-9e6e-e1d558ebfdd5,hebdo_20210524_20210530.json,JSON,donnees,7765537,2021-05-31
1acaae0b-eccd-4fe3-b1df-f54e15150863,d23b2e02-085d-43e5-9e6e-e1d558ebfdd5,hebdo_20210517_20210523.json,JSON,donnees,7793180,2021-05-24
9be7e031-4436-4ad8-b2d8-8c1fbea30de8,d23b2e02-085d-43e5-9e6e-e1d558ebfdd5,hebdo_20210510_20210516.json,JSON,donnees,10307993,2021-05-17
8e055eb6-8cd7-40eb-9925-b203bee313e1,d23b2e02-085d-43e5-9e6e-e1d558ebfdd5,hebdo_20210503_20210509.json,JSON,donnees,9379533,2021-05-14
0c2505ea-ae0d-4d58-b257-2c437855b4e0,d23b2e02-085d-43e5-9e6e-e1d558ebfdd5,hebdo_20210426_20210502.json,JSON,donnees,11681195,2021-05-14
e8246369-6b50-4e10-bc7f-8e4e2804c892,d23b2e02-085d-43e5-9e6e-e1d558ebfdd5,mensuel_20210401_20210430.json,JSON,donnees,35901379,2021-05-14
32084bbe-9173-4890-8a01-5f7c4e5c345e,d23b2e02-085d-43e5-9e6e-e1d558ebfdd5,hebdo_20210419_20210425.json,JSON,donnees,9111133,2021-05-14
2d02a47d-c66d-498b-8de3-d168007856f1,d23b2e02-085d-43e5-9e6e-e1d558ebfdd5,hebdo_20210412_20210418.json,JSON,donnees,7846904,2021-05-14
e8e89321-2fa2-4a8a-b1a1-48cf56963cfb,d23b2e02-085d-43e5-9e6e-e1d558ebfdd5,hebdo_20210401_20210411.json,JSON,donnees,7985817,2021-05-14
291d8cc0-5c6b-4ced-a8d0-d7b880a33809,d23b2e02-085d-43e5-9e6e-e1d558ebfdd5,mensuel_20210301_20210331.json,JSON,donnees,33889444,2021-05-14
ddae572c-9001-45af-b61f-04da7e66aa4b,d23b2e02-085d-43e5-9e6e-e1d558ebfdd5,Avril 2021,XML,donnees,1728769,2021-05-03
e1e0422c-1dde-4c94-859d-60cc45fc249d,d23b2e02-085d-43e5-9e6e-e1d558ebfdd5,Mars 2021,XML,donnees,1802471,2021-04-07
be2a3f6d-0e23-4fd3-965d-3f37ea520893,d23b2e02-085d-43e5-9e6e-e1d558ebfdd5,Février 2021,XML,donnees,1263930,2021-03-02
d35c74e0-9ac9-4c19-84f7-c8cb0179f550,d23b2e02-085d-43e5-9e6e-e1d558ebfdd5,Janvier 2021,XML,donnees,1249503,2021-02-01
9c227faa-8629-4e38-aa10-f47c59c46a48,d23b2e02-085d-43e5-9e6e-e1d558ebfdd5,Année 2020,XML,donnees,15426031,2021-03-01
e9589860-8f09-42f1-b5b4-fd3870ee4703,d23b2e02-085d-43e5-9e6e-e1d558ebfdd5,FAQ_SEAO,PDF,support,NA,2015-12-17
af41596c-b07f-4664-82c8-577e1ef9a6f3,d23b2e02-085d-43e5-9e6e-e1d558ebfdd5,Format XML pour les données ouvertes du SEAO,PDF,support,375599,2015-12-17
0e57d621-999e-4863-a0fe-2ea161d06911,d23b2e02-085d-43e5-9e6e-e1d558ebfdd5,Année 2019,XML,donnees,NA,2020-10-01
d1747eb5-894d-4907-8d7b-7d6f12714476,d23b2e02-085d-43e5-9e6e-e1d558ebfdd5,Année 2018,XML,donnees,NA,2019-02-01
1773998b-0cc0-4402-9b09-51f939633112,d23b2e02-085d-43e5-9e6e-e1d558ebfdd5,Année 2017,XML,donnees,NA,2017-03-07
4d8729ad-2bea-47fc-a097-fb8d41872816,d23b2e02-085d-43e5-9e6e-e1d558ebfdd5,Année 2016,XML,donnees,NA,2017-08-22
a7a3e3e4-b3c4-4e2e-b732-67aa87458d1d,d23b2e02-085d-43e5-9e6e-e1d558ebfdd5,Année 2015,XML,donnees,NA,2016-05-20
2cf196da-a7b7-47c7-ae21-bdc21157e4c4,d23b2e02-085d-43e5-9e6e-e1d558ebfdd5,Année 2014,XML,donnees,NA,2016-05-20
338e1f63-0a8f-4790-851c-928a00c066f4,d23b2e02-085d-43e5-9e6e-e1d558ebfdd5,Année 2013,XML,donnees,NA,2016-05-20
ce331443-53c1-4b77-9829-74f12a934bb4,d23b2e02-085d-43e5-9e6e-e1d558ebfdd5,Année 2012,XML,donnees,NA,2015-12-17
262007bb-742d-4de3-904a-6d4ee4759bbe,d23b2e02-085d-43e5-9e6e-e1d558ebfdd5,Année 2011,XML,donnees,NA,2015-12-17
256fc1f4-3b21-41f6-8266-f1e4474a10ab,d23b2e02-085d-43e5-9e6e-e1d558ebfdd5,Année 2010,XML,donnees,NA,2015-12-17
40ee196b-25d5-4786-a6e4-c4e301676190,d23b2e02-085d-43e5-9e6e-e1d558ebfdd5,Année 2009,XML,donnees,NA,2015-12-17
271331f3-bbdb-42f7-a052-0c75b524287d,d23b2e02-085d-43e5-9e6e-e1d558ebfdd5,Format JSON pour les données ouvertes du SEAO,PDF,support,278502,2021-04-07
da1e0681-bd6d-404b-bd34-e0a8963951b9,40cab1d6-2c7c-4ddc-b38a-71bf9e6f88bc,Reddition de compte au 31 mai 2026,XLSX,donnees,40576,2026-06-09
9a45bd90-9054-4527-a83e-da15949fe0af,40cab1d6-2c7c-4ddc-b38a-71bf9e6f88bc,Reddition de compte au 31 mai 2026,CSV,donnees,88616,2026-06-09
32528cf0-029b-4ea4-952c-96ff7ed159cb,40cab1d6-2c7c-4ddc-b38a-71bf9e6f88bc,Reddition de compte au 30 novembre 2025,XLSX,donnees,40557,2025-12-04
ccaea7a6-fac4-4fdd-a8e4-f4fb6e4421ba,40cab1d6-2c7c-4ddc-b38a-71bf9e6f88bc,Reddition de compte au 30 novembre 2025,CSV,donnees,89087,2025-12-04
ab61f6db-4106-41d6-8152-9e7576d5e086,40cab1d6-2c7c-4ddc-b38a-71bf9e6f88bc,Reddition de compte au 31 mai 2025,XLSX,donnees,40415,2025-06-10
ea66c6b4-8eed-4ffe-8723-53a58335ff2c,40cab1d6-2c7c-4ddc-b38a-71bf9e6f88bc,Reddition de compte au 31 mai 2025,CSV,donnees,90050,2025-06-10
5c79d43f-be93-418a-9505-0fa9196c8f83,40cab1d6-2c7c-4ddc-b38a-71bf9e6f88bc,Reddition de compte au 30 novembre 2024,XLSX,donnees,43355,2025-05-29
7e307323-f103-4be1-a950-5abc4894b493,40cab1d6-2c7c-4ddc-b38a-71bf9e6f88bc,Reddition de compte au 30 novembre 2024,CSV,donnees,110083,2025-05-29
546e83ce-25ee-484e-b16f-5039f228e86f,40cab1d6-2c7c-4ddc-b38a-71bf9e6f88bc,Reddition de compte au 31 mai 2024,XLSX,donnees,43108,2025-06-03
6fb3981c-cc04-4d22-a67b-e9fcaa26169a,40cab1d6-2c7c-4ddc-b38a-71bf9e6f88bc,Reddition de compte au 31 mai 2024,CSV,donnees,110484,2025-06-03
1b59da97-6567-4a68-ae64-a061e57df963,40cab1d6-2c7c-4ddc-b38a-71bf9e6f88bc,Reddition de compte au 30 novembre 2023,XLSX,donnees,44245,2025-05-29
d1137499-ae99-4c21-9aa5-f1609692d8e2,40cab1d6-2c7c-4ddc-b38a-71bf9e6f88bc,Reddition de compte au 30 novembre 2023,CSV,donnees,143233,2025-05-29
9cf5f6f6-eba6-452e-851a-dfddccf0e9e5,40cab1d6-2c7c-4ddc-b38a-71bf9e6f88bc,Reddition de compte au 30 mai 2023,XLSX,donnees,43092,2025-06-04
edcf29b2-e903-4b2d-8971-68a09bd022f2,40cab1d6-2c7c-4ddc-b38a-71bf9e6f88bc,Reddition de compte au 30 mai 2023,CSV,donnees,141272,2025-06-04
1581cce5-2416-4c7b-8939-0d50dc4730b1,40cab1d6-2c7c-4ddc-b38a-71bf9e6f88bc,Reddition de compte au 30 novembre 2022,JSON,donnees,288547,2023-06-26
9adbabb1-e392-4774-968f-f074b29cdd42,40cab1d6-2c7c-4ddc-b38a-71bf9e6f88bc,Reddition de compte au 30 novembre 2022,XLSX,donnees,155800,2022-12-08
7c23229e-762f-4db5-ac32-638079384f39,40cab1d6-2c7c-4ddc-b38a-71bf9e6f88bc,Reddition de compte au 31 mars 2022,JSON,donnees,287811,2022-06-02
b35c0eaf-ebba-400b-aa1f-d2e2affa02dd,40cab1d6-2c7c-4ddc-b38a-71bf9e6f88bc,Reddition de compte au 31 mars 2022,XLSX,donnees,164615,2022-06-02
922781bd-4d0b-4029-aef7-6ef492b87623,40cab1d6-2c7c-4ddc-b38a-71bf9e6f88bc,Reddition de compte au 30 novembre 2021,JSON,donnees,286582,2021-12-08
a971dd8c-35b0-40e8-bde0-c8e14b1264c5,40cab1d6-2c7c-4ddc-b38a-71bf9e6f88bc,Reddition de compte au 30 novembre 2021,XLSX,donnees,63722,2021-12-08
9f9fda85-8c1a-4409-a076-b44d6d7836c2,40cab1d6-2c7c-4ddc-b38a-71bf9e6f88bc,Reddition de compte au 31 mars 2021,JSON,donnees,284878,2021-09-29
2046b466-1660-44bc-bb35-21984474f94f,40cab1d6-2c7c-4ddc-b38a-71bf9e6f88bc,Reddition de compte au 31 mars 2021,XLSX,donnees,69232,2021-09-29
a8abd177-ddf4-463a-9f51-93c5fbade561,40cab1d6-2c7c-4ddc-b38a-71bf9e6f88bc,Description des champs,PDF,support,225585,2021-09-29
49746f80-2a18-4189-8411-99b9f3c1b0f6,0bda1c4a-89a5-460e-bd29-c105a3bf0e11,Budgets et crédits des ministères et organismes 2026-2027,CSV,donnees,169458,2026-03-24
29818eac-3236-4641-89e0-15d09705127e,0bda1c4a-89a5-460e-bd29-c105a3bf0e11,Crédits affectés à des fonds spéciaux 2026-2027,CSV,donnees,14326,2026-03-24
b339bea5-dc7c-475d-a380-eb35110666f1,0bda1c4a-89a5-460e-bd29-c105a3bf0e11,Crédits de transfert des ministères et organismes 2026-2027,CSV,donnees,173205,2026-03-24
0c42066c-d7cd-435e-aa85-5c65910ee4fb,0bda1c4a-89a5-460e-bd29-c105a3bf0e11,Prévisions des fonds spéciaux et des organismes autres que budgétaires 2026-2027,CSV,donnees,193581,2026-03-24
95c1b678-b7e0-4f65-88c7-a05fce0d0ba0,0bda1c4a-89a5-460e-bd29-c105a3bf0e11,Budgets et crédits des ministères et organismes 2025-2026,CSV,donnees,168081,2025-04-03
b46489c7-241e-4de6-9cc1-e8c7b3d68d53,0bda1c4a-89a5-460e-bd29-c105a3bf0e11,Crédits affectés à des fonds spéciaux 2025-2026,CSV,donnees,14623,2025-04-03
2a90b372-3087-45d9-a921-1340141fa644,0bda1c4a-89a5-460e-bd29-c105a3bf0e11,Crédits de transfert des ministères et organismes 2025-2026,CSV,donnees,170765,2025-04-03
c46e985f-8efb-4212-bef3-089f25253e9a,0bda1c4a-89a5-460e-bd29-c105a3bf0e11,Prévisions des fonds spéciaux et des organismes autres que budgétaires 2025-2026,CSV,donnees,198970,2025-04-03
26c2d2b8-2016-47a0-bc3e-d3b25e5add15,0bda1c4a-89a5-460e-bd29-c105a3bf0e11,Budgets et crédits des ministères et organismes 2024-2025,CSV,donnees,168767,2024-07-12
8fd3c48a-be3b-4746-98fe-50626b3afbf2,0bda1c4a-89a5-460e-bd29-c105a3bf0e11,Crédits de transfert des ministères et organismes 2024-2025,CSV,donnees,171701,2025-04-03
6a21589c-59be-4a75-9f28-a52d7b20ee8c,0bda1c4a-89a5-460e-bd29-c105a3bf0e11,Crédits affectés à des fonds spéciaux 2024-2025,CSV,donnees,14362,2024-07-12
7292f5d5-dd5a-44a1-90d9-96f663f7709d,0bda1c4a-89a5-460e-bd29-c105a3bf0e11,Prévisions des fonds spéciaux et des organismes autres que budgétaires 2024-2025,CSV,donnees,200758,2024-07-12
a4ff0b8d-baef-41de-8cc7-c386b1536789,0bda1c4a-89a5-460e-bd29-c105a3bf0e11,Budgets et crédits des ministères et organismes 2023-2024,CSV,donnees,168981,2023-05-05
ef09b5f8-d1ec-4f59-a34f-c4e85fc07473,0bda1c4a-89a5-460e-bd29-c105a3bf0e11,Crédits de transfert des ministères et organismes 2023-2024,CSV,donnees,193637,2024-07-12
75aa2a9a-bae3-40f7-a43e-972e69034ca6,0bda1c4a-89a5-460e-bd29-c105a3bf0e11,Crédits affectés à des fonds spéciaux 2023-2024,CSV,donnees,15415,2023-05-05
45936b1a-660d-4f54-b5fb-9bf3ac4b34cb,0bda1c4a-89a5-460e-bd29-c105a3bf0e11,Prévisions des fonds spéciaux et des organismes autres que budgétaires 2023-2024,CSV,donnees,198417,2023-05-05
a4ff76be-447b-4b0d-a934-b32052fa2d0c,0bda1c4a-89a5-460e-bd29-c105a3bf0e11,Budgets et crédits des ministères et organismes 2022-2023,CSV,donnees,160806,2022-06-17
bcb995f7-3093-4092-a2ae-63f227f1c3fc,0bda1c4a-89a5-460e-bd29-c105a3bf0e11,Crédits de transfert des ministères et organismes 2022-2023,CSV,donnees,199223,2022-06-17
f0091f92-9348-4791-a1b1-b60858763488,0bda1c4a-89a5-460e-bd29-c105a3bf0e11,Crédits affectés à des fonds spéciaux 2022-2023,CSV,donnees,15597,2022-06-17
94112031-73d3-4d15-b65e-9878500f4a38,0bda1c4a-89a5-460e-bd29-c105a3bf0e11,Prévisions des fonds spéciaux et des organismes autres que budgétaires 2022-2023,CSV,donnees,187989,2022-06-17
1288cbc6-07fa-454d-a35d-d94acf891aec,0bda1c4a-89a5-460e-bd29-c105a3bf0e11,Budgets et crédits des ministères et organismes 2021-2022,CSV,donnees,161339,2023-05-08
e30ee0aa-bfd5-4733-b510-c5c41c9c3308,0bda1c4a-89a5-460e-bd29-c105a3bf0e11,Crédits de transfert des ministères et organismes 2021-2022,CSV,donnees,187288,2023-05-08
193a8a43-c642-4448-a8ab-8987935cb67e,0bda1c4a-89a5-460e-bd29-c105a3bf0e11,Crédits affectés à des fonds spéciaux 2021-2022,CSV,donnees,14190,2023-05-08
1d6cdeaa-3ffd-4e2c-bbb5-c17e7347cb8d,0bda1c4a-89a5-460e-bd29-c105a3bf0e11,Prévisions des fonds spéciaux et des organismes autres que budgétaires 2021-2022,CSV,donnees,186953,2023-05-08
eae0f7fb-71f0-4f05-81d1-d6830c0cc5c3,0bda1c4a-89a5-460e-bd29-c105a3bf0e11,Description des champs 26_27,PDF,,118336,2026-03-24
1d4d1683-7a33-442a-a3b8-6db157434744,0bda1c4a-89a5-460e-bd29-c105a3bf0e11,Description des champs 2025_2026,PDF,support,117559,2026-03-24
a8d2f845-eb70-4349-a558-713f59fe71c0,0bda1c4a-89a5-460e-bd29-c105a3bf0e11,Description des champs  2024-2025,PDF,support,68877,2024-07-12
3aae5227-115c-43c0-94bf-7745279b0a4a,0bda1c4a-89a5-460e-bd29-c105a3bf0e11,Description des champs 2023-2024,PDF,support,NA,2023-05-05
1b2b5d7f-4f70-4afc-b7cd-ae1f4b7fb927,0bda1c4a-89a5-460e-bd29-c105a3bf0e11,Description des champs 2022-2023,PDF,support,117244,2023-05-05
e2e9bf56-c57f-44d0-905e-84701a08873d,0bda1c4a-89a5-460e-bd29-c105a3bf0e11,Description des champs 2021-2022,PDF,support,132009,2023-06-26
ffcf8a8e-66b9-49ac-a8e0-bd2018740e38,983addf4-a7a6-441b-a09a-392157d20ad1,Échelles de traitement (2026-01-27),CSV,donnees,4798323,2026-01-27
310f741a-5b7f-4747-b489-285261add0fa,983addf4-a7a6-441b-a09a-392157d20ad1,Échelles traitement (2026-01-27).xlsx,XLSX,donnees,1882671,2026-01-27
58fd2724-ffb1-4367-8f28-22857f5ca85a,983addf4-a7a6-441b-a09a-392157d20ad1,Échelles de traitement,CSV,donnees,3941588,2022-02-22
737a664c-5f7c-4779-8546-ad227e1b6a6d,983addf4-a7a6-441b-a09a-392157d20ad1,Échelles de traitement,XLSX,donnees,1405318,2022-02-28
0dc390ca-9156-4c25-bc27-0f6699cfc9b3,983addf4-a7a6-441b-a09a-392157d20ad1,Échelles de traitement,PDF,donnees,NA,2025-08-27
cfb22b92-21bd-491a-a5e5-c034bfb815ef,1e9175e1-1227-4268-b139-dc31a02da031,Collections du Musée des beaux-arts de Sherbrooke,CSV,donnees,1221860,2025-09-30
b8d1c203-c8f9-482c-b07d-52e8037f86c2,1e9175e1-1227-4268-b139-dc31a02da031,Dictionnaire de données,XLSX,support,21120,2025-10-02
dce2ecff-bc9d-4b4c-a034-95174cf3be93,1076a4fb-b217-4703-921b-dd92671dc03d,Collecte 2026-06,CSV,donnees,144659,2026-07-07
d07d492e-e289-4d82-87e0-6bced0f838b0,1076a4fb-b217-4703-921b-dd92671dc03d,Collecte 2026-06,XLSX,donnees,82784,2026-07-03
6f6058ee-44a6-4c33-af76-738c948eb4e5,1076a4fb-b217-4703-921b-dd92671dc03d,Collecte 2026-05,CSV,donnees,138291,2026-06-02
5a3ecf13-1813-41b9-90c2-561834922942,1076a4fb-b217-4703-921b-dd92671dc03d,Collecte 2026-05,XLSX,donnees,79783,2026-06-02
5d07c994-5c2b-4755-8fd2-68bf90014672,1076a4fb-b217-4703-921b-dd92671dc03d,Collecte 2026-04,CSV,donnees,139245,2026-05-05
684750c6-f0d5-410a-b3b3-9a73679115bc,1076a4fb-b217-4703-921b-dd92671dc03d,Collecte 2026-04,XLSX,donnees,79548,2026-05-05
27e30c21-035c-42a1-a62d-a363a8c48bc6,1076a4fb-b217-4703-921b-dd92671dc03d,Collecte 2026-03,CSV,donnees,140911,2026-04-07
353aa2bc-9bfa-4250-9567-bd2bb843f9d3,1076a4fb-b217-4703-921b-dd92671dc03d,Collecte 2026-03,XLSX,donnees,85184,2026-04-07
17f7004c-6c83-4cf5-813e-486f2905b7b0,1076a4fb-b217-4703-921b-dd92671dc03d,Collecte 2026-02,CSV,donnees,143417,2026-03-03
2fcd7b67-9ba7-49a3-8158-6c4a74f0500f,1076a4fb-b217-4703-921b-dd92671dc03d,Collecte 2026-02,XLSX,donnees,74060,2026-03-03
322968e5-b568-4dcc-9d83-b6306356f5e7,1076a4fb-b217-4703-921b-dd92671dc03d,Collecte 2026-01,CSV,donnees,147847,2026-02-03
55e2f708-6837-4e90-aa43-fcbb425e3371,1076a4fb-b217-4703-921b-dd92671dc03d,Collecte 2026-01,XLSX,donnees,84878,2026-02-03
7035d3f6-4494-48fa-8751-4a261529cc3b,1076a4fb-b217-4703-921b-dd92671dc03d,Collecte 2025-12,CSV,donnees,144210,2026-01-06
6bdca5dd-4eb8-4bbb-ac93-94b9b59d6202,1076a4fb-b217-4703-921b-dd92671dc03d,Collecte 2025-12,XLSX,donnees,86655,2026-01-06
76db61a3-3221-492f-97cc-c7275b884ccb,1076a4fb-b217-4703-921b-dd92671dc03d,Collecte 2025-11,CSV,donnees,147472,2025-12-04
aca03393-daef-4155-a4c1-1fec605cdf41,1076a4fb-b217-4703-921b-dd92671dc03d,Collecte 2025-11,XLSX,donnees,88180,2025-12-04
0b3b6936-7a80-4c3c-af69-f4783af29b90,1076a4fb-b217-4703-921b-dd92671dc03d,Collecte 2025-10,CSV,donnees,150112,2025-11-12
7d2b6b08-4806-4b16-aba5-78965eb1571e,1076a4fb-b217-4703-921b-dd92671dc03d,Collecte 2025-10,XLSX,donnees,86020,2025-11-12
4ebf24eb-92d1-42ae-a0fe-53ffe51e4892,1076a4fb-b217-4703-921b-dd92671dc03d,Collecte 2025-09,CSV,donnees,149353,2025-10-02
407dc053-9aa2-4284-bf20-4da96c1005fb,1076a4fb-b217-4703-921b-dd92671dc03d,Collecte 2025-09,XLSX,donnees,87019,2025-10-02
3d63bf14-7a39-4c67-a642-2e25d568aec6,1076a4fb-b217-4703-921b-dd92671dc03d,Collecte 2025-08,CSV,donnees,148244,2025-09-02
310a2280-a391-49d1-838d-1bc60a2151c8,1076a4fb-b217-4703-921b-dd92671dc03d,Collecte 2025-08,XLSX,donnees,86211,2025-09-02
5d1fb27c-a033-45b4-aaca-022864e98ce0,1076a4fb-b217-4703-921b-dd92671dc03d,Collecte 2025-07,CSV,donnees,142245,2025-08-05
3824a3f5-992c-4dc7-bbf1-e37299d6df84,1076a4fb-b217-4703-921b-dd92671dc03d,Collecte 2025-07,XLSX,donnees,88788,2025-08-05
547aee3f-3f1b-4e20-bc4d-78a888c32d8c,1076a4fb-b217-4703-921b-dd92671dc03d,Collecte 2025-06,CSV,donnees,138124,2025-07-03
97a5aa41-0a02-47ea-929f-ffd3533a49a5,1076a4fb-b217-4703-921b-dd92671dc03d,Collecte 2025-06,XLSX,donnees,82211,2025-07-03
db4ec99f-6000-4fc6-8b0e-425360ff546f,1076a4fb-b217-4703-921b-dd92671dc03d,Collecte 2025-05,CSV,donnees,137673,2025-06-03
3ae48223-152b-4569-ac7a-4a4e6a23f0ee,1076a4fb-b217-4703-921b-dd92671dc03d,Collecte 2025-05,XLSX,donnees,77792,2025-06-03
08f8d1d8-9313-413e-a445-1625c3a42c37,1076a4fb-b217-4703-921b-dd92671dc03d,Collecte 2025-04,CSV,donnees,141667,2025-05-01
fbb24cf4-2238-4582-9d89-2071d45c933a,1076a4fb-b217-4703-921b-dd92671dc03d,Collecte 2025-04,XLSX,donnees,79387,2025-05-01
0c228ce4-2e10-4ace-bf33-87aa7c77f2a4,1076a4fb-b217-4703-921b-dd92671dc03d,Collecte 2025-03,CSV,donnees,145731,2025-04-04
244af1fc-a66d-4420-a8a7-6d4a49c8c7ae,1076a4fb-b217-4703-921b-dd92671dc03d,Collecte 2025-03,XLSX,donnees,81366,2025-04-04
a51db1b4-99ef-4a7c-93eb-4dd19209eeee,1076a4fb-b217-4703-921b-dd92671dc03d,Collecte 2025-02,CSV,donnees,152646,2025-04-04
b8f734a6-4a1b-4935-bae9-36e6b225aac0,1076a4fb-b217-4703-921b-dd92671dc03d,Collecte 2025-02,XLSX,donnees,88987,2025-04-04
0de8a142-5775-4fb2-85fd-22087e47c825,1076a4fb-b217-4703-921b-dd92671dc03d,Collecte 2025-01,CSV,donnees,152646,2025-04-04
7c2c608d-7d5f-4de3-91f5-5a6ae2779089,1076a4fb-b217-4703-921b-dd92671dc03d,Collecte 2025-01,XLSX,donnees,89036,2025-04-04
380a595d-294d-48d1-8812-d57d65ff31df,1076a4fb-b217-4703-921b-dd92671dc03d,Collecte 2024-12,CSV,donnees,147760,2025-01-07
81407c67-984a-4d49-ab64-d171584458f7,1076a4fb-b217-4703-921b-dd92671dc03d,Collecte 2024-12,XLSX,donnees,101296,2025-01-07
9edfc35e-a231-423c-ac8b-edc5afe49c03,1076a4fb-b217-4703-921b-dd92671dc03d,Collecte 2024-11,CSV,donnees,NA,2024-12-02
3f5e4300-0656-4f1c-b3cc-a54eb39aebeb,1076a4fb-b217-4703-921b-dd92671dc03d,Collecte 2024-11,XLSX,donnees,81947,2024-12-02
2f1953e4-fe7f-4704-8b84-c88dfa0139c9,1076a4fb-b217-4703-921b-dd92671dc03d,Collecte 2024-10,CSV,donnees,126979,2024-11-04
02c126f2-f013-4153-8222-fb418aec83aa,1076a4fb-b217-4703-921b-dd92671dc03d,Collecte 2024-10,XLSX,donnees,95231,2024-11-04
8663d37d-20ac-4db4-bffa-36bbdd00bc05,1076a4fb-b217-4703-921b-dd92671dc03d,Collecte 2024-09,CSV,donnees,121218,2024-10-01
b2f1b2e3-9c63-4f7b-9d6c-3635a8145147,1076a4fb-b217-4703-921b-dd92671dc03d,Collecte 2024-09,XLS,donnees,NA,2024-10-01
0c028594-473a-4457-b740-d99159f02d4b,1076a4fb-b217-4703-921b-dd92671dc03d,Collecte 2024-08,CSV,donnees,107646,2024-10-01
a791f3a7-825d-4b70-ab18-9ca1242022d7,1076a4fb-b217-4703-921b-dd92671dc03d,Collecte 2024-08,XLSX,donnees,84155,2024-10-01
08fca60f-5e2b-4ec7-a6d7-582e2130ad91,1076a4fb-b217-4703-921b-dd92671dc03d,Collecte 2024-07,CSV,donnees,109562,2024-10-01
fefdb5c8-c372-4d32-9a94-414645ac7d17,1076a4fb-b217-4703-921b-dd92671dc03d,Collecte 2024-07,XLSX,donnees,85083,2024-10-01
0390d1f3-c460-47a2-ae4f-0c67c4ffcd86,1076a4fb-b217-4703-921b-dd92671dc03d,Collecte 2024-07,CSV,donnees,116679,2024-07-02
6ab276d7-8f1e-402d-8bb3-1709a00c9159,1076a4fb-b217-4703-921b-dd92671dc03d,Collecte 2024-07,XLSX,donnees,68640,2024-07-02
3c753fa0-e2e5-400c-b2c3-34264b4c3868,1076a4fb-b217-4703-921b-dd92671dc03d,Collecte 2024-06,CSV,donnees,116819,2024-08-02
4a1fbd57-fafd-47f4-8d18-e478ae5cc5c2,1076a4fb-b217-4703-921b-dd92671dc03d,Collecte 2024-06,XLSX,donnees,89713,2024-07-02
180e9578-9acd-49e3-8f58-6d9b3b582a56,1076a4fb-b217-4703-921b-dd92671dc03d,Collecte 2024-05,CSV,donnees,114104,2024-05-01
6c9eac6d-ba6c-4861-96e0-811367dcb6d8,1076a4fb-b217-4703-921b-dd92671dc03d,Collecte 2024-05,XLSX,donnees,88486,2024-05-01
b5c04342-0859-4e0d-a296-4433de1621e3,1076a4fb-b217-4703-921b-dd92671dc03d,Collecte 2024-04,CSV,donnees,113830,2024-04-02
ee8f2f5d-3b7a-4db1-a25a-0ff10f5fca56,1076a4fb-b217-4703-921b-dd92671dc03d,Collecte 2024-04,XLSX,donnees,88522,2024-04-02
c37f6e1d-8389-470d-a98f-b46e5c696d0c,1076a4fb-b217-4703-921b-dd92671dc03d,Collecte 2024-03,CSV,donnees,86997,2024-03-06
61e65ae8-f273-4c86-9240-188b17720d1f,1076a4fb-b217-4703-921b-dd92671dc03d,Collecte 2024-03,XLSX,donnees,86997,2024-03-06
620feeeb-893d-45ba-9f9d-1333a2e60b39,1076a4fb-b217-4703-921b-dd92671dc03d,Collecte 2024-02,CSV,donnees,110324,2024-02-01
55767529-5449-4235-a21d-c7cda21f8fc8,1076a4fb-b217-4703-921b-dd92671dc03d,Collecte 2024-02,XLSX,donnees,70714,2024-02-01
cad8f896-b4fc-4db0-a67c-99f91917ec39,1076a4fb-b217-4703-921b-dd92671dc03d,Collecte 2024-01,CSV,donnees,110862,2024-01-11
ee22f2a9-aacf-4ccf-a3b3-19aa4e422fd3,1076a4fb-b217-4703-921b-dd92671dc03d,Collecte 2024-01,XLSX,donnees,66547,2024-01-11
366c425d-d60d-4f4d-b4dd-c3ba7db32f06,1076a4fb-b217-4703-921b-dd92671dc03d,Collecte 2023-12,CSV,donnees,110883,2023-12-04
e82ccada-7642-4cbe-b3a2-f57dafd80745,1076a4fb-b217-4703-921b-dd92671dc03d,Collecte 2023-12,XLSX,donnees,66498,2023-12-04
85928aaa-45f5-42c6-8c6f-2b9fd7d864b8,1076a4fb-b217-4703-921b-dd92671dc03d,Collecte 2023-11,CSV,donnees,98578,2023-11-03
068ffc56-4e1c-449a-95c3-a42182a0306f,1076a4fb-b217-4703-921b-dd92671dc03d,Collecte 2023-11,XLSX,donnees,60489,2023-11-03
1e341723-92cb-45e9-bdb5-220db5173e8c,1076a4fb-b217-4703-921b-dd92671dc03d,Collecte 2023-10,CSV,donnees,NA,2023-10-04
f73097d8-277f-4e54-beeb-f1bfdd423c1f,1076a4fb-b217-4703-921b-dd92671dc03d,Collecte 2023-10,XLSX,donnees,NA,2023-10-04
55e1ec11-c5ea-497e-ade2-9a856e129451,1076a4fb-b217-4703-921b-dd92671dc03d,Collecte 2023-09,CSV,donnees,103523,2023-09-07
2a12eaa4-3105-473d-b0b6-87e8f41fa08b,1076a4fb-b217-4703-921b-dd92671dc03d,Collecte 2023-09,XLSX,donnees,59961,2023-09-07
9a106942-02e6-4f0c-9edf-566c401691e8,1076a4fb-b217-4703-921b-dd92671dc03d,Collecte 2023-08,CSV,donnees,95718,2023-09-07
f3c1a3b0-8364-439b-8337-ef949174c382,1076a4fb-b217-4703-921b-dd92671dc03d,Collecte 2023-08,XLSX,donnees,56634,2023-09-07
b094a23d-270f-486a-9759-f637003793a9,1076a4fb-b217-4703-921b-dd92671dc03d,Collecte 2023-07,CSV,donnees,97056,2023-09-07
1f1c751e-6576-4d68-966a-ef5e1d474466,1076a4fb-b217-4703-921b-dd92671dc03d,Collecte 2023-07,XLSX,donnees,58084,2023-09-07
6fa85d1b-916b-4078-a29e-118022f41578,1076a4fb-b217-4703-921b-dd92671dc03d,Collecte 2023-06,CSV,donnees,97056,2023-07-06
91c29f56-1b09-4f40-b4dc-f276bd63abc4,1076a4fb-b217-4703-921b-dd92671dc03d,Collecte 2023-06,XLSX,donnees,98165,2023-07-06
ac56915e-6968-4ef0-a6a7-ac56d08e4d01,1076a4fb-b217-4703-921b-dd92671dc03d,Collecte 2023-05,CSV,donnees,107535,2023-06-09
ca406a7b-8fe7-4fa0-9f3e-bc064299f1ec,1076a4fb-b217-4703-921b-dd92671dc03d,Collecte 2023-05,XLSX,donnees,68011,2023-06-09
5dffe28b-c70b-4ae7-9bfd-e701289cee1c,1076a4fb-b217-4703-921b-dd92671dc03d,Collecte 2023-04,CSV,donnees,106994,2023-05-04
c083374d-a77c-4f59-b282-0545d2a96fa2,1076a4fb-b217-4703-921b-dd92671dc03d,Collecte 2023-04,XLSX,donnees,62142,2023-05-04
a72d9745-ff1d-46b5-99f4-7d1a1e9efe70,1076a4fb-b217-4703-921b-dd92671dc03d,Collecte 2023-03,CSV,donnees,105196,2023-05-04
930c5787-0362-413a-bca7-590fe16d05f6,1076a4fb-b217-4703-921b-dd92671dc03d,Collecte 2023-03,XLSX,donnees,60407,2023-05-04
96d6f189-00a6-478e-9403-36eb2cb5fc43,1076a4fb-b217-4703-921b-dd92671dc03d,Collecte 2023-02,CSV,donnees,113061,2023-03-10
299bf551-c43c-4815-95a1-07052d8297b0,1076a4fb-b217-4703-921b-dd92671dc03d,Collecte 2023-02,XLSX,donnees,65370,2023-03-10
a8932935-c0c3-4592-bccf-2e3a337f0b1c,1076a4fb-b217-4703-921b-dd92671dc03d,Collecte 2023-01,CSV,donnees,116030,2023-02-06
0ceaf458-432a-4f62-a000-d7222fa1bb09,1076a4fb-b217-4703-921b-dd92671dc03d,Collecte 2023-01,XLSX,donnees,66448,2023-02-06
ff706ca4-5650-4007-b21f-06e61a0b8d5b,1076a4fb-b217-4703-921b-dd92671dc03d,PROJETS RI 2022,CSV,donnees,367553,2023-09-12
20c00c9e-5e0f-47fd-a8d0-559a7494bb99,1076a4fb-b217-4703-921b-dd92671dc03d,PROJETS RI 2022,XLSX,donnees,710272,2023-09-12
b78f0eaf-59d4-48ac-ae99-3ab026126497,1076a4fb-b217-4703-921b-dd92671dc03d,PROJETS RI 2021,CSV,donnees,227841,2023-09-13
d9341f0a-42dc-49c5-9b1e-4984fe583742,1076a4fb-b217-4703-921b-dd92671dc03d,PROJETS RI 2021,XLSX,donnees,467108,2023-09-13
58caeb4c-cfdf-4c20-bd08-29862fc0630f,1076a4fb-b217-4703-921b-dd92671dc03d,Modifications aux données ouvertes 2021-01,PDF,support,106002,2021-01-28
2c0d9628-b1ae-4c55-b327-b0d4fbad6f1e,1076a4fb-b217-4703-921b-dd92671dc03d,Structure du fichier 2021-01,PDF,support,198005,2021-01-28
eaf44c4a-ef20-4052-a6a6-70f360a98412,1076a4fb-b217-4703-921b-dd92671dc03d,PROJETS RI 2020,CSV,donnees,11357,2023-09-13
a2ab035f-7b45-4260-a8f2-e984a75dc60d,1076a4fb-b217-4703-921b-dd92671dc03d,PROJETS RI antérieur à 2020,CSV,donnees,1051690,2023-09-13
52149e7b-74f5-4648-b55d-31e732f4ad4e,1076a4fb-b217-4703-921b-dd92671dc03d,Structure du fichier (2012 à 2019),PDF,support,NA,2015-12-17
503d36b1-f0f3-441a-86d0-ca7b53945ecf,1076a4fb-b217-4703-921b-dd92671dc03d,PROJETS RI 2020,XLSX,donnees,30320,2023-09-13
4acc10a7-fbec-47db-937b-ce750d5e6b0f,4d1d7428-eaf8-409d-a31a-af426183ae22,Données 2020-2025,CSV,donnees,11234,2026-01-13
73b4c2ff-8a1d-4326-b975-8ed8d2fcd584,4d1d7428-eaf8-409d-a31a-af426183ae22,Sondage auprès des utilisateurs de données Québec - Document explicatif ,PDF,support,155025,2023-11-14
ee0668a6-35cb-4f7d-a71a-0e5313e332a5,0633ff50-ac61-494b-9290-c9bf7cd15550,Portraits de la main-d'œuvre en ressources informationnelles 2025,CSV,donnees,509235,2026-05-13
2aad3f19-7e3d-4788-bc18-d7ccf396b6fa,0633ff50-ac61-494b-9290-c9bf7cd15550,Portraits de la main-d'œuvre en ressources informationnelles 2025,XLSX,donnees,842879,2026-05-14
d4cf0386-6cfd-45dd-8052-5dc6e57321dd,0633ff50-ac61-494b-9290-c9bf7cd15550,Portraits de la main-d'œuvre en ressources informationnelles 2024,CSV,donnees,564731,2025-05-15
71ff168e-bf6c-418d-8a6d-13fd10d10dc3,0633ff50-ac61-494b-9290-c9bf7cd15550,Portraits de la main-d'œuvre en ressources informationnelles 2024,XLSX,donnees,857819,2026-05-13
2b232317-9549-4826-a2fd-8be8327777f4,0633ff50-ac61-494b-9290-c9bf7cd15550,Portraits de la main-d'œuvre en ressources informationnelles 2023,CSV,donnees,3302381,2024-05-03
656b043b-3319-4a0f-a2fc-bc266a240819,0633ff50-ac61-494b-9290-c9bf7cd15550,Portraits de la main-d'œuvre en ressources informationnelles 2023,XLSX,donnees,3326118,2024-05-03
58d29796-401e-4826-8413-0a27b2988db3,0633ff50-ac61-494b-9290-c9bf7cd15550,Portraits de la main-d’œuvre en ressources informationnelles 2022,CSV,donnees,490960,2023-04-12
71fe9730-7afa-45da-a437-2f269f12e332,0633ff50-ac61-494b-9290-c9bf7cd15550,Portraits de la main-d’œuvre en ressources informationnelles 2022,XLSX,donnees,813442,2023-04-12
37377a44-0a6a-4dc7-a1e2-af2e7c397bd6,0633ff50-ac61-494b-9290-c9bf7cd15550,Portraits de la main-d’œuvre en ressources informationnelles 2021,CSV,donnees,489234,2022-04-04
221bb4c1-509b-40d5-9252-49e2d93437f1,0633ff50-ac61-494b-9290-c9bf7cd15550,Portraits de la main-d’œuvre en ressources informationnelles 2021,XLSX,donnees,886110,2022-04-04
b025da1a-df36-473c-8731-be893b88a7f7,0633ff50-ac61-494b-9290-c9bf7cd15550,Portraits de la main-d’œuvre en ressources informationnelles 2020,CSV,donnees,598284,2021-11-10
dce1c570-f6d7-46ff-b464-d32b678d2314,0633ff50-ac61-494b-9290-c9bf7cd15550,Portraits de la main-d’œuvre en ressources informationnelles 2019,CSV,donnees,740781,2022-07-04
53a5753d-660d-4428-ab20-c24af222eba5,0633ff50-ac61-494b-9290-c9bf7cd15550,Portraits de la main-d’œuvre en ressources informationnelles 2018,CSV,donnees,NA,2020-02-28
cf1af412-5936-450e-9ac8-214d84697fcd,0633ff50-ac61-494b-9290-c9bf7cd15550,Portraits de la main-d’œuvre en ressources informationnelles 2017,CSV,donnees,NA,2018-05-29
57e32ff8-6a00-4e5f-90e2-7fba4192a872,0633ff50-ac61-494b-9290-c9bf7cd15550,Portraits de la main-d’œuvre en ressources informationnelles 2016,CSV,donnees,NA,2022-03-29
3d3d889e-1b20-4400-ba54-ce2a1339a0c7,0633ff50-ac61-494b-9290-c9bf7cd15550,"Portraits de la main-d’œuvre en ressources informationnelles, personnel de soutien 2015",CSV,donnees,NA,2016-09-06
b1768d41-42a0-4357-b8d4-786f464bf012,0633ff50-ac61-494b-9290-c9bf7cd15550,"Portraits de la main-d’œuvre en ressources informationnelles, personnel d’encadrement 2015",CSV,donnees,NA,2016-09-06
38a5ff5c-d482-4eda-bc63-b7e12056a298,0633ff50-ac61-494b-9290-c9bf7cd15550,Description des champs,PDF,support,122637,2023-04-12
4b57e89f-bbf3-40e0-b557-ae536e56d87c,1c9131d2-ab2a-4513-9a46-945b2bc96e1b,Portrait_public_utilisations_IA_gouvernement_Quebec_2025.csv,CSV,donnees,100464,2026-01-27
af811956-796b-4e2b-962b-f3373a4b4150,1c9131d2-ab2a-4513-9a46-945b2bc96e1b,Portrait_public_utilisations_IA_gouvernement_Quebec_2025_version_Excel.xlsx,XLSX,donnees,49705,2026-01-27
ac2f9c5f-6a63-4950-a8cc-36a030e157b8,1c9131d2-ab2a-4513-9a46-945b2bc96e1b,Portrait_public_utilisations_IA_gouvernement_Quebec_2024,CSV,donnees,57892,2025-01-23
4e117292-b361-4e2e-b64a-8c90274894eb,1c9131d2-ab2a-4513-9a46-945b2bc96e1b,Portrait_public_utilisations_IA_gouvernement_Quebec_2024_version_Excel,XLSX,donnees,35558,2025-11-25
dc59f90d-f180-4647-bfad-284a21893a9d,20ed36e5-85fb-4409-b272-b1fa1d8c92b3,Portrait de diffusion,CSV,donnees,33213,2022-11-24
7024906d-86b6-41d0-a881-cc4cf95b4f7f,20ed36e5-85fb-4409-b272-b1fa1d8c92b3,Description des données,PDF,support,147526,2022-11-24
eac1b5f1-d8c0-4690-9c51-316d44ed9d94,6f710997-b5f9-4347-893b-1a47ddb61437,Registre des entreprises,ZIP,donnees,NA,2026-07-02
09008d3a-2e0e-4613-ab43-bd833f381929,6f710997-b5f9-4347-893b-1a47ddb61437,Guide d'utilisation,PDF,support,410182,2026-04-16
6627ec9f-0205-4d13-9841-cfc9b514fc21,cbdf887c-2acf-429b-8fb2-ed4f49485d03,Milieux humides RCI - HTML,HTML,cartes,NA,2026-04-20
123f6bbf-116e-43c3-b37a-a1902446c34f,cbdf887c-2acf-429b-8fb2-ed4f49485d03,Milieux humides RCI - REST,EsriREST,web,NA,2026-06-02
caafe815-bd70-4d43-b991-563d8e7a572a,cbdf887c-2acf-429b-8fb2-ed4f49485d03,Milieux humides RCI - GeoJSON,GeoJSON,donnees,NA,2026-04-20
1f88542b-2275-4856-8519-e49ad43f59dc,cbdf887c-2acf-429b-8fb2-ed4f49485d03,Milieux humides RCI - CSV,CSV,donnees,NA,2026-06-02
291564c5-8de5-4f46-a17b-2da93e2a28ee,cbdf887c-2acf-429b-8fb2-ed4f49485d03,Milieux humides RCI - KML,KML,donnees,NA,2026-04-20
f98528f3-75ff-4a28-9836-09f5eb4a5fa7,cbdf887c-2acf-429b-8fb2-ed4f49485d03,Milieux humides RCI - ZIP,ZIP,donnees,NA,2026-04-20
c5b5924b-422a-43fc-9fac-17e9dc2b4f75,7a0a5009-e884-4645-a16b-3c9b427a51e0,Zones potentiellement exposées aux glissements de terrain - HTML,HTML,cartes,0,2023-01-31
a7852caa-db9a-4040-b902-649c6a803213,7a0a5009-e884-4645-a16b-3c9b427a51e0,Zones potentiellement exposées aux glissements de terrain - REST,EsriREST,web,0,2026-06-01
1511cae5-ddda-4693-ba36-a2801ec6ed66,7a0a5009-e884-4645-a16b-3c9b427a51e0,Zones potentiellement exposées aux glissements de terrain - GeoJSON,GeoJSON,donnees,0,2024-11-07
8ec9389a-e8ab-4c6d-8bbf-acbaf8d060d4,7a0a5009-e884-4645-a16b-3c9b427a51e0,Zones potentiellement exposées aux glissements de terrain - CSV,CSV,donnees,0,2024-11-07
14b05b55-8b1c-409c-9aba-c260259821c5,7a0a5009-e884-4645-a16b-3c9b427a51e0,Zones potentiellement exposées aux glissements de terrain - KML,KML,donnees,0,2024-11-07
1856723a-79af-45b9-9370-bf8f7b184a1b,7a0a5009-e884-4645-a16b-3c9b427a51e0,Zones potentiellement exposées aux glissements de terrain - ZIP,ZIP,donnees,0,2026-06-01
f6de0bd1-3b16-49dc-b512-e4f75e254bca,12c51ab4-e22a-4abd-bf90-eaeb274a98c9,Zones inondables - HTML,HTML,cartes,0,2023-01-31
8fcffb99-10b8-4458-890f-ecf8885d4027,12c51ab4-e22a-4abd-bf90-eaeb274a98c9,Zones inondables - REST,EsriREST,web,0,2026-06-01
3f54ec04-ef64-42bc-87c4-1d8803da0a13,12c51ab4-e22a-4abd-bf90-eaeb274a98c9,Zones inondables - GeoJSON,GeoJSON,donnees,0,2024-11-07
d4f79aac-4e00-4904-be38-97da10adaca8,12c51ab4-e22a-4abd-bf90-eaeb274a98c9,Zones inondables - CSV,CSV,donnees,0,2024-11-07
c7ef272a-c370-4c39-83b4-145c39c1a362,12c51ab4-e22a-4abd-bf90-eaeb274a98c9,Zones inondables - KML,KML,donnees,0,2024-11-07
67375cac-c64e-496c-a641-bb63de5d58ca,12c51ab4-e22a-4abd-bf90-eaeb274a98c9,Zones inondables - ZIP,ZIP,donnees,0,2026-06-01
1262edb1-bb70-4b0f-af7d-f2d8b2c0c294,42f741d6-1f7c-47f9-afa8-e84ead34dc5f,Zones de développement urbain - HTML,HTML,cartes,NA,2023-01-31
94360acd-48f0-468c-88d6-50bd8db65d69,42f741d6-1f7c-47f9-afa8-e84ead34dc5f,Zones de développement urbain - REST,EsriREST,web,NA,2026-06-01
e9ec7ee3-8baa-4178-afaa-9153f6ff77c7,42f741d6-1f7c-47f9-afa8-e84ead34dc5f,Zones de développement urbain - GeoJSON,GeoJSON,donnees,NA,2026-05-04
45c2e7f6-7411-4ba8-9ea8-d6fcd5c5bf22,42f741d6-1f7c-47f9-afa8-e84ead34dc5f,Zones de développement urbain - CSV,CSV,donnees,NA,2024-11-07
623e7ac6-abda-46b2-b6e2-5498b58cb672,42f741d6-1f7c-47f9-afa8-e84ead34dc5f,Zones de développement urbain - KML,KML,donnees,NA,2026-06-01
98b15c14-01e7-429a-854f-260786b5cae4,42f741d6-1f7c-47f9-afa8-e84ead34dc5f,Zones de développement urbain - ZIP,ZIP,donnees,NA,2024-11-26
d96755fc-1447-48e5-903b-9537279d191c,7d00872e-1f60-41cb-8e92-143d7daeb0b4,Zonage - HTML,HTML,cartes,NA,2023-01-31
60fcfb11-c9fb-4ad8-9b05-f0b529c538d7,7d00872e-1f60-41cb-8e92-143d7daeb0b4,Zonage - REST,EsriREST,web,NA,2026-06-01
55bd484f-2320-4277-93d1-74681397b332,7d00872e-1f60-41cb-8e92-143d7daeb0b4,Zonage - GeoJSON,GeoJSON,donnees,NA,2024-11-07
c5f9fb5d-2a9b-48d9-8e3a-acfd68e73542,7d00872e-1f60-41cb-8e92-143d7daeb0b4,Zonage - CSV,CSV,donnees,NA,2024-11-07
d9ccbf1e-c1c1-4032-a43b-c671f0c80762,7d00872e-1f60-41cb-8e92-143d7daeb0b4,Zonage - KML,KML,donnees,NA,2024-11-07
53f24e86-d166-4a52-ac6c-80c121031a25,7d00872e-1f60-41cb-8e92-143d7daeb0b4,Zonage - ZIP,ZIP,donnees,NA,2026-06-01
893cbe58-050d-45db-89a9-2273ef39c3b9,0967bd7a-5115-445e-a2cb-ded5165b5694,Travaux - HTML,HTML,cartes,0,2023-01-31
ace135fb-12e6-46e3-8850-0854d94fc7ac,0967bd7a-5115-445e-a2cb-ded5165b5694,Travaux - REST,EsriREST,web,0,2026-06-01
bf5d93d2-4fd4-4861-b457-d17c7525e428,0967bd7a-5115-445e-a2cb-ded5165b5694,Travaux - GeoJSON,GeoJSON,donnees,0,2024-10-31
357d3786-8d9e-4ed0-9690-6d40f8d0d132,0967bd7a-5115-445e-a2cb-ded5165b5694,Travaux - CSV,CSV,donnees,0,2024-10-31
86d7e808-60e3-40bf-bc75-d4bc733c2c66,0967bd7a-5115-445e-a2cb-ded5165b5694,Travaux - KML,KML,donnees,0,2024-10-31
f11bd2c7-c9b4-49d3-85bd-c6b472c7a410,0967bd7a-5115-445e-a2cb-ded5165b5694,Travaux - ZIP,ZIP,donnees,0,2026-06-01
44fb8588-014a-44d7-adf7-cf4519c8060e,3ae8f1be-b916-4d37-82d6-1c78769dc74d,Stationnements publics - HTML,HTML,cartes,0,2023-01-31
bd82060f-3de8-431e-a74f-24c0c45be73b,3ae8f1be-b916-4d37-82d6-1c78769dc74d,Stationnements publics - REST,EsriREST,web,0,2026-06-01
9bfaf1bf-a26b-44cd-b7c6-19bc9687fd47,3ae8f1be-b916-4d37-82d6-1c78769dc74d,Stationnements publics - GeoJSON,GeoJSON,donnees,0,2024-10-31
bf77e6f4-d348-41f1-9a8e-e41564304da8,3ae8f1be-b916-4d37-82d6-1c78769dc74d,Stationnements publics - CSV,CSV,donnees,0,2024-10-31
5ce0ff9a-d2fa-4265-a607-bf07064231d5,3ae8f1be-b916-4d37-82d6-1c78769dc74d,Stationnements publics - KML,KML,donnees,0,2024-10-31
2d222d6c-9b08-49de-9b23-943f9db1eb18,3ae8f1be-b916-4d37-82d6-1c78769dc74d,Stationnements publics - ZIP,ZIP,donnees,0,2026-06-01
b19ce6ff-e7b5-491c-8def-fcb1f235325b,7d24bea3-f366-4e8b-a56b-24db7dc3cdbc,Sentiers pédestres - HTML,HTML,cartes,0,2023-01-31
2d2a1ea5-661e-4cdb-824f-7128fee66fa8,7d24bea3-f366-4e8b-a56b-24db7dc3cdbc,Sentiers pédestres - REST,EsriREST,web,0,2026-06-01
c756da01-1e41-4051-9e9b-898b911b974c,7d24bea3-f366-4e8b-a56b-24db7dc3cdbc,Sentiers pédestres - GeoJSON,GeoJSON,donnees,0,2024-10-31
94f41cce-920f-4f3e-8811-8549fc797e31,7d24bea3-f366-4e8b-a56b-24db7dc3cdbc,Sentiers pédestres - CSV,CSV,donnees,0,2024-10-31
b054f59c-5ccb-4a8d-8909-4499a6b8d4e0,7d24bea3-f366-4e8b-a56b-24db7dc3cdbc,Sentiers pédestres - KML,KML,donnees,0,2024-10-31
689438e1-9419-475e-8dd9-5b04857787bb,7d24bea3-f366-4e8b-a56b-24db7dc3cdbc,Sentiers pédestres - ZIP,ZIP,donnees,0,2026-06-01
ee760964-82b4-426a-93fc-35fdbc5ab002,d41f625c-1bd3-4202-a8c1-50b573b3ade4,permis-obstruction.csv,CSV,NA,24729371,2026-07-09
3272909c-7469-4d87-acd2-4831a33d50f4,d41f625c-1bd3-4202-a8c1-50b573b3ade4,permis-obstruction.geojson,GEOJSON,NA,40120702,2026-07-09
a150a377-ee8a-43a7-9068-07a9a980b90b,d41f625c-1bd3-4202-a8c1-50b573b3ade4,permis-obstruction.kml,KML,NA,55112217,2026-07-09
eec9bdd8-0bde-4f73-b588-6abae8e4556a,d41f625c-1bd3-4202-a8c1-50b573b3ade4,permis-obstruction.zip,SHP,NA,7337808,2026-07-09
e51037f5-daf1-4e65-9dee-777420f32805,570ae2a1-3665-4196-9ee0-bb5417d5a08f,offre-emploi.csv,CSV,NA,3504204,2026-07-06
e1f800f3-0357-4665-80cf-a0bf00dab740,570ae2a1-3665-4196-9ee0-bb5417d5a08f,offre-emploi.json,JSON,NA,4020530,2026-07-06
82280f10-a8d4-4714-91d2-11f32a2be220,570ae2a1-3665-4196-9ee0-bb5417d5a08f,offre-emploi.xml,XML,NA,4319257,2026-07-06
b264d5cd-f4a6-418e-a21e-030624d442ea,4abee7cc-b3d9-436e-ab13-e3ea31b45b08,cdu-type-milieux.csv,CSV,NA,7324309,2026-06-18
34ce13f3-35bd-4b54-b980-c516ba107864,4abee7cc-b3d9-436e-ab13-e3ea31b45b08,cdu-type-milieux.geojson,GEOJSON,NA,10250141,2026-06-18
e95afe03-a601-4375-afd6-31262efe482f,4abee7cc-b3d9-436e-ab13-e3ea31b45b08,cdu-type-milieux.kml,KML,NA,10446467,2026-06-18
053b2e21-e61d-424a-8461-9d188ca7f321,4abee7cc-b3d9-436e-ab13-e3ea31b45b08,cdu-type-milieux.zip,SHP,NA,2202652,2026-06-18
4e671806-4947-4577-afc2-574d1b45da63,89be7457-81b2-4200-9d50-f9ee9fe94fc0,limite-district-electoral.csv,CSV,NA,276844,2026-05-20
1ca8ac31-396b-4a45-9e33-7090448a0130,89be7457-81b2-4200-9d50-f9ee9fe94fc0,limite-district-electoral.geojson,GEOJSON,NA,367510,2026-05-20
67fccdc5-303e-4c05-8f3a-2aa5d8fb90fe,89be7457-81b2-4200-9d50-f9ee9fe94fc0,limite-district-electoral.kml,KML,NA,327656,2026-05-20
8a1f09a9-12af-443e-a95b-c5a391cf2f48,89be7457-81b2-4200-9d50-f9ee9fe94fc0,limite-district-electoral.zip,SHP,NA,78347,2026-05-20
d4e82c23-7b19-4c6f-90bf-d63a91b1f555,7ff4b7d8-bdab-4292-a161-4edb426ff53c,limite-section-de-vote.csv,CSV,NA,2426103,2026-05-13
a646ec7d-d040-48ac-9871-a4c63fac3ea4,7ff4b7d8-bdab-4292-a161-4edb426ff53c,limite-section-de-vote.geojson,GEOJSON,NA,3292500,2026-05-13
8d2c308a-3bbe-4ae5-9a42-b082243e5510,7ff4b7d8-bdab-4292-a161-4edb426ff53c,limite-section-de-vote.kml,KML,NA,3149529,2026-05-13
def5eb8a-4622-4f20-98b3-bb9329ff46fe,7ff4b7d8-bdab-4292-a161-4edb426ff53c,limite-section-de-vote.zip,SHP,NA,601855,2026-05-13
e2e62608-d4d4-431b-ba1c-8cf00796dc98,8f75f060-8884-4918-8ebf-dab254326748,pistes-cyclables-et-pietonnieres.csv,CSV,NA,1655070,2026-04-10
0441b0e7-6a2a-430c-97e3-28df2926d79a,8f75f060-8884-4918-8ebf-dab254326748,pistes-cyclables-et-pietonnieres.geojson,GEOJSON,NA,2940162,2026-04-10
a990ee78-9bd5-4d55-9746-c6a02c9cc4f3,8f75f060-8884-4918-8ebf-dab254326748,pistes-cyclables-et-pietonnieres.kml,KML,NA,4105451,2026-04-10
4aa92f3c-1f7c-4f3e-a5f7-abe8df4fe7b6,8f75f060-8884-4918-8ebf-dab254326748,pistes-cyclables-et-pietonnieres.zip,SHP,NA,529729,2026-04-10
a6a8cfef-73c8-42cb-a6bc-9d3e4e30ab25,643ce0cd-b239-45f8-a5dc-5f3d8c58ef9b,cdu-piia-vitrine-autoroutiere.csv,CSV,NA,66100,2026-04-10
5b7e20a3-20a1-42d9-8395-1238e53f0264,643ce0cd-b239-45f8-a5dc-5f3d8c58ef9b,cdu-piia-vitrine-autoroutiere.geojson,GEOJSON,NA,88289,2026-04-10
00fa03d5-c649-4c5d-b20f-55baa9a13134,643ce0cd-b239-45f8-a5dc-5f3d8c58ef9b,cdu-piia-vitrine-autoroutiere.kml,KML,NA,79777,2026-04-10
510c4ffc-3e21-4402-a5d5-40f922370d3d,643ce0cd-b239-45f8-a5dc-5f3d8c58ef9b,cdu-piia-vitrine-autoroutiere.zip,SHP,NA,21841,2026-04-10
1c9b27f7-f21e-4aa4-b5b8-6e3fe14d27b6,dc2de4b0-1985-4982-beca-c432941464db,cdu-zone-amenagement-ecologique-particuliere.csv,CSV,NA,673973,2026-04-10
482b8bdb-36e2-4c7c-bb91-1164840d3418,dc2de4b0-1985-4982-beca-c432941464db,cdu-zone-amenagement-ecologique-particuliere.geojson,GEOJSON,NA,889479,2026-04-10
b781af75-a6e3-4d96-9879-a9af00dc105d,dc2de4b0-1985-4982-beca-c432941464db,cdu-zone-amenagement-ecologique-particuliere.kml,KML,NA,780479,2026-04-10
0e8e989a-8b1f-4d15-a391-733d20226185,dc2de4b0-1985-4982-beca-c432941464db,cdu-zone-amenagement-ecologique-particuliere.zip,SHP,NA,194129,2026-04-10
aa04dedf-3b59-4c0e-ab37-6a4e927e89e8,33befa4d-c037-4d8f-8ac5-5a4c329f9e19,Données GTFS STQ,GTFS,donnees,NA,2025-12-05
17013434-446b-4a84-bfe9-ba4551d2d6f0,08743563-7672-4710-ab8a-9658096b488d,Carte de téléchargement,HTML,cartes,NA,2026-05-19
e1aa5a44-2a84-4d29-a6ee-f7309aeb9bf5,08743563-7672-4710-ab8a-9658096b488d,Index de téléchargement et métadonnées - 10 cm,FGDB,donnees,NA,2026-05-19
f58a6842-1792-4213-89b9-d99d232e4e27,08743563-7672-4710-ab8a-9658096b488d,Index de téléchargement et métadonnées - 20 cm,FGDB,donnees,NA,2026-05-19
5342de9a-350b-48d0-a8c7-8cfd3f600c08,08743563-7672-4710-ab8a-9658096b488d,Index de téléchargement et métadonnées - 10 cm,GPKG,donnees,NA,2026-05-19
2db96b40-83a1-41b8-b02e-8cf42b71730a,08743563-7672-4710-ab8a-9658096b488d,Index de téléchargement et métadonnées - 20 cm,GPKG,donnees,NA,2026-05-15
1860f642-60f5-4605-b64f-404dcb98a40b,08743563-7672-4710-ab8a-9658096b488d,Mosaïque d’orthophotographies aériennes 10 cm,WMS,web,NA,2026-05-14
93ec913f-85ce-4b60-afe4-0338d222197c,08743563-7672-4710-ab8a-9658096b488d,Mosaïque d’orthophotographies aériennes 20 cm,WMS,web,NA,2026-05-14
528ef67b-a295-413a-bed7-c238c59ea566,08743563-7672-4710-ab8a-9658096b488d,Index de téléchargement,WMS,web,NA,2026-05-19
50ed47a8-51dd-4756-81b6-c8b67a0420f1,0d7c1c75-4a46-4a65-bf60-5f7847121055,Toponymes officiels,CSV,donnees,26580475,2026-07-09
29731a71-36f0-4131-85d0-a59693faf8bd,0d7c1c75-4a46-4a65-bf60-5f7847121055,Description des champs du fichier Toponymes officiels,DOCX,support,27342,2024-10-03
3707d412-dd2b-471b-92f3-0b30625fd0ca,160866f2-b0ef-4a8b-aafd-249090b6672a,Toponymes désofficialisés,CSV,donnees,2712025,2026-06-12
a31f055c-ba5f-42ba-ba55-54c9c3563d3f,160866f2-b0ef-4a8b-aafd-249090b6672a,Description des champs du fichier des toponymes désofficialisés,DOCX,support,NA,2016-08-24
c761903f-5370-4da6-b0c5-4348730dbeca,d1829191-4639-498a-b9f8-9aed20b81f48,Odonymes désofficialisés,CSV,donnees,1905500,2026-06-12
45447fac-16bb-4862-a937-2d568fc11cb6,d1829191-4639-498a-b9f8-9aed20b81f48,Description des champs du fichier des odonymes désofficialisés,DOCX,support,28219,2024-10-03
b624278b-d22d-443e-bc0d-dd976ac995c7,332c8139-4d32-4825-9131-6dea1c7e6b68,Odonymes officiels,CSV,donnees,14064294,2026-06-12
d2949607-60d3-4a55-9dda-6cdb632e78bb,332c8139-4d32-4825-9131-6dea1c7e6b68,Description des champs du fichier des odonymes officiels,DOCX,support,NA,2016-03-24
54725221-65f8-4e9f-a14c-f4a6bf8ad33e,d023eed0-4e87-48da-9e9f-375dca06b8b5,Noms traditionnels autochtones,CSV,donnees,305592,2026-03-04
a0de619c-714a-4243-8737-9a75e6c84491,d023eed0-4e87-48da-9e9f-375dca06b8b5,Noms traditionnels autochtones,XLSX,donnees,247497,2026-03-04
12c07236-b69c-4b79-9a29-cc70e9cd3a3e,d023eed0-4e87-48da-9e9f-375dca06b8b5,Description du fichier des noms traditionnels autochtones,DOCX,support,NA,2022-01-25
bdd22e76-ca65-45a8-b584-bdf0ab593184,90d6e5b8-1227-40fa-8390-95a34265c8a4,1987-2026_AGAC_DonneesQuebec_membresAGAC_TOUS.csv,CSV,donnees,8029,2026-05-13
0a660c3e-6de2-4d74-9e96-ead96796bd52,90d6e5b8-1227-40fa-8390-95a34265c8a4,2026_AGAC_DonneesQuebec_membresAGAC.csv,CSV,donnees,6704,2026-05-13
7a5e46a9-df83-46af-b1b2-326ba512dc4a,90d6e5b8-1227-40fa-8390-95a34265c8a4,2025_AGAC_DonneesQuebec_membresAGAC.csv,CSV,donnees,6600,2025-05-30
5d1af195-dcd7-4a76-bdef-61f4d9199715,90d6e5b8-1227-40fa-8390-95a34265c8a4,2024_AGAC_DonneesQuebec_membresAGAC.csv,CSV,donnees,6889,2026-05-13
efd3159d-a55f-45e6-b7a3-04a169da1f90,90d6e5b8-1227-40fa-8390-95a34265c8a4,AGAC_DonneesQuebec_dictionnaireMembresTOUS.csv,CSV,support,2172,2026-05-13
c2bc6fe1-db77-4141-925c-d9ac522fc903,90d6e5b8-1227-40fa-8390-95a34265c8a4,AGAC_DonneesQuebec_dictionnaireMembres.csv,CSV,support,898,2025-04-22
38bab3d4-30dd-4613-a87f-b8497d375488,66122479-ad0e-4a4d-9cee-475117a29040,2025_AGAC_DonneesQuebec_PrixPierreAyot.csv,CSV,donnees,1289,2026-05-13
5534fc5d-44cc-4d44-9af5-bd36dfdfa6c3,66122479-ad0e-4a4d-9cee-475117a29040,2024_AGAC_DonneesQuebec_PrixPierreAyot.csv,CSV,donnees,1243,2026-05-13
f68208cb-b075-4aa9-9025-e0d66eff3001,66122479-ad0e-4a4d-9cee-475117a29040,2023_AGAC_DonneesQuebec_PrixPierre-Ayot.csv,CSV,donnees,1180,2025-05-30
39f65a08-c74b-48ef-becb-e53bcf004b73,66122479-ad0e-4a4d-9cee-475117a29040,AGAC_DonneesQuebec_dictionnairePrixPierreAyot.csv,CSV,support,190,2025-04-22
da354b49-6f17-404d-ac2a-b0f4ed3171ac,aaa3bcd0-c046-4536-bf35-5f72677eb885,2025_AGAC_DonneesQuebec_PrixLouisComtois.csv,CSV,donnees,1439,2026-05-13
e2498dbc-a9e0-42c1-9b0e-cd016fd215f7,aaa3bcd0-c046-4536-bf35-5f72677eb885,2024_AGAC_DonneesQuebec_PrixLouisComtois.csv,CSV,donnees,1387,2026-05-13
2b537bbb-3735-4207-ae2d-4984d73fa415,aaa3bcd0-c046-4536-bf35-5f72677eb885,2023_AGAC_DonnesQuebec_PrixLouis-Comtois.csv,CSV,donnees,1340,2025-05-30
c5cfae08-c98d-46a9-8bb9-bc0ded1d7a72,aaa3bcd0-c046-4536-bf35-5f72677eb885,AGAC_DonneesQuebec_dictionnairePrixLouisComtois.csv,CSV,support,236,2025-04-22
dc82a342-b7d6-416d-9522-cd987ec8ee36,11a425c9-320a-4963-902c-df10b0c276d9,2026_AGAC_DonneesQuebec_CA.csv,CSV,donnees,1418,2026-05-13
1eed7455-1331-4af0-a16a-b4a6f2354656,11a425c9-320a-4963-902c-df10b0c276d9,2025_AGAC_DonneesQuebec_CA.csv,CSV,donnees,1445,2026-05-13
dc5fe721-d797-4add-a816-51e159f7def5,11a425c9-320a-4963-902c-df10b0c276d9,2024_AGAC_DonneesQuebec_CA.csv,CSV,donnees,1374,2026-05-13
4232c29a-797b-4cca-ae98-8c89b81e3119,11a425c9-320a-4963-902c-df10b0c276d9,AGAC_DonneesQuebec_dictionnaireCA.csv,CSV,support,686,2025-04-22
1fd5ca66-cefd-468a-b877-a906c4d4460f,704af7ba-2dbb-49b9-8ace-bb68a3768fb1,2026_AGAC_DonneesQuebec_P26galeries.csv,CSV,donnees,17804,2026-05-13
bfbfb0fe-6d7a-423e-ac51-cb6ee88dbd69,704af7ba-2dbb-49b9-8ace-bb68a3768fb1,2026_AGAC_DonneesQuebec_P26espacesProjets.csv,CSV,donnees,4313,2026-05-13
c40a9163-6a29-4e55-898b-e3e4ecb4bbc7,704af7ba-2dbb-49b9-8ace-bb68a3768fb1,2026_AGAC_DonneesQuebec_P26forum.csv,CSV,donnees,2640,2026-05-13
91e344e2-314c-4a1e-aa57-39261aae1187,704af7ba-2dbb-49b9-8ace-bb68a3768fb1,2025_AGAC_DonneesQuebec_P25galeries.csv,CSV,donnees,10118,2026-05-13
7ebad913-0947-4c73-a75c-c05ab079b66e,704af7ba-2dbb-49b9-8ace-bb68a3768fb1,2025_AGAC_DonneesQuebec_P25espacesProjets.csv,CSV,donnees,1607,2025-05-30
ca0b1a24-dff5-4d06-96ac-8817aebfb7fe,704af7ba-2dbb-49b9-8ace-bb68a3768fb1,2025_AGAC_DonneesQuebec_P25forum.csv,CSV,donnees,3309,2025-05-30
269b24c2-525f-4897-bdab-5d6db4fd9bb2,704af7ba-2dbb-49b9-8ace-bb68a3768fb1,2024_AGAC_DonneesQuebec_P24galeries.csv,CSV,donnees,16993,2024-11-08
e08de330-6632-4fca-bbbd-bd02c9a6033f,704af7ba-2dbb-49b9-8ace-bb68a3768fb1,2024_AGAC_DonneesQuebec_P24espacesProjets.csv,CSV,donnees,1550,2024-11-08
f4b988fb-220b-4499-95cd-a380c450062a,704af7ba-2dbb-49b9-8ace-bb68a3768fb1,2024_AGAC_DonneesQuebec_P24forum.csv,CSV,donnees,3185,2024-11-08
7888a49a-6565-48ea-8ad2-7822c7f0ba9c,704af7ba-2dbb-49b9-8ace-bb68a3768fb1,2025_AGAC_DonneesQuebec_P25depliant.pdf,PDF,support,1110081,2025-05-30
241c5179-6347-425c-ba4f-6be1178c6d01,704af7ba-2dbb-49b9-8ace-bb68a3768fb1,2024_AGAC_DonneesQuebec_P24depliant.pdf,PDF,support,1026678,2025-04-22
6604c2a2-5887-462e-beff-7436a115c6d7,704af7ba-2dbb-49b9-8ace-bb68a3768fb1,AGAC_Plural_dictionnaireGaleries.csv,CSV,support,645,2025-04-22
d3efe061-3f03-4cb0-8883-9735b2b2b188,704af7ba-2dbb-49b9-8ace-bb68a3768fb1,AGAC_Plural_dictionnaireEspacesProjets.csv,CSV,support,732,2025-04-22
ce240eae-3f81-4da4-bab9-0b26fab9d891,704af7ba-2dbb-49b9-8ace-bb68a3768fb1,AGAC_Plural_dictionnaireForum.csv,CSV,support,565,2025-04-22
9e8c2b2b-e671-4d79-a3b9-4ce64a452a2b,f6bbdfe1-b9df-4dba-a2bd-5e9bbace8ed5,Description du jeu de données FRQS,PDF,support,NA,2023-06-26
ef269982-7b3f-4987-b398-1e91fe37cbea,f6bbdfe1-b9df-4dba-a2bd-5e9bbace8ed5,Liste du Financement FRQS 2023-2024,CSV,donnees,901682,2026-01-30
a30193c7-c659-4cea-b2fe-8179e705e533,f6bbdfe1-b9df-4dba-a2bd-5e9bbace8ed5,Liste du Financement FRQS 2022-2023,CSV,donnees,855752,2026-01-30
6a27051f-60c3-4a50-a3a2-b6b2c0e61f20,f6bbdfe1-b9df-4dba-a2bd-5e9bbace8ed5,Liste du Financement FRQS - 2021-2022,CSV,donnees,665569,2025-01-27
b63c7466-97eb-4ae1-a0c5-643a63060452,f6bbdfe1-b9df-4dba-a2bd-5e9bbace8ed5,Liste du Financement - FRQS 2020-2021,CSV,donnees,827582,2025-06-13
c7239a4e-4055-41d8-ba02-9f9732fa4278,f6bbdfe1-b9df-4dba-a2bd-5e9bbace8ed5,Liste du Financement - FRQS 2019-2020,CSV,donnees,755738,2025-01-27
6debf5d2-df98-46fd-b982-6741f70dbd4e,f6bbdfe1-b9df-4dba-a2bd-5e9bbace8ed5,Liste du Financement - FRQS 2018-2019,CSV,donnees,NA,2025-01-27
bd4021ba-d3ae-4d3b-b8fd-016405166761,d2d92b84-4361-42f0-81eb-3c395bc54597,GTFS RimouskiBus,GTFS,donnees,47940,2026-07-07
e6266e64-72b2-423a-a571-727280ba0d58,d2d92b84-4361-42f0-81eb-3c395bc54597,Arrêts Citébus,SHP,donnees,19137,2026-07-07
06a583e0-f272-41e9-9f1a-eaed0a3a527c,d2d92b84-4361-42f0-81eb-3c395bc54597,Arrêts Citébus,GeoJSON,donnees,117953,2026-07-07
59f204f7-b09d-4636-988a-bbe8d3b869b1,d2d92b84-4361-42f0-81eb-3c395bc54597,Arrêt Citébus,CSV,donnees,57329,2026-07-07
73418494-5312-4da0-9549-25fa64cfd93b,d2d92b84-4361-42f0-81eb-3c395bc54597,Arrêt CitéBus,KML,donnees,318475,2026-07-07
d457df3d-6df6-4a6f-b794-30ac4c5565be,d2d92b84-4361-42f0-81eb-3c395bc54597,Circuits Citébus,SHP,donnees,16364,2026-07-07
865c61b6-d6b7-4149-b1d7-b0af5d1a3b5d,d2d92b84-4361-42f0-81eb-3c395bc54597,Circuits Citébus,GeoJSON,,85167,2026-07-07
44d8b7b7-63f1-4487-9fea-15b784f59381,d2d92b84-4361-42f0-81eb-3c395bc54597,Arrêts Taxibus,SHP,donnees,12408,2026-07-07
4ff5a847-a209-463d-856d-2defce0b355c,d2d92b84-4361-42f0-81eb-3c395bc54597,Arrêts Taxibus,GeoJSON,donnees,194875,2026-07-07
b898331b-dc31-4b31-b249-1251920cacde,d2d92b84-4361-42f0-81eb-3c395bc54597,Arrêts Taxibus,CSV,donnees,118658,2026-07-07
503cb7c5-7bde-47a8-bb3f-0f5642d06e59,d2d92b84-4361-42f0-81eb-3c395bc54597,Arrêt TaxiBus,KML,donnees,526324,2026-07-07
530f85f5-38df-4125-b2c1-f7ce66d480bf,b73fbf1a-039c-404b-99dd-3d54a9e50474,Unité d'évaluation,GeoJSON,donnees,64138213,2026-07-01
ee13f287-bc3c-4259-a246-63311674e40d,b73fbf1a-039c-404b-99dd-3d54a9e50474,Unité d'évaluation,CSV,donnees,1919286,2026-07-01
75c168e8-1ee9-4515-8686-eca594b79de8,b73fbf1a-039c-404b-99dd-3d54a9e50474,Unité d'évaluation,SHP,donnees,11646879,2026-07-01
5917abfd-c5c0-4b99-8f4f-34f610002f90,b73fbf1a-039c-404b-99dd-3d54a9e50474,Unité d'évaluation,KML,donnees,82881448,2026-07-01
663116f2-7bd3-4b82-a663-449d6b694ff7,a315e8f8-2e8e-47d3-990d-49f09ecb32d0,Carte Interactive,HTML,cartes,NA,2017-01-12
80a0b145-ef75-4a7b-acbe-8b6ea7655b14,a315e8f8-2e8e-47d3-990d-49f09ecb32d0,Borne d'incendie,GeoJSON,donnees,603314,2026-07-01
130db461-d9d4-478f-abbe-6e4a9d3eb1ac,a315e8f8-2e8e-47d3-990d-49f09ecb32d0,Borne d'incendie,CSV,donnees,183662,2026-07-01
db24903f-9e57-4efd-9488-dc39c4498dc2,a315e8f8-2e8e-47d3-990d-49f09ecb32d0,Borne d'incendie,SHP,donnees,67036,2026-07-01
b73f3341-3844-40eb-aa1d-e438883d2d92,a315e8f8-2e8e-47d3-990d-49f09ecb32d0,Borne d'incendie,KML,donnees,1844199,2026-07-01
776d4c5f-3bb6-4412-a1ae-8fc0aa6edfd2,6e0f7ad8-f660-40e2-abe0-c63cd3bd3abc,Districts électoraux,GeoJSON,donnees,362573,2026-07-01
1312d00c-09a6-45de-8501-7128e2e0e496,6e0f7ad8-f660-40e2-abe0-c63cd3bd3abc,Districts électoraux,CSV,donnees,699,2026-07-01
b8d6aee9-4aae-4c01-bcb9-270c0172d825,6e0f7ad8-f660-40e2-abe0-c63cd3bd3abc,Districts électoraux,SHP,donnees,85639,2026-07-01
e76f2ffc-d54f-4089-9475-2587afc63ecb,6e0f7ad8-f660-40e2-abe0-c63cd3bd3abc,Districts électoraux,KML,donnees,347117,2026-07-01
4d51ea7e-49d7-4c35-a517-18cca1de3d6b,6c7471ac-7fde-4ec3-92f9-c2f34a91c305,Parcs et espaces verts,GeoJSON,donnees,1085837,2026-07-01
2e65e04e-3c1a-4495-870b-3dbb2959bffa,6c7471ac-7fde-4ec3-92f9-c2f34a91c305,Parcs et espaces verts,SHP,donnees,221257,2026-07-01
68285bc0-8753-4687-9dd0-4a9c9437854c,6c7471ac-7fde-4ec3-92f9-c2f34a91c305,Parcs et espaces verts,CSV,donnees,7446,2026-07-01
cc8c9330-7734-402a-9606-4e8ad582e0a4,6c7471ac-7fde-4ec3-92f9-c2f34a91c305,Parcs et espaces verts,KML,donnees,1027273,2026-07-01
ddbb2a46-0995-4256-ae44-7d68ffc5b651,1601c350-6b7f-41fe-80ad-5b9bca4973ed,Art Public,GeoJSON,donnees,81100,2026-07-01
fc0e6d70-b136-405d-af90-b9afb7c7803e,1601c350-6b7f-41fe-80ad-5b9bca4973ed,Art Public,SHP,donnees,12860,2026-07-01
c7a6ec14-d315-4f4c-8697-6559bbc52feb,1601c350-6b7f-41fe-80ad-5b9bca4973ed,Art Public,CSV,donnees,26093,2026-07-01
efd18f37-7cb9-4e12-a13f-9fd3f58cc8fb,1601c350-6b7f-41fe-80ad-5b9bca4973ed,Art Public,KML,donnees,256404,2026-07-01
7746a5d6-e782-4c23-a7b5-7423974118f8,2c6a7bef-1a27-4f4f-835c-13fbaf9093ed,Secteurs de collecte,GeoJSON,donnees,309447,2026-07-01
d308f103-1ddd-4f35-9257-25a703effdaf,2c6a7bef-1a27-4f4f-835c-13fbaf9093ed,Secteurs de collecte,SHP,donnees,75708,2026-07-01
1540faa4-824f-444b-bb79-e573b35e7c0c,2c6a7bef-1a27-4f4f-835c-13fbaf9093ed,Secteur de collecte,CSV,donnees,4746,2026-07-01
6cd84082-1e68-4465-bb5a-7b4058f48ed6,2c6a7bef-1a27-4f4f-835c-13fbaf9093ed,Secteurs de collecte,KML,donnees,311687,2026-07-01
2a451b5f-cbe9-4dcb-b9e5-03e63ababcad,d9a66edd-a803-47dd-9554-33e8c04970dc,Réseau wifi,CSV,donnees,6122,2026-07-01
c84135d7-784f-41a3-b3ff-6c5086cb08cb,d9a66edd-a803-47dd-9554-33e8c04970dc,Réseau wifi,SHP,donnees,3303,2026-07-01
19347b72-7525-4665-961f-159e6a438126,d9a66edd-a803-47dd-9554-33e8c04970dc,Réseau wifi,GeoJSON,donnees,18149,2026-07-01
3787bfbf-47c6-4001-bfb9-b5193279d487,d9a66edd-a803-47dd-9554-33e8c04970dc,Réseau wifi,KML,donnees,55881,2026-07-01
4cfd9fc0-f017-475a-9f67-ba94f92e975e,3d4d4536-5b94-4f4f-bb7c-2205ec9287a7,Intervention de la SODEC 2024-2025,CSV,donnees,815047,2026-02-05
e05ee859-be85-4983-98ce-c350e543df58,3d4d4536-5b94-4f4f-bb7c-2205ec9287a7,Intervention de la SODEC 2023-2024,CSV,donnees,832715,2025-08-04
1e3a049d-1df5-42e6-b5b9-079c84b29898,3d4d4536-5b94-4f4f-bb7c-2205ec9287a7,Interventions de la SODEC 2022-2023,CSV,donnees,1111501,2025-08-04
6f4de368-08a3-4225-a491-e6858931bdd2,3d4d4536-5b94-4f4f-bb7c-2205ec9287a7,Interventions de la SODEC 2021-2022,CSV,donnees,19835933,2025-08-04
0ae75373-37f5-4771-b8eb-8a468f998d4d,3d4d4536-5b94-4f4f-bb7c-2205ec9287a7,Interventions de la SODEC 2020-2021,CSV,donnees,803439,2025-02-05
89ebe9da-1725-428d-8ba0-0b4a04a6c0f0,3d4d4536-5b94-4f4f-bb7c-2205ec9287a7,Interventions de la SODEC 2019-2020,CSV,donnees,674165,2025-02-05
44d85d6b-cdc3-4fd4-a60f-63a1beeab0b5,3d4d4536-5b94-4f4f-bb7c-2205ec9287a7,Interventions de la SODEC 2018-2019,CSV,donnees,748359,2025-02-05
0d25bb3c-81f2-420a-92fe-6b9ec3a1416f,3d4d4536-5b94-4f4f-bb7c-2205ec9287a7,Interventions de la SODEC 2017-2018,CSV,donnees,647918,2025-02-05
0939ffa4-326d-4877-b7dc-cb19f61c3622,3d4d4536-5b94-4f4f-bb7c-2205ec9287a7,Interventions de la SODEC 2016-2017,CSV,donnees,692184,2025-02-05
aebbb5a6-4979-46cf-b586-f5731907ec7c,3d4d4536-5b94-4f4f-bb7c-2205ec9287a7,Liste et description des attributs des données ouvertes sur les interventions de la SODEC mise à jour en 2020-2021,PDF,support,471487,2022-03-07
d81e1e17-3b78-434a-82b7-00cd611ee6ad,3d4d4536-5b94-4f4f-bb7c-2205ec9287a7,Interventions de la SODEC - Tableau Power BI,WEB,visualisation_analytique,NA,2026-05-28
3d13dfb2-9b40-4797-8df1-d15790d681e6,e46d2624-7a54-46f1-be5e-6381e478d365,Productions cinématographiques et télévisuelles 2024-2025,CSV,donnees,172391,2025-10-27
99336aa9-5a00-459c-80a5-71a2a37cc8b7,e46d2624-7a54-46f1-be5e-6381e478d365,Productions cinématographiques et télévisuelles 2023-2024,CSV,donnees,168044,2024-09-25
894327a2-f603-4229-8c17-544e2e9a1e4c,e46d2624-7a54-46f1-be5e-6381e478d365,Productions cinématographiques et télévisuelles 2022-2023,CSV,donnees,276494,2023-12-14
d835254c-8523-4d1a-8875-847623c661e5,e46d2624-7a54-46f1-be5e-6381e478d365,Productions cinématographiques et télévisuelles 2021-2022,CSV,donnees,150686,2023-08-16
5fb2559e-e984-4aeb-8074-bd1205c7baad,e46d2624-7a54-46f1-be5e-6381e478d365,Productions cinématographiques télévisuelles 2020-2021,CSV,donnees,139963,2022-03-09
c9991999-9c72-4fa3-bc3f-f5d0cbb50877,e46d2624-7a54-46f1-be5e-6381e478d365,Productions cinématographiques et télévisuelles 2019-2020,CSV,donnees,138527,2021-07-29
6c8d9ff9-f619-4bc8-872a-5722500ba731,e46d2624-7a54-46f1-be5e-6381e478d365,Productions cinématographiques et télévisuelles 2018-2019,CSV,donnees,143213,2021-08-03
37997d13-0696-41dc-bc0c-741fe8b3dec2,e46d2624-7a54-46f1-be5e-6381e478d365,Productions cinématographiques et télévisuelles 2017-2018,CSV,donnees,126799,2021-10-13
d0775647-ed92-4a0b-ba38-3718987947aa,e46d2624-7a54-46f1-be5e-6381e478d365,Productions cinématographiques et télévisuelles 2004-2017,CSV,donnees,1580195,2021-10-13
53e34f00-51f2-4b7b-8619-98c589f558fe,e46d2624-7a54-46f1-be5e-6381e478d365,Liste et description des attributs des données ouvertes sur les productions cinématographiques et télévisuelles mise à jour en 2020-2021,PDF,support,230388,2022-03-07
421444f9-4d02-452d-bcfc-5e57930114ad,3b37042d-e787-475d-9bb0-b9f0d147a7c2,Productions doublées 2024-2025,CSV,donnees,91900,2025-10-27
b9d7498f-d39a-4935-9327-34ed363a86ae,3b37042d-e787-475d-9bb0-b9f0d147a7c2,Productions doublées 2023-2024,CSV,donnees,120456,2025-10-27
0be8eafb-d333-43d2-8a4d-bd2d2d3f78c5,3b37042d-e787-475d-9bb0-b9f0d147a7c2,Productions doublées 2022-2023,CSV,donnees,96605,2023-12-14
8789e3d4-27a9-45ba-8849-846b34c7a3c5,3b37042d-e787-475d-9bb0-b9f0d147a7c2,Productions doublées 2021-2022,CSV,donnees,100209,2023-08-16
ec45bcc5-96f1-4274-878c-e3b2f9d59057,3b37042d-e787-475d-9bb0-b9f0d147a7c2,Productions doublées 2020-2021,CSV,donnees,115137,2022-03-09
959ecaa7-01fb-43da-a58b-2c6f6bef1abf,3b37042d-e787-475d-9bb0-b9f0d147a7c2,Productions doublées en 2019-2020,CSV,donnees,84167,2021-01-22
de8456a4-5632-4fbe-af5f-d55b3ebb0ab6,3b37042d-e787-475d-9bb0-b9f0d147a7c2,Productions doublées en 2018-2019,CSV,donnees,129106,2019-10-23
56d93c7a-7913-4141-a202-2c575b14846c,3b37042d-e787-475d-9bb0-b9f0d147a7c2,Productions doublées en 2017-2018,CSV,donnees,117466,2021-10-13
fe84d85e-2a6f-4dff-aecc-72c1aabfddc4,3b37042d-e787-475d-9bb0-b9f0d147a7c2,Productions doublées en 2013-2017,CSV,donnees,422547,2021-10-13
c599fbc6-a3a0-4fa6-8d8d-e31ee9c732c9,3b37042d-e787-475d-9bb0-b9f0d147a7c2,Liste et description des attributs des données ouvertes sur les productions doublées mise à jour en 2020-2021,PDF,support,230228,2022-03-07
87325d25-53a6-4521-94f4-fa7fe22c8fd5,e9d802c9-beff-403a-8a51-22c3485fd078,Sensibilisation à la chanson collégiale 2024-2025,CSV,donnees,20987402,2025-10-27
07c2c8ce-db3b-4190-8aad-6494ec82d181,e9d802c9-beff-403a-8a51-22c3485fd078,Sensibilisation à la chanson collégiale 2023-2024,CSV,donnees,19937490,2024-09-25
f86f9605-3f6b-417c-8a0b-4f3208fb637d,e9d802c9-beff-403a-8a51-22c3485fd078,Sensibilisation à la chanson collégiale 2022-2023,CSV,donnees,23076587,2023-12-14
c9b80bfb-1f80-432f-9dab-5a497ef5d1bf,e9d802c9-beff-403a-8a51-22c3485fd078,Sensibilisation à la chanson collégiale 2021-2022,,,NA,2023-01-23
9df628b8-d660-43b0-a132-d6fad65c544a,e9d802c9-beff-403a-8a51-22c3485fd078,Sensibilisation à la chanson collégiale 2020-2021,CSV,donnees,20900,2022-03-09
67d24754-042e-4390-834f-0cf7b07f1961,e9d802c9-beff-403a-8a51-22c3485fd078,Sensibilisation chanson collégial 2019-2020,CSV,donnees,26932,2021-07-29
07342e8b-522d-4d9c-8a12-81da1a49cf63,e9d802c9-beff-403a-8a51-22c3485fd078,Sensibilisation chanson collégial 2018-2019,CSV,donnees,40206,2021-08-03
a1b90aca-ea74-4d4d-a70b-0a309d54162b,e9d802c9-beff-403a-8a51-22c3485fd078,Sensibilisation chanson collégial 2017-2018,CSV,donnees,56410,2021-10-13
afa1459e-3f8e-40d8-9c6b-6196b831bfca,e9d802c9-beff-403a-8a51-22c3485fd078,Sensibilisation chanson collégial 2010-2017,CSV,donnees,364525,2021-10-13
1fa97a41-3498-4596-bc0e-2f80b8f5d348,e9d802c9-beff-403a-8a51-22c3485fd078,Liste et description des attributs des données ouvertes sur le programme de sensibilisation à la chanson et diffusion pour le milieu collégial mise à jour en 2020-2021,PDF,support,146362,2022-03-07
000ca62e-459e-4a9f-b758-6b978aea8b2e,e6d75e2f-1822-4008-a715-26058362166a,Tournées de spectacles 2024-2025,CSV,donnees,3062318,2025-10-27
328c33a9-9121-4bb3-bc79-5399bc1d946a,e6d75e2f-1822-4008-a715-26058362166a,Tournées de spectacles 2023-2024,CSV,donnees,2368203,2025-10-27
d1d4073e-1ffd-460b-b473-8e0f24abbe2b,e6d75e2f-1822-4008-a715-26058362166a,Tournées de spectacles 2022-2023,CSV,donnees,1403633,2025-08-04
e8236e35-0b4f-4f5b-ab29-153652b7e1d5,e6d75e2f-1822-4008-a715-26058362166a,Tournées de spectacles 2021-2022,CSV,donnees,1570747,2025-08-04
c9b48478-c8fb-4a68-a481-dd543eace05d,e6d75e2f-1822-4008-a715-26058362166a,Tournées de spectacles 2020-2021,CSV,donnees,23643562,2024-09-25
8f017558-e600-44ed-be89-7298fa948556,e6d75e2f-1822-4008-a715-26058362166a,Tournées de spectacles 2019-2020,CSV,donnees,717356,2021-07-29
dda4ce17-0a86-424e-a4ac-71c54731b7d9,e6d75e2f-1822-4008-a715-26058362166a,Tournées de spectacles 2018-2019,CSV,donnees,722571,2021-08-03
7af88982-d711-48b6-87df-00a1785726f1,e6d75e2f-1822-4008-a715-26058362166a,Tournées de spectacles 2017-2018,CSV,donnees,710960,2021-10-13
1d5047b5-20b3-4f53-8e3d-a4e05097d401,e6d75e2f-1822-4008-a715-26058362166a,Tournées de spectacles 2002-2017,CSV,donnees,7495695,2021-10-13
42af54f5-d937-4be7-a6d6-6a5c50b26368,e6d75e2f-1822-4008-a715-26058362166a,Liste et description des attributs des données ouvertes sur les tournées de spectacles au Québec mise à jour en 2020-2021,PDF,support,145558,2022-03-07
07744a13-ca03-46bd-aabe-ee93192278f4,233354e9-9679-4453-8b41-d82575fb1787,Connexions Janvier 2014,CSV,donnees,NA,2023-06-26
3dd19196-e78a-49db-8dfa-a68563d09680,233354e9-9679-4453-8b41-d82575fb1787,Connexions Janvier 2014,CSV,donnees,NA,2023-06-26
63404481-ee89-43cb-a388-23dccc5a820b,233354e9-9679-4453-8b41-d82575fb1787,Connexions Février 2014,CSV,donnees,NA,2023-06-26
619b145f-9336-4479-a20a-241a1f638d7b,233354e9-9679-4453-8b41-d82575fb1787,Connexions Février 2014,CSV,donnees,NA,2023-06-26
e0654c80-edaf-4f37-a0ca-ba0d1741be98,233354e9-9679-4453-8b41-d82575fb1787,connections 2014.csv.zip,CSV,donnees,NA,2023-06-26
5f555b7f-5383-47bc-aaa3-8906c1cf461b,233354e9-9679-4453-8b41-d82575fb1787,Connexions 2015,CSV,donnees,NA,2023-06-26
664708fc-321a-4d58-ae60-e859b597db04,943608d2-7804-479f-8e26-3451518c261a,Rappels_version_2025-11-19,JSON,donnees,11354483,2025-11-25
a9df9085-f2a6-416f-bd5a-df31ec252957,943608d2-7804-479f-8e26-3451518c261a,Rappels - Présentation du jeu de données.pdf,PDF,support,98148,2025-11-25
48e0bca2-3ab0-4ab2-807a-1aeb1d6e759b,e19b44d1-24e2-4449-acfb-ab5721ea2f27,Description des champs,PDF,support,NA,2019-02-05
3275d7ca-186f-4061-bb08-244e36f85673,e19b44d1-24e2-4449-acfb-ab5721ea2f27,Données administratives des coopératives non financières,CSV,donnees,1579017,2021-12-01
ba473c2c-0311-4cfd-856a-56e6b55c3688,e19b44d1-24e2-4449-acfb-ab5721ea2f27,Données administratives des coopératives non financières,XLSX,donnees,706693,2021-12-01
6dafb64e-3c17-42f2-8ec8-2b3429a3b582,e19b44d1-24e2-4449-acfb-ab5721ea2f27,Données administratives des coopératives non financières,CSV,donnees,1517649,2023-04-25
d0223c34-11a4-48e4-9a0f-cd4ced05e73b,e19b44d1-24e2-4449-acfb-ab5721ea2f27,Données administratives des coopératives non financières,XLS,donnees,696338,2023-04-25
bc7df2c4-40e6-46f5-b1d0-217295a8094f,e19b44d1-24e2-4449-acfb-ab5721ea2f27,Données administratives des coopératives non financières,XLSX,donnees,667118,2026-01-20
0260ed4f-6780-4347-be62-4e74d5dbd54a,e19b44d1-24e2-4449-acfb-ab5721ea2f27,Données administratives des coopératives non financières,XLSX,donnees,634271,2026-01-20
a4a5e64f-38dc-458f-954b-4f50d0d953f4,e19b44d1-24e2-4449-acfb-ab5721ea2f27,coop-non-financieres-actives_20240815.V4.csv,CSV,donnees,1710080,2026-01-20
f68f406c-f89a-4316-b4ff-a50d9fd86bba,e19b44d1-24e2-4449-acfb-ab5721ea2f27,coop-non-financieres-actives_20251119.v4.csv,CSV,donnees,1602358,2026-01-20
0ae020e9-6a63-4901-802d-42044f1d6a8d,3aa1dce8-9d07-4274-b9d0-a92d5e066141,Description des champs,PDF,support,NA,2019-05-01
058ce8ea-0df1-4b31-8594-a90f33981c06,3aa1dce8-9d07-4274-b9d0-a92d5e066141,Projets d’infrastructure de recherche approuvés par le gouvernement du Québec,CSV,donnees,596311,2025-07-30
073dea07-b7f9-4bbd-a070-3102c476541a,3aa1dce8-9d07-4274-b9d0-a92d5e066141,Projets d’infrastructure de recherche approuvés par le gouvernement du Québec en XLS ,XLS,donnees,207512,2025-07-30
20f76d05-96e5-4aa6-8f17-9284febff572,142ff2e9-7d0a-47d6-b4f6-dfeb97041daf,Visualisation,,cartes,NA,2026-07-11
a8e463ab-d334-4714-81d5-8da0310d80c0,142ff2e9-7d0a-47d6-b4f6-dfeb97041daf,Cyclistes CSV,CSV,donnees,254505939,2026-07-11
8ebe0b09-be67-4deb-84b5-45b73c7a0acf,142ff2e9-7d0a-47d6-b4f6-dfeb97041daf,"Velos - comptage sur les pistes cyclables, 2026",CSV,donnees,49555839,2026-07-11
4d4f1e35-ee03-477d-b5f9-1aa20fcac220,142ff2e9-7d0a-47d6-b4f6-dfeb97041daf,"Vélos - comptage sur les pistes cyclables, 2025",CSV,donnees,76334524,2026-07-11
d27ba191-1c4d-4600-97d0-cce568732a91,142ff2e9-7d0a-47d6-b4f6-dfeb97041daf,"Vélos - comptage sur les pistes cyclables, 2024",CSV,donnees,88025671,2026-07-11
7215a1e9-a532-44ac-903f-f505ffc2b48b,142ff2e9-7d0a-47d6-b4f6-dfeb97041daf,"Vélos - comptage sur les pistes cyclables, 2023",CSV,donnees,91011363,2026-07-11
678161ad-b9ce-4b9d-8fa6-115cf1257dbb,142ff2e9-7d0a-47d6-b4f6-dfeb97041daf,"Vélos - comptage sur les pistes cyclables, 2022",CSV,donnees,99638308,2026-07-11
66175c7c-0164-4477-91c4-aa1593273ee1,142ff2e9-7d0a-47d6-b4f6-dfeb97041daf,"Vélos - comptage sur les pistes cyclables, 2021",CSV,donnees,95452920,2026-07-11
08fa3b22-ffd3-4dcd-8c46-143750ceff2a,142ff2e9-7d0a-47d6-b4f6-dfeb97041daf,"Vélos - comptage sur les pistes cyclables, 2020",CSV,donnees,80252977,2026-07-11
6c5e4fad-4bb7-4355-af6f-c8442b5c1ad3,142ff2e9-7d0a-47d6-b4f6-dfeb97041daf,"Vélos - comptage sur les pistes cyclables, 2019",CSV,donnees,54342936,2026-07-11
c4079991-84d6-4644-8703-0320ee02305b,142ff2e9-7d0a-47d6-b4f6-dfeb97041daf,"Vélos - comptage sur les pistes cyclables, 2018",CSV,donnees,40010,2026-07-11
c46d286e-f9c1-424b-abfe-d9b49a6db11e,142ff2e9-7d0a-47d6-b4f6-dfeb97041daf,"Vélos - comptage sur les pistes cyclables, 2017",CSV,donnees,35703,2026-07-11
4a174080-3714-49c9-a4a5-a09cc8c718ff,142ff2e9-7d0a-47d6-b4f6-dfeb97041daf,"Vélos - comptage sur les pistes cyclables, 2016",CSV,donnees,33447,2026-07-11
094e146d-f594-435a-bf4e-2cd25e510f33,142ff2e9-7d0a-47d6-b4f6-dfeb97041daf,"Vélos - comptage sur les pistes cyclables, 2015",CSV,donnees,33543,2026-07-11
9045beb3-a8e1-496c-ace3-c8955c781522,142ff2e9-7d0a-47d6-b4f6-dfeb97041daf,"Vélos - comptage sur les pistes cyclables, 2014",CSV,donnees,30235,2026-07-11
8d0ae867-d1dd-4d36-9ae8-4443cb4602dc,142ff2e9-7d0a-47d6-b4f6-dfeb97041daf,"Vélos - comptage sur les pistes cyclables, 2013",CSV,donnees,22022,2026-07-11
5193036d-e223-4caa-a0a1-4de3f8907eac,142ff2e9-7d0a-47d6-b4f6-dfeb97041daf,"Vélos - comptage sur les pistes cyclables, 2012",CSV,donnees,19522,2026-07-11
2d560520-be2c-44a3-a5c9-af7efa44c3c6,142ff2e9-7d0a-47d6-b4f6-dfeb97041daf,"Vélos - comptage sur les pistes cyclables, 2011",CSV,donnees,19072,2026-07-11
f5ea10cb-edb1-4f94-96ea-6acb5551ea58,142ff2e9-7d0a-47d6-b4f6-dfeb97041daf,"Vélos - comptage sur les pistes cyclables, 2010",CSV,donnees,15115,2026-07-11
70aedea0-d534-48da-88ab-6fdb34ea022d,142ff2e9-7d0a-47d6-b4f6-dfeb97041daf,"Vélos - comptage sur les pistes cyclables, 2009",CSV,donnees,8282591,2026-07-11
537dc0da-9114-46e5-8ef6-3b0085a3648c,142ff2e9-7d0a-47d6-b4f6-dfeb97041daf,Localisation des compteurs (2026),CSV,donnees,5337,2026-07-11
42c5baab-45e4-4ebe-bba8-253136171f72,142ff2e9-7d0a-47d6-b4f6-dfeb97041daf,Localisation des compteurs (2009-2025),CSV,donnees,5402,2026-07-11
e131bcf4-12d3-496c-bd8a-32bae66d9d0f,3e9f7b96-3f25-4404-a5ad-22d9a31060e6,Visualisation des données,WEB,indefini,NA,2026-07-11
f4eca3bf-5ded-4d3c-a8dc-ed42486498f3,3e9f7b96-3f25-4404-a5ad-22d9a31060e6,IQA détaillé par station en temps réel (Quotidien),CSV,indefini,6930,2026-07-11
6554355e-63d1-4a01-a268-91e0763c3606,3e9f7b96-3f25-4404-a5ad-22d9a31060e6,IQA par station en temps réel (Quotidien),CSV,indefini,6957,2026-07-11
4cbbba4d-1ff2-4996-ae31-2a6ee34ec6e6,91ec9195-19b2-4cc5-a3c7-8e295a30ad68,Fréquentation du portail Montreal.ca,CSV,donnees,170633555,2026-07-11
99dc7e4d-4f29-4676-bbac-16e070a42f0d,91ec9195-19b2-4cc5-a3c7-8e295a30ad68,Fréquentation du portail Montreal.ca 2023,CSV,indefini,284427825,2026-07-11
ff322fea-6220-4453-89dc-1e75e8bc01a0,91ec9195-19b2-4cc5-a3c7-8e295a30ad68,Fréquentation du portail Montreal.ca 2025,CSV,indefini,323980130,2026-07-11
64e28fe6-ef37-437a-972d-d1d3f1f7d891,b89fd27d-4b49-461b-8e54-fa2b34a628c4,Inventaire arbres publics - Fichier consolidé (Arrondissements dans le système corporatif seulement),CSV,donnees,135288976,2026-07-11
6c217c92-63c8-49e8-a6ef-afda6121656d,b89fd27d-4b49-461b-8e54-fa2b34a628c4,Historique DHP arbres publics - Fichier consolidé (Arrondissements dans le système corporatif seulement),CSV,donnees,45734047,2026-07-11
c9f2c2d5-3041-4d83-9d09-e06c1c12e408,b89fd27d-4b49-461b-8e54-fa2b34a628c4,État de l'inventaire d'arbres par arrondissement,CSV,donnees,NA,2026-07-11
7fe8c742-ee64-4cca-b889-467b68e7db6a,b89fd27d-4b49-461b-8e54-fa2b34a628c4,Dictionnaire de données,PDF,support,NA,2026-07-11
a1395154-55b2-4ad9-94a8-142b982e1d94,b89fd27d-4b49-461b-8e54-fa2b34a628c4,Arbres publics - Montréal-Nord,CSV,donnees,NA,2026-07-11
05f06958-fa34-4c74-be23-2573074bfd6e,b89fd27d-4b49-461b-8e54-fa2b34a628c4,Arbres publics - Outremont,CSV,donnees,1524956,2026-07-11
ebceda9f-8ddb-4e1e-b707-66f00e0b8daa,0b871076-93d3-4247-9f04-21495fd2bee4,Carte interactive,WEB,cartes,NA,2026-07-11
dd23658a-23d3-428e-adda-f76b62cbd144,0b871076-93d3-4247-9f04-21495fd2bee4,Résultats du dépistage des entrées de service en plomb,CSV,donnees,17491805,2026-07-11
cc41b532-f12d-40fb-9f55-eb58c9a2b12b,667342f7-f667-4c3c-9837-65e81312cd8d,Entraves et travaux en cours,CSV,indefini,1011260,2026-07-11
a2bc8014-488c-495d-941b-e7ae1999d1bd,667342f7-f667-4c3c-9837-65e81312cd8d,Impacts des entraves et travaux en cours,CSV,indefini,932595,2026-07-11
535c090c-2f74-4398-83ec-2771a6ce7174,667342f7-f667-4c3c-9837-65e81312cd8d,Informations complémentaires sur les entraves et travaux,JSON,indefini,872385,2026-07-11
9d9d839a-8131-40e4-a2f4-7e82bf9bd58c,ef6ce312-9737-4253-8b25-94ba17eec23e,"Calendrier des séances du comité exécutif, conseil municipal et conseil d'agglomération",CSV,indefini,68,2026-07-11
f7de9ca9-fa70-4848-b298-69757e55486d,e9321c33-fa45-42fd-a373-74222ce13d60,Toponym'Elles,CSV,donnees,166880,2026-07-11
4349948b-e9c7-445e-b405-43a04e7e100d,e9321c33-fa45-42fd-a373-74222ce13d60,Toponym'Elles,JSON,donnees,252250,2026-07-11
dc55251c-72ef-442f-b564-cc1b66780afe,14d93d62-16bf-48da-ae4f-4be21a32e2ad,Registre des entreprises non admissibles aux contrats publics,XML,donnees,1729048,2026-07-08
dcc14bcb-71d9-4b03-aad4-76afd589ae1a,14d93d62-16bf-48da-ae4f-4be21a32e2ad,Registre des entreprises non admissibles aux contrats publics,XLS,donnees,3105112,2026-07-08
c8843f2e-16ef-4dfe-a5e3-4b4089fc3f9e,14d93d62-16bf-48da-ae4f-4be21a32e2ad,Registre des entreprises non admissibles aux contrats publics,JSON,donnees,1640593,2026-07-08
f91f62f6-2bed-4bf1-891b-51255bf5fbba,1c6567bf-8995-40b9-84a4-50faabae12f4,Phrases grammaticales et agrammaticales tirées de la « Banque de dépannage linguistique »,CSV,donnees,5379245,2025-01-16
882453c2-93c3-4204-b5ff-6d6297082ad9,1c6567bf-8995-40b9-84a4-50faabae12f4,Termes officialisés tirés de la Vitrine linguistique (« Grand dictionnaire terminologique »),CSV,donnees,476117,2026-01-15
c3ce0af4-7c0f-4dd2-b53a-6dc7fb3ea5ef,1c6567bf-8995-40b9-84a4-50faabae12f4,Fiches terminologiques tirées de la Vitrine linguistique (« Grand dictionnaire terminologique »),CSV,donnees,20402492,2026-01-19
0fc5a754-5112-47a0-9a76-fef91502fb29,f29e95bb-6e6d-480d-9a34-6327aa4da633,Liste des entreprises non conformes,CSV,donnees,2099,2026-03-31
5de38afa-f686-41bb-858a-83e9a8ba21a4,12b932d4-2c84-443f-8d5e-a267b02e26b1,presence2025-statut-carte-maladie,CSV,donnees,380,2025-11-19
9ff4c745-5332-4319-b427-920ce6b82ccc,12b932d4-2c84-443f-8d5e-a267b02e26b1,presence2025-pop-admise-categorie,CSV,donnees,1961,2025-11-19
81a1ef99-4476-4e72-bf10-5120a0d612a0,12b932d4-2c84-443f-8d5e-a267b02e26b1,presence2025-pop-presente-categorie,CSV,donnees,1933,2025-11-19
ee89fead-0636-472f-b245-c554b0331ed8,12b932d4-2c84-443f-8d5e-a267b02e26b1,presence2025-continent-naissance-categorie,CSV,donnees,1692,2025-11-19
58a2c17d-4eb8-4747-8405-c14172e2f314,12b932d4-2c84-443f-8d5e-a267b02e26b1,presence2025-pays-naissance-categorie,CSV,donnees,1914,2025-11-19
28e96d51-b042-4416-bf2d-0decf5363361,12b932d4-2c84-443f-8d5e-a267b02e26b1,presence2025-statut-temporaire-preadmission-categorie,CSV,donnees,540,2025-11-19
1076a54c-e853-4f01-bbc6-5c8ae0201f80,12b932d4-2c84-443f-8d5e-a267b02e26b1,presence2025-age-sexe-categorie,CSV,donnees,2014,2025-11-19
0093b8f4-8608-4cc0-860a-fd2ebaec8636,12b932d4-2c84-443f-8d5e-a267b02e26b1,presence2025-connaissance-langues-categorie,CSV,donnees,1604,2025-11-19
3dcdea67-49ad-44f9-ab72-db196cc59091,12b932d4-2c84-443f-8d5e-a267b02e26b1,presence2025-scolarite-categorie,CSV,donnees,1430,2025-11-19
39266f83-a479-4386-94fb-5225c9e31254,12b932d4-2c84-443f-8d5e-a267b02e26b1,presence2025-regions-periode-admission,CSV,donnees,628,2025-11-19
f650ec1c-fe45-4961-84fc-e6dd6731d21f,12b932d4-2c84-443f-8d5e-a267b02e26b1,presence2025-regions-categorie,CSV,donnees,816,2025-11-19
14bf7cb2-07c4-4a75-a85d-24083b68a681,12b932d4-2c84-443f-8d5e-a267b02e26b1,presence2025-regions-mrc,CSV,donnees,3764,2025-11-19
1679983c-14c3-4111-855c-35911e035ce4,12b932d4-2c84-443f-8d5e-a267b02e26b1,presence2025-communaute-metropolitaine-periode-admission,CSV,donnees,338,2025-11-19
7b8fd636-6cbd-48c4-bdd7-0aa41c27d223,12b932d4-2c84-443f-8d5e-a267b02e26b1,presence2025-communaute-metropolitaine-categorie,CSV,donnees,479,2025-11-19
41a7a635-a739-480f-8640-169bceac32f8,12b932d4-2c84-443f-8d5e-a267b02e26b1,presence2025-portraits-regionaux,CSV,donnees,89140,2025-11-19
a592580f-20ea-41f5-919b-4fda0ebe2523,12b932d4-2c84-443f-8d5e-a267b02e26b1,presence2024-statut-carte-maladie,CSV,donnees,379,2025-11-19
c7f29aef-926e-49ff-be74-9b4b6f88f32d,12b932d4-2c84-443f-8d5e-a267b02e26b1,presence2024-pop-admise-categorie,CSV,donnees,1960,2025-11-19
eecc7933-6355-4225-bdb9-b96c6cfb0316,12b932d4-2c84-443f-8d5e-a267b02e26b1,presence2024-pop-presente-categorie,CSV,donnees,1931,2025-11-19
658dbcc8-3602-4484-84e7-903def10b098,12b932d4-2c84-443f-8d5e-a267b02e26b1,presence2024-continent-naissance-categorie,CSV,donnees,1694,2025-11-19
862b238f-badd-4881-9a2b-07a1f900e87c,12b932d4-2c84-443f-8d5e-a267b02e26b1,presence2024-pays-naissance-categorie,CSV,donnees,1893,2025-11-19
20ce5cb6-5ff1-490a-9cf6-66195c9f8668,12b932d4-2c84-443f-8d5e-a267b02e26b1,presence2024-statut-temporaire-preadmission-categorie,CSV,donnees,540,2025-11-19
9a9f525e-d035-4618-b93e-7697402b66d8,12b932d4-2c84-443f-8d5e-a267b02e26b1,presence2024-age-sexe-categorie,CSV,donnees,1787,2025-11-19
acd22227-8343-410e-8e0a-6913e9169727,12b932d4-2c84-443f-8d5e-a267b02e26b1,presence2024-connaissance-langues-categorie,CSV,donnees,1600,2025-11-19
91e28d1c-9e79-4bda-97bd-b522e44f82ef,12b932d4-2c84-443f-8d5e-a267b02e26b1,presence2024-langue-maternelle-categorie,CSV,donnees,2025,2025-11-19
fc0cae88-86e5-4125-90f0-5485a49ac1ed,12b932d4-2c84-443f-8d5e-a267b02e26b1,presence2024-scolarite-categorie,CSV,donnees,1429,2026-05-06
bdead2a4-0e42-4709-ba7b-23c51bfeb450,12b932d4-2c84-443f-8d5e-a267b02e26b1,presence2024-regions-periode-admission,CSV,donnees,583,2025-11-19
83b1cbd0-0202-4bc5-a626-c2e04d33245f,12b932d4-2c84-443f-8d5e-a267b02e26b1,presence2024-regions-categorie,CSV,donnees,813,2025-11-19
a15b6c6a-4026-4bfe-8fba-c9fb1f438c61,12b932d4-2c84-443f-8d5e-a267b02e26b1,presence2024-regions-mrc,CSV,donnees,3756,2025-11-19
2369d008-e0c2-4d4e-ab32-1e3cea31ac5c,12b932d4-2c84-443f-8d5e-a267b02e26b1,presence2024-communaute-metropolitaine-periode-admission,CSV,donnees,322,2025-11-19
57be893a-0fc4-4b89-9ea4-4b9522e81255,12b932d4-2c84-443f-8d5e-a267b02e26b1,presence2024-communaute-metropolitaine-categorie,CSV,donnees,458,2025-11-19
0020b1a0-a1de-4d8c-93c7-210146355eb2,12b932d4-2c84-443f-8d5e-a267b02e26b1,presence2024-portraits-regionaux,CSV,donnees,84811,2026-05-06
79f916dd-5fb1-41f9-92ec-9191ad37488d,12b932d4-2c84-443f-8d5e-a267b02e26b1,portraits-regionaux-2012-2021-presence-2023,CSV,donnees,71156,2025-05-29
991aa6da-4cde-4f33-9727-a8d4af87fc5d,12b932d4-2c84-443f-8d5e-a267b02e26b1,Admission_statut_carte-maladie_2023,CSV,donnees,377,2025-06-02
0c6db067-a6e1-40d8-8583-3eb2ba096211,12b932d4-2c84-443f-8d5e-a267b02e26b1,pop_presente_categorie_imm_2023,CSV,donnees,2139,2025-06-02
b6ee5bfc-3f7e-4c65-a8e9-6d77af8cbd2d,12b932d4-2c84-443f-8d5e-a267b02e26b1,presence_admission_continent_naissance_2023,CSV,donnees,1753,2025-06-02
165078c0-a8f1-49a9-a6a5-8c94a0cfa581,12b932d4-2c84-443f-8d5e-a267b02e26b1,presence_pays_categorie_2023,CSV,donnees,1845,2025-05-29
97184d56-a2ca-4fe6-94ca-38ae7c82b878,12b932d4-2c84-443f-8d5e-a267b02e26b1,presence_admission_age_sexe_2023,CSV,donnees,1795,2025-06-02
b2e8a340-6b09-4b03-a227-a4dd5a967cff,12b932d4-2c84-443f-8d5e-a267b02e26b1,presence_admission__connaissance_langue_2023,CSV,donnees,1568,2025-06-02
cd78ed42-8f58-4b57-9538-e92a231bad0e,12b932d4-2c84-443f-8d5e-a267b02e26b1,presence_langue_maternelle_2023,CSV,donnees,2025,2025-06-02
d7996670-693b-481f-bd3d-76c8780583ef,12b932d4-2c84-443f-8d5e-a267b02e26b1,presence_scolarite_categorie_2023,CSV,donnees,1288,2025-06-02
322e5cb9-5fc2-4d99-b911-ab5485aba2fc,12b932d4-2c84-443f-8d5e-a267b02e26b1,pop_presente_regions_periode_adm_2023,CSV,donnees,1787,2023-05-26
9c33e2ea-1a24-48f7-91c1-e6d7358bfc08,12b932d4-2c84-443f-8d5e-a267b02e26b1,pop_presente_regions_categorie_adm_2023,CSV,donnees,2033,2025-06-02
63b90036-7f28-4412-9629-03bb5a194c7a,12b932d4-2c84-443f-8d5e-a267b02e26b1,Pop_presente_2023_MRC,CSV,donnees,3963,2025-06-02
29646bcd-33d0-413f-9238-8500430e4508,12b932d4-2c84-443f-8d5e-a267b02e26b1,categorie-detaillee-admis-2011-2020,CSV,donnees,2146,2025-06-02
446b8564-2b42-4a4b-903e-5b717b9aef4a,12b932d4-2c84-443f-8d5e-a267b02e26b1,admission_statut_carte-maladie_2022,CSV,donnees,367,2025-06-02
8b218aec-a1f7-43dd-8bd3-dd39c72bf8e1,12b932d4-2c84-443f-8d5e-a267b02e26b1,categorie-detaillee-presente-2022,CSV,donnees,1967,2025-06-02
5031cefe-f581-4e11-83f5-f8975bfdff45,12b932d4-2c84-443f-8d5e-a267b02e26b1,presence-continent-categorie-2022,CSV,donnees,1716,2025-06-02
c57d49b9-b52d-4464-a679-ba8bfcb8594f,12b932d4-2c84-443f-8d5e-a267b02e26b1,presence-pays-categorie-2022,CSV,donnees,4442,2025-05-29
bf8e84e6-72ac-434b-8ffa-0dfb4432fd74,12b932d4-2c84-443f-8d5e-a267b02e26b1,presence-age-categorie-2022,CSV,donnees,1783,2025-06-02
c29ffc0e-9ecc-4932-b899-6c0df70bd7d1,12b932d4-2c84-443f-8d5e-a267b02e26b1,presence-connaissance-langue-categorie-2022,CSV,donnees,1562,2025-06-02
8ea0b9fd-0dcd-4295-b867-72d9504675c6,12b932d4-2c84-443f-8d5e-a267b02e26b1,presence-langue-maternelle-2022,CSV,donnees,2012,2025-06-02
034c699c-4dad-49bc-b1e9-fa1285130fec,12b932d4-2c84-443f-8d5e-a267b02e26b1,presence-scolarite-categorie-2022,CSV,donnees,1241,2025-06-02
64ceac98-1bd4-495f-afb5-1548f6992740,12b932d4-2c84-443f-8d5e-a267b02e26b1,presence-regions-periode-admission-2022,CSV,donnees,1786,2025-05-29
1a1d1a88-7a52-45c0-9fb4-973adfa7fc62,12b932d4-2c84-443f-8d5e-a267b02e26b1,admission-statut-carte-maladie-2021,CSV,donnees,604,2025-06-02
31e2031f-d68b-4a5d-b3cc-51cfcc61696f,12b932d4-2c84-443f-8d5e-a267b02e26b1,adm-categorie-detaillee-2010-2019,CSV,donnees,2061,2022-05-04
4a0ed790-4184-4ae4-a078-05bf2c37adc0,12b932d4-2c84-443f-8d5e-a267b02e26b1,admission-2010-2019-presence-2021,CSV,donnees,2006,2022-05-04
d86cdefb-343d-4c84-9f21-7ab201a3486f,12b932d4-2c84-443f-8d5e-a267b02e26b1,taux-presence-categorie-detaillee-2021,CSV,donnees,2697,2025-06-02
15157efe-5bf9-4793-a1d9-a0f1799713c6,12b932d4-2c84-443f-8d5e-a267b02e26b1,admission-presence-continent-categorie-2021,CSV,donnees,1745,2022-08-26
09241ba2-ec8f-48f7-bfe1-8375d391f6c9,12b932d4-2c84-443f-8d5e-a267b02e26b1,admission_presence_pays_categorie-2021,CSV,donnees,2044,2022-08-26
87048d7e-6a1c-4f8f-9a85-2f4cf0335547,12b932d4-2c84-443f-8d5e-a267b02e26b1,admission-presence-age_categorie-2021,CSV,donnees,1870,2022-08-26
37125310-77c6-4368-b55c-c43d246d487d,12b932d4-2c84-443f-8d5e-a267b02e26b1,admission-presence-connaissance_langue_categorie-2021,CSV,donnees,1617,2025-05-29
4aaba3ae-9aa9-4d9f-bb37-68a40fb62edc,12b932d4-2c84-443f-8d5e-a267b02e26b1,admission-presence-langue_maternelle-2021,CSV,donnees,2081,2022-08-26
088ad30f-f15a-43c4-b349-6a4725596c49,12b932d4-2c84-443f-8d5e-a267b02e26b1,admission-presence-scolarite_categorie-2021,CSV,donnees,1282,2022-08-26
cd26a464-d49a-4794-b020-88765a586396,12b932d4-2c84-443f-8d5e-a267b02e26b1,admission-presence-regions-periode-mmigration-2021,CSV,donnees,1709,2022-08-26
77a65c26-40ff-4739-925d-1fe7796e4e51,12b932d4-2c84-443f-8d5e-a267b02e26b1,presence-regions-rmm-2021,CSV,donnees,2101,2022-08-26
87e98131-bf4e-4fd2-8206-6db630164d3b,12b932d4-2c84-443f-8d5e-a267b02e26b1,presence- mrc-residence-2021,CSV,donnees,4019,2025-05-29
7d1ac4bd-7fa0-4a9f-a81d-f20814a7b91b,12b932d4-2c84-443f-8d5e-a267b02e26b1,portraits-regionaux-2010-2019-presence-2021,CSV,donnees,95607,2025-06-02
b0ea6f94-ce56-4fe2-a44b-6fe38e622d75,12b932d4-2c84-443f-8d5e-a267b02e26b1,description-champs-presence,CSV,support,4244,2025-11-19
b7cf2483-89eb-4234-97b0-02514d246b3f,12b932d4-2c84-443f-8d5e-a267b02e26b1,PUB_Presence_2024,PDF,support,NA,2025-12-01
3805bcb8-bc9c-48d6-9692-8ed4b1d07461,12b932d4-2c84-443f-8d5e-a267b02e26b1,PUB_Presence_2023,PDF,support,NA,2025-11-19
a6b3e59d-3617-46e1-afee-fb85ef2553a3,12b932d4-2c84-443f-8d5e-a267b02e26b1,PUB_Presence_2022,PDF,support,NA,2025-11-19
8df5607f-9d2d-493b-8632-8f0ea9f9f849,12b932d4-2c84-443f-8d5e-a267b02e26b1,PUB_Presence_2021,PDF,support,NA,2025-11-19
cc4dfa4f-2b14-4a27-9550-7f28e60044a0,12b932d4-2c84-443f-8d5e-a267b02e26b1,annexe-continent-pays,PDF,support,35049,2022-03-29
26d1f57f-1f1d-4856-af54-d7b3cdb57954,23f8d075-4574-4238-a3d1-f3ba5674fce0,Registre québécois des consultants en immigration,CSV,donnees,87377,2026-05-27
b19c139e-ad61-445a-9172-b66b877e1b48,81c11e9a-ae9b-4238-aa6b-1fba60d9c5b9,admission-quebec-canada-2020-2024,CSV,donnees,465,2025-12-09
110326b2-53ef-4654-8425-00204a9db39f,81c11e9a-ae9b-4238-aa6b-1fba60d9c5b9,admission-categorie-sexe-2020-2024.csv,CSV,donnees,724,2025-12-09
2292d1cc-aa98-4c4a-aa27-2262f6d19051,81c11e9a-ae9b-4238-aa6b-1fba60d9c5b9,admission-connaissance-langue-sexe-2020-2024.csv,CSV,donnees,1244,2025-12-09
5c25e098-c1ad-4c00-beeb-9c9c5ac00b7b,81c11e9a-ae9b-4238-aa6b-1fba60d9c5b9,admission-connaissance-langue-categorie-detaille-2020-2024.csv,CSV,donnees,8896,2025-12-09
f6aa71b6-6490-42d0-be39-bf824656d6ed,81c11e9a-ae9b-4238-aa6b-1fba60d9c5b9,admission-langue-maternelle-2020-2024.csv,CSV,donnees,2469,2025-12-09
3a5224c3-f54a-48ca-af14-b2fed4fd3a5f,81c11e9a-ae9b-4238-aa6b-1fba60d9c5b9,admission-age-sexe-2020-2024.csv,CSV,donnees,1322,2025-12-09
5d21734b-0aef-44ed-9a32-563d88ae3b2a,81c11e9a-ae9b-4238-aa6b-1fba60d9c5b9,admission-principaux-pays-naissance-2024.csv,CSV,donnees,2127,2025-12-09
6f5a3946-d4f5-42ab-ab57-1e9905b43ecd,81c11e9a-ae9b-4238-aa6b-1fba60d9c5b9,admission-principaux-pays-naissance-2020-2024.csv,CSV,donnees,2174,2025-12-10
356f2360-3b50-483c-bf14-89c85152118e,81c11e9a-ae9b-4238-aa6b-1fba60d9c5b9,admission-categorie-detaille-sexe-2020-2024.csv,CSV,donnees,4226,2025-12-09
4bf8db61-c509-4857-b4c5-a9395f6f0849,81c11e9a-ae9b-4238-aa6b-1fba60d9c5b9,admission-continent-region-naissance-2020-2024.csv,CSV,donnees,5664,2025-12-09
f196414b-d689-47b1-9d4e-290efb1093e3,81c11e9a-ae9b-4238-aa6b-1fba60d9c5b9,admission-continent-pays-naissance-2020-2024.csv,CSV,donnees,23781,2025-12-10
4cf433ab-9a59-4255-b1d1-3aeeb61ace54,81c11e9a-ae9b-4238-aa6b-1fba60d9c5b9,admission-immigr-actif-feer-2020-2024.csv,CSV,donnees,1431,2025-12-10
bf1d300b-80de-49cd-b411-2a76da955391,81c11e9a-ae9b-4238-aa6b-1fba60d9c5b9,admission-region-destination-2020-2024.csv,CSV,donnees,3128,2025-12-10
9f731da0-8cfd-4919-b680-7fa877d3e66c,81c11e9a-ae9b-4238-aa6b-1fba60d9c5b9,admission-statut-temporaire-2020-2024.csv,CSV,donnees,1485,2025-12-10
4f7caacf-82e2-4707-81ad-2fcd2e655b4d,81c11e9a-ae9b-4238-aa6b-1fba60d9c5b9,admission-quebec-canada-2017-2021,CSV,donnees,354,2022-12-21
e71e8080-cb23-4e95-8887-748abd69512a,81c11e9a-ae9b-4238-aa6b-1fba60d9c5b9,admission-categorie-sexe-2017-2021,CSV,donnees,710,2025-06-02
805f398d-3e20-4391-9ea8-8ce35d42b5f7,81c11e9a-ae9b-4238-aa6b-1fba60d9c5b9,admission-connaissance-langue-sexe-2017-2021,CSV,donnees,1207,2022-12-22
bc5cbab2-9e30-4cff-9c29-728110a16074,81c11e9a-ae9b-4238-aa6b-1fba60d9c5b9,admission-connaissance-langue-categorie-detaille-2017-2021,CSV,donnees,9434,2022-12-22
d8d64154-241b-49ed-8483-70ab2382fa78,81c11e9a-ae9b-4238-aa6b-1fba60d9c5b9,admission-langue-maternelle-2017-2021,CSV,donnees,2556,2022-12-22
3ebd55b2-7142-426b-bd24-485dc13bfe9c,81c11e9a-ae9b-4238-aa6b-1fba60d9c5b9,admission-age-sexe-2017-2021,CSV,donnees,1146,2025-06-02
c9e9f8ab-7749-4ae0-a657-a8ab78361749,81c11e9a-ae9b-4238-aa6b-1fba60d9c5b9,admission-pays-naissance-sexe-2017-2021,CSV,donnees,1634,2025-06-02
e1ae80b2-a517-47f1-9735-6842cabb7575,81c11e9a-ae9b-4238-aa6b-1fba60d9c5b9,admission-pays-naissance-2021,CSV,donnees,1565,2025-06-02
ddfa81a3-a406-4bd1-967c-ba3e523a8c64,81c11e9a-ae9b-4238-aa6b-1fba60d9c5b9,admission-categorie-detaille-sexe-2017-2021,CSV,donnees,4267,2025-06-02
37a0ef1e-5edd-4a31-8512-d0067979d849,81c11e9a-ae9b-4238-aa6b-1fba60d9c5b9,admission-continent-region-naissance-2017-2021,CSV,donnees,4736,2025-05-30
d98b2840-24af-4b00-ba4b-64b4c0d11a4f,81c11e9a-ae9b-4238-aa6b-1fba60d9c5b9,admission-continent-pays-naissance-2017-2021,CSV,donnees,21857,2022-12-22
47c089c9-9300-4630-8a4a-e5b8cded97ff,81c11e9a-ae9b-4238-aa6b-1fba60d9c5b9,admission-scolarite-age-15ans-plus-2017-2021,CSV,donnees,1048,2025-05-29
fb6f0f1c-8cc9-476e-b22d-b4248da5887b,81c11e9a-ae9b-4238-aa6b-1fba60d9c5b9,admission-Immig-actif-scolarite-sexe-2017-2021,CSV,donnees,1135,2025-05-29
67e4a5f5-1858-4e0b-bf9e-c4000fc9fe02,81c11e9a-ae9b-4238-aa6b-1fba60d9c5b9,admission-immigrants-actif-type-competences-profession-2017-2021,CSV,donnees,2648,2025-06-02
675e7a2f-2ddc-44fd-aec9-dec9d994d635,81c11e9a-ae9b-4238-aa6b-1fba60d9c5b9,admission-immigrants-actifs-niveau-competences-2017-2021,CSV,donnees,1492,2022-12-22
10acdc76-e78a-4cb6-a495-19ee8d184801,81c11e9a-ae9b-4238-aa6b-1fba60d9c5b9,admission-region-destination-2017-2021,CSV,donnees,2592,2022-12-22
734f425d-eebd-4dd4-9de3-5722493f5027,81c11e9a-ae9b-4238-aa6b-1fba60d9c5b9,admission-quebec-canada-2016-2020,CSV,donnees,358,2022-05-04
cf217dba-027e-4aa3-a9c3-3f8d243bc6a4,81c11e9a-ae9b-4238-aa6b-1fba60d9c5b9,admission-categorie-sexe-2016-2020,CSV,donnees,1007,2022-05-04
b820d8cc-0a5b-4c41-a352-9cbd3029e70d,81c11e9a-ae9b-4238-aa6b-1fba60d9c5b9,admission-connaissance-français-sexe-2016-2020,CSV,donnees,1208,2022-05-04
d9badb8a-e6ad-478d-b3c9-1405e16f24cd,81c11e9a-ae9b-4238-aa6b-1fba60d9c5b9,admission-connaissance-langues-categorie-detaillee-2016-2020,CSV,donnees,9439,2022-05-04
9587330c-afce-4774-9e38-c9ce821a770e,81c11e9a-ae9b-4238-aa6b-1fba60d9c5b9,admission-langue-maternelle-2016-2020,CSV,donnees,2708,2022-05-04
406c0896-9f29-445f-a16d-c800c12134c4,81c11e9a-ae9b-4238-aa6b-1fba60d9c5b9,admission-age-sexe-2016-2020,CSV,donnees,1145,2022-05-04
a9f51cc5-5c53-4bf6-b354-5a13c7eba34d,81c11e9a-ae9b-4238-aa6b-1fba60d9c5b9,admission-continent-region-naissance-2016-2020,CSV,donnees,4763,2022-05-04
23d1854e-c0a1-48cb-9a23-705b01680257,81c11e9a-ae9b-4238-aa6b-1fba60d9c5b9,admission-pays-naissance-sexe-2016-2020,CSV,donnees,1606,2022-05-04
2c278c52-2650-4fc4-8c95-ab1c9d5d69fe,81c11e9a-ae9b-4238-aa6b-1fba60d9c5b9,admission-pays-naissance-2020,CSV,donnees,1513,2022-05-04
4dcfce16-cbf0-4821-98d4-8efe8de59f85,81c11e9a-ae9b-4238-aa6b-1fba60d9c5b9,admission-categorie-detaillee-2016-2020,CSV,donnees,4205,2022-05-04
dacbe4ed-27dd-49cb-bdb7-90330d997739,81c11e9a-ae9b-4238-aa6b-1fba60d9c5b9,admission-continent-pays-naissance-sexe-2016-2020,CSV,donnees,21716,2022-05-04
6bc3102c-0903-420b-a6cf-dd928f48d8f9,81c11e9a-ae9b-4238-aa6b-1fba60d9c5b9,admission-scolarite-15ans-plus-2016-2020,CSV,donnees,1163,2022-08-25
aa0786ad-5c09-4a04-9c27-0a8c5e4d0623,81c11e9a-ae9b-4238-aa6b-1fba60d9c5b9,admission-taux-activité-sexe-2016-2020,CSV,donnees,388,2022-08-25
80e50521-6b88-447a-8b20-9fd9155d0127,81c11e9a-ae9b-4238-aa6b-1fba60d9c5b9,admission-immig-actif-scolarite-sexe-2016-2020,CSV,donnees,1140,2022-08-25
8ef52c12-4f13-4425-ae4c-515e0809aafe,81c11e9a-ae9b-4238-aa6b-1fba60d9c5b9,admission-immigrants-actifs-type-compétence-profession-2016-2020,CSV,donnees,2372,2025-05-29
d8dfd5f1-18ab-4201-a3fc-ac829cd7b021,81c11e9a-ae9b-4238-aa6b-1fba60d9c5b9,Personnes immigrantes actives admises- niveau de compétence-2016-2020 ,CSV,donnees,1421,2022-12-21
611f09df-28c7-46c9-bfe8-c3014f07ed86,81c11e9a-ae9b-4238-aa6b-1fba60d9c5b9,admission-region-destination-2016-2020,CSV,donnees,2534,2022-08-25
da6cb56c-5d35-49d9-9f89-1a4d75b95253,81c11e9a-ae9b-4238-aa6b-1fba60d9c5b9,Description-champs-tab-admission,PDF,support,88159,2022-03-17
e0115187-9870-4cc2-bb3a-3886d7cf80f2,81c11e9a-ae9b-4238-aa6b-1fba60d9c5b9,Portrait-categories-2016-2020,PDF,support,7894671,2022-05-04
0e955540-2033-49d9-afb7-b7f9705a079e,dd2328a3-6033-4389-acdd-48ff87580a76,Planification de l’immigration au Québec pour les années 2024 et 2025,CSV,donnees,1718,2023-11-13
192863ad-1931-4559-9c7c-ce3601f92a9e,dd2328a3-6033-4389-acdd-48ff87580a76,Plan d'immigration du Québec 2024,CSV,donnees,2797,2023-11-13
e1c534c1-5869-4024-ab11-7338422aa5fa,dd2328a3-6033-4389-acdd-48ff87580a76,Description des champs des tableaux de la planification de l'immigration,PDF,support,88227,2024-11-18
06994c41-4fda-4982-8844-8a6745fed703,dd2328a3-6033-4389-acdd-48ff87580a76,Plan d'immigration du Québec 2025,CSV,donnees,2554,2024-11-18
dbd09fb3-0485-4ac9-8ea0-c9e344229323,2b9c7a3c-f655-4e3a-9a53-cc28609e4801,Données non regroupées au 31 mai 2026,XLSX,donnees,30830,2026-06-29
58fb685d-a72d-4110-8430-9274f9295951,2b9c7a3c-f655-4e3a-9a53-cc28609e4801,Données non regroupées au 31 mai 2026,CSV,donnees,39409,2026-06-29
766a93e1-9e89-42bd-8bb4-ec46f29038e4,2b9c7a3c-f655-4e3a-9a53-cc28609e4801,Données non regroupées au 31 décembre 2025,CSV,donnees,202255,2026-02-17
3ed6a54e-a301-440c-91ef-9fe4d9a043cc,2b9c7a3c-f655-4e3a-9a53-cc28609e4801,Données non regroupées au 31 décembre 2025,XLSX,donnees,96506,2026-02-17
5b30463e-7e93-41e5-8676-3676a0468300,2b9c7a3c-f655-4e3a-9a53-cc28609e4801,Données non regroupées 2024,CSV,donnees,287669,2025-09-16
f83f07df-6106-41d9-9bee-1cdb59f9f7b8,2b9c7a3c-f655-4e3a-9a53-cc28609e4801,Données non regroupées 2024,XLSX,donnees,136102,2025-09-16
bc6d1549-4573-4c46-a424-7b505dade62e,2b9c7a3c-f655-4e3a-9a53-cc28609e4801,Données non regroupées 2023,CSV,donnees,270983,2025-09-16
ae6cb055-aee0-49f3-8b63-6dfb068d8efa,2b9c7a3c-f655-4e3a-9a53-cc28609e4801,Données non regroupées 2023,XLSX,donnees,115103,2025-09-16
80fe3054-ff79-48de-a6c8-43916e123b7e,2b9c7a3c-f655-4e3a-9a53-cc28609e4801,Données non regroupées 2022,CSV,donnees,63387,2025-09-16
5ada962a-a4a0-46c8-8cd0-06e6b9f8caec,2b9c7a3c-f655-4e3a-9a53-cc28609e4801,Données non regroupées 2022,XLSX,donnees,40779,2025-11-12
f065cdbb-3435-49dc-9411-fa53e6b95c2b,2b9c7a3c-f655-4e3a-9a53-cc28609e4801,Définition des concepts,PDF,support,NA,2025-09-02
e356cd35-7e07-45de-93be-cacb954f4171,cdbc394b-8c24-4e34-8fc9-35b8b69408a7,Données regroupées au 31 mai 2026,XLSX,donnees,23749,2026-06-29
c660c5b5-6a76-482a-8a7a-513e248c2c9b,cdbc394b-8c24-4e34-8fc9-35b8b69408a7,Données regroupées au 31 mai 2026,CSV,donnees,19875,2026-06-29
4f1137d2-6904-4579-bec1-2b2979efa7e7,cdbc394b-8c24-4e34-8fc9-35b8b69408a7,Données regroupées au 31 décembre 2025,XLSX,donnees,39179,2026-02-17
0e0ca071-88c6-4fb9-b065-573bc9c59a42,cdbc394b-8c24-4e34-8fc9-35b8b69408a7,Données regroupées au 31 décembre 2025,CSV,donnees,45964,2026-02-17
817d1068-518f-4f11-b3f4-cfb5218416bf,cdbc394b-8c24-4e34-8fc9-35b8b69408a7,Données regroupées 2024,XLSX,donnees,43676,2025-10-08
1033f3e2-6e01-40f3-a0be-ec29051c0e6d,cdbc394b-8c24-4e34-8fc9-35b8b69408a7,Données regroupées 2024,CSV,donnees,55206,2025-10-08
3598051a-0b38-470e-a37c-a8cbb70fffba,cdbc394b-8c24-4e34-8fc9-35b8b69408a7,Données regroupées 2023,XLSX,donnees,42811,2025-09-16
dbb25cfb-2a2b-468f-a867-13e68284d8d2,cdbc394b-8c24-4e34-8fc9-35b8b69408a7,Données regroupées 2023,CSV,donnees,58094,2025-10-08
5765c4d5-6e52-4c35-817d-c766bfe31a32,cdbc394b-8c24-4e34-8fc9-35b8b69408a7,Données regroupées 2022,XLSX,donnees,34203,2026-01-19
b07ef100-f581-4b76-9c51-f3658aa5f880,cdbc394b-8c24-4e34-8fc9-35b8b69408a7,Données regroupées 2022,CSV,donnees,45376,2025-10-08
7577f86f-cb82-4469-ab5b-eeaa8444a96c,cdbc394b-8c24-4e34-8fc9-35b8b69408a7,Liste des arrêts de travail 2021,XLSX,donnees,36499,2026-01-19
7bae1ddf-ac93-414b-bbd1-f71d2b9424f0,cdbc394b-8c24-4e34-8fc9-35b8b69408a7,Liste des arrêts de travail 2021,CSV,donnees,47650,2024-10-23
a17b7525-5d5e-4192-a49c-d6a59071cc88,cdbc394b-8c24-4e34-8fc9-35b8b69408a7,Liste des arrêts de travail 2020,CSV,donnees,9805,2024-05-15
9b4f5fc1-076d-4cb5-8d5e-d672ed9dd102,cdbc394b-8c24-4e34-8fc9-35b8b69408a7,Liste des arrêts de travail 2020,XLSX,donnees,14441,2025-03-14
79c6c188-097c-4c77-93c7-1f0ab12cbc25,cdbc394b-8c24-4e34-8fc9-35b8b69408a7,Liste des arrêts de travail 2019,CSV,donnees,20549,2024-05-15
694bf6e6-096f-4f46-b887-903c0060ec97,cdbc394b-8c24-4e34-8fc9-35b8b69408a7,Liste des arrêts de travail 2019,XLSX,donnees,22085,2022-01-14
330304aa-2b34-44a5-a8df-06117d56f22f,cdbc394b-8c24-4e34-8fc9-35b8b69408a7,Liste des arrêts de travail 2018,CSV,donnees,NA,2022-01-14
1b73537e-e323-46a6-8535-b2363dd46b0d,cdbc394b-8c24-4e34-8fc9-35b8b69408a7,Liste des arrêts de travail 2018,XLSX,donnees,NA,2022-01-14
39bd220a-003b-4cbe-acfe-796f0f73ccca,cdbc394b-8c24-4e34-8fc9-35b8b69408a7,Liste des arrêts de travail 2017,CSV,donnees,57606,2024-05-15
d29e7b5b-d5dc-4cd5-af60-dc05b739094d,cdbc394b-8c24-4e34-8fc9-35b8b69408a7,Liste des arrêts de travail 2017,XLSX,donnees,NA,2022-01-14
87912754-0737-47a0-9582-4be600a42417,cdbc394b-8c24-4e34-8fc9-35b8b69408a7,Liste des arrêts de travail 2016,CSV,donnees,42349,2024-11-21
b02670cb-3ba7-43f1-9d21-4acea3091507,cdbc394b-8c24-4e34-8fc9-35b8b69408a7,Liste des arrêts de travail 2016,XLSX,donnees,NA,2022-01-14
7fbc30cb-90fe-4d3b-9b7e-b28b629ce288,cdbc394b-8c24-4e34-8fc9-35b8b69408a7,Liste des arrêts de travail de 1999 à 2015,CSV,donnees,NA,2022-01-14
c935cd23-6295-4325-82ce-a94063887617,cdbc394b-8c24-4e34-8fc9-35b8b69408a7,Liste des arrêts de travail de 1999 à 2015,XLSX,donnees,NA,2022-01-14
efaeb0c4-2398-44a1-b42f-575eb1965217,cdbc394b-8c24-4e34-8fc9-35b8b69408a7,Définition des concepts,PDF,support,119860,2025-09-16
a3fa4011-aac2-4f2f-b4a0-a3f680e2cfd3,21f39629-88f1-4cc4-bbef-cb34276d0685,Liste des conventions collectives en vigueur au Québec au 10 juin 2026,CSV,donnees,2258912,2026-06-15
af5fdbfd-e6b0-477c-9356-639b2cdeb6c4,21f39629-88f1-4cc4-bbef-cb34276d0685,Liste des conventions collectives en vigueur au Québec au 10 juin 2026,XLSX,donnees,999083,2026-06-15
858c766f-8a5b-4c81-900c-e284cd469441,21f39629-88f1-4cc4-bbef-cb34276d0685,Définition des sigles des centrales syndicales,PDF,support,NA,2022-01-14
5b55de41-8abd-4764-945c-34c62119b075,496a06df-7bc8-450a-a6cc-9e24dd267987,Données sur l'indice de croissance des taux de salaires négociés au Québec Avril 2026,CSV,donnees,4763076,2026-04-10
54f74337-18f7-4147-9387-63830378eb9b,496a06df-7bc8-450a-a6cc-9e24dd267987,Données sur l'indice de croissance des taux de salaires négociés au Québec Avril 2026,XLSX,donnees,1981928,2026-04-10
d27f1d1c-fc9a-43c5-918c-994593f035f5,11030b28-274c-4b05-aee2-d52c9911190b,Documents audiovisuels de consultation de la Cinémathèque québécoise en 2026 - CSV,CSV,donnees,1425180,2026-02-02
2d9579e3-4d8d-4c5a-8702-554e0990fa08,11030b28-274c-4b05-aee2-d52c9911190b,Documents audiovisuels de consultation de la Cinémathèque québécoise en 2026 - Structure,CSV,support,1441,2026-01-27
dad143e3-152e-49be-9df2-4b04c203aa6d,21686a8e-2713-481b-abc9-b4bd73427c63,Agenda culturel du Grand Théâtre de Québec,CSV,donnees,NA,2023-06-26
9f821735-eb61-41ef-9f78-f99ed451c047,ea383ac1-9a9c-44d8-89d7-4b533f75e279,Zones industrielles,GeoJSON,donnees,77449,2026-02-09
10510718-8e37-4c0c-9b1a-96b95a8951f1,ea383ac1-9a9c-44d8-89d7-4b533f75e279,Zones industrielles,KMZ,donnees,23216,2024-03-01
77f96dac-db1c-4522-8695-e4f28691f015,ea383ac1-9a9c-44d8-89d7-4b533f75e279,Zones industrielles,SHP,donnees,14915,2026-02-09
fafe8962-b38d-4a98-ad93-25ac8950b8c8,aedd53ac-131d-4141-93c4-8d4211eb2d95,Zonage,GeoJSON,donnees,7781692,2026-02-09
ba97d3d4-1d11-419a-a361-56cf3b88b3ca,aedd53ac-131d-4141-93c4-8d4211eb2d95,Zonage,KMZ,donnees,1953418,2024-03-01
5bffde75-9e94-4282-8158-ec2dce8fefa6,aedd53ac-131d-4141-93c4-8d4211eb2d95,Zonage,SHP,donnees,1423493,2026-02-09
047e9d0d-ae7e-4daf-bd5f-f9ffcff02d27,fd83974a-c85f-4453-bb5f-17fb0f263e3d,Arrondissements,GeoJSON,donnees,148368,2026-02-09
189a2ce1-523d-429a-88eb-328c29f4dd7f,fd83974a-c85f-4453-bb5f-17fb0f263e3d,Arrondissements,KMZ,donnees,43969,2024-03-01
f5e80dbf-4df4-4ff1-afa6-6c6ecf40bbe0,fd83974a-c85f-4453-bb5f-17fb0f263e3d,Arrondissements,SHP,donnees,30217,2026-02-09
60582029-e8bf-45ab-a04a-72478e9449fa,af24e9d8-97ad-4a4f-be93-5f19ecae9e78,Voies ferrées,GeoJSON,donnees,58044,2026-02-09
86f50397-4898-47bb-b214-f0b1b41907c0,af24e9d8-97ad-4a4f-be93-5f19ecae9e78,Voies ferrées,KMZ,donnees,15616,2024-03-01
da88460e-0e44-4a3c-80e9-1936bcaa0165,af24e9d8-97ad-4a4f-be93-5f19ecae9e78,Voies ferrées,SHP,donnees,12647,2026-02-09
52f8963d-c42f-44a1-b81a-d56b470c7a8f,e4c9f147-51f9-4e5d-85a9-5344188781a0,Bibliothèques,GeoJSON,donnees,339,2026-02-09
87f50fd2-3c46-42e5-9fa9-bcab47933e8a,e4c9f147-51f9-4e5d-85a9-5344188781a0,Bibliothèques,KMZ,donnees,1714,2024-03-01
c593d2d5-105f-48ca-9abd-286d1434ad3e,e4c9f147-51f9-4e5d-85a9-5344188781a0,Bibliothèques,SHP,donnees,1359,2026-02-09
8df2e7d1-00aa-4dd6-9c02-597bec311e0d,7c22d077-660a-4180-a558-dbf9c05e844e,Utilisation du sol,GeoJSON,donnees,4244711,2026-02-09
988ba5e6-e70d-4a6d-beab-57532a3bf5b8,7c22d077-660a-4180-a558-dbf9c05e844e,Utilisation du sol,KMZ,donnees,1139799,2024-03-01
f49db086-d70d-414a-aed0-9bb01680160f,7c22d077-660a-4180-a558-dbf9c05e844e,Utilisation du sol,SHP,donnees,866250,2026-02-09
1934d797-22ce-41b7-8180-1cf72e6ecfb0,9fef883c-5bbc-4c9b-bc4e-24f50b416d1d,Stations Bixi,GeoJSON,donnees,1561,2026-02-09
5475bace-4ea4-46c5-a82a-ac5e0b59790b,9fef883c-5bbc-4c9b-bc4e-24f50b416d1d,Stations Bixi,KMZ,donnees,1691,2026-02-09
953bc4e3-7311-4b2f-b6de-728c1b1bfa7a,9fef883c-5bbc-4c9b-bc4e-24f50b416d1d,Stations Bixi,SHP,donnees,1333,2024-03-01
59d5de26-3de6-464a-8fd8-621672cfca30,cfda7ad3-5eef-46ad-9212-371ec5739865,Sites archéologiques,GeoJSON,donnees,4495,2026-02-09
f3af585a-3f74-4af2-a904-34ddc1fa429c,cfda7ad3-5eef-46ad-9212-371ec5739865,Sites archéologiques,KMZ,donnees,2780,2024-03-01
b469788f-5c0f-438a-8fe3-7fdafbf41fe4,cfda7ad3-5eef-46ad-9212-371ec5739865,Sites archéologiques,SHP,donnees,1767,2026-02-09
f6d589c8-0196-4669-b54e-88f5e16d79c2,bf40546c-0f04-45be-b039-c6eaa51d3ab5,Avis de grands travaux,SHP,donnees,6162,2026-07-11
8d59e68f-29ce-4f09-b9bd-c85e58c001aa,bf40546c-0f04-45be-b039-c6eaa51d3ab5,Avis de grands travaux,CSV,donnees,4987,2026-07-11
7e3ffb7a-93bb-44d1-80f2-b74b9d051b3a,bf40546c-0f04-45be-b039-c6eaa51d3ab5,Avis de grands travaux,GeoJSON,donnees,21011,2026-07-11
ac36a60b-55eb-42db-9c49-168051210f98,85fa8f51-28f6-4163-9d96-eab0b185ec10,Zonage,SHP,donnees,1251246,2026-07-09
46527a6d-e0cb-4404-ae9f-9ec2959c6c6f,85fa8f51-28f6-4163-9d96-eab0b185ec10,Zonage,CSV,donnees,136729,2026-07-09
6073d899-4ff3-488a-a4bf-10334638c4ae,85fa8f51-28f6-4163-9d96-eab0b185ec10,Zonage,GeoJSON,donnees,5323897,2026-07-09
ee585a07-bfcc-44fd-b297-d832ace2cd66,85fa8f51-28f6-4163-9d96-eab0b185ec10,Description des champs,PDF,support,519655,2026-04-16
3782af8b-c2ba-4b3b-a734-9f7bad286edd,f3e54b61-5988-450c-9b09-01f823c92242,Sentiers pédestres,SHP,donnees,255079,2026-07-06
2510132d-feb6-47fa-8638-c101df0a7b79,f3e54b61-5988-450c-9b09-01f823c92242,Sentiers pédestres,CSV,donnees,23615,2026-07-06
9c965b2f-1db9-4c61-b0ba-461df3ba7cfc,f3e54b61-5988-450c-9b09-01f823c92242,Sentiers pédestres,GeoJSON,donnees,1070261,2026-07-06
1bd4a231-2662-49f0-a28b-b00beace7ea9,f3e54b61-5988-450c-9b09-01f823c92242,Sentiers pédestres,GPKG,donnees,598016,2026-06-26
a1579c49-5f97-4881-8299-f496eb8270f6,e1d8d2e0-b3f8-4274-a117-4294bf27e710,Regards,SHP,donnees,415250,2026-07-06
1499827d-e16f-4b7a-b540-a93b2549dcb1,e1d8d2e0-b3f8-4274-a117-4294bf27e710,Regards,CSV,donnees,736427,2026-07-06
62727b9d-358e-48a9-ab84-bf6918328dc6,e1d8d2e0-b3f8-4274-a117-4294bf27e710,Regards,GeoJSON,donnees,5331700,2026-07-06
793b898a-d9e6-484d-9b91-32e836e289da,f6db02b5-13cc-4a59-81a4-063cfda3fc75,Conduites d'égout,SHP,donnees,1412514,2026-07-06
93b29790-31d4-48d0-8b46-1abd5dfa4e47,f6db02b5-13cc-4a59-81a4-063cfda3fc75,Conduites d'égout,CSV,donnees,1993578,2026-07-06
a90bfcde-430a-44e3-80b6-a98233c967d9,f6db02b5-13cc-4a59-81a4-063cfda3fc75,Conduites d'égout,GeoJSON,donnees,13455031,2026-07-06
37349bfe-41dd-4be8-8258-6e638f4a5981,c540d295-30f0-4e96-baf5-a631bc681271,Lampadaire,SHP,donnees,328263,2026-07-06
4048daf2-9172-40bb-ad01-6f7c48723c1f,c540d295-30f0-4e96-baf5-a631bc681271,Lampadaire,CSV,donnees,515173,2026-07-06
b7a68d0a-7dc8-4eaf-b0e9-c0c7649d2689,c540d295-30f0-4e96-baf5-a631bc681271,Lampadaire,GeoJSON,donnees,6724493,2026-07-06
b384e66c-8655-4314-b793-0dd63c9e33a9,c540d295-30f0-4e96-baf5-a631bc681271,Lampadaire,GPKG,donnees,2969600,2026-06-26
00b990c9-2a66-46dd-897c-4d50ae65d511,17e9938c-c744-4171-b7bc-53abd7a6d8bc,Réseau routier,SHP,donnees,626040,2026-07-06
2c20aa32-d06c-4ef9-a09b-0e16aa0b2f7c,17e9938c-c744-4171-b7bc-53abd7a6d8bc,Réseau routier,CSV,donnees,754084,2026-07-06
2365b55b-2d1b-4a53-979e-34b29c701b1b,17e9938c-c744-4171-b7bc-53abd7a6d8bc,Réseau routier,GeoJSON,donnees,5043012,2026-07-06
92835855-34e1-45bf-9dfd-339ee33f830c,17e9938c-c744-4171-b7bc-53abd7a6d8bc,Description des champs,PDF,support,526682,2023-11-06
6bd3ec2f-9acb-4028-9a90-f9a4374a6517,17e9938c-c744-4171-b7bc-53abd7a6d8bc,Réseau routier,GPKG,donnees,2334720,2026-06-26
b58bb538-4b97-4ffa-a1cc-4f1d08ba2f1b,aeef7ad2-ab74-473e-818e-e611fd29eb4d,Bouchons,SHP,donnees,20111,2026-07-06
29d91998-ea33-47b7-bc62-8af6d5ed1c44,aeef7ad2-ab74-473e-818e-e611fd29eb4d,Bouchons,CSV,donnees,12632,2026-07-06
3270fe01-ceb2-45eb-b70f-fc5b399316db,aeef7ad2-ab74-473e-818e-e611fd29eb4d,Bouchons,GeoJSON,donnees,175934,2026-07-06
189a191a-b20a-4d99-a7c0-3faaabae5091,7480fa82-4258-4de8-b410-44adf8cbb916,Liste des institutions financières et des agents d’évaluation du crédit,CSV,donnees,321187,2026-06-30
1138b0ab-9bf2-4343-bd8f-2b1a635f6996,7480fa82-4258-4de8-b410-44adf8cbb916,Primes et parts de marché des assureurs,CSV,donnees,831607,2026-06-23
db51422a-7d3d-45c1-bfbe-d9e56739764d,7480fa82-4258-4de8-b410-44adf8cbb916,Données financières annuelles des institutions financières,CSV,donnees,5381034,2026-06-30
a6eb4722-d933-4621-a60b-12f054d4570d,7480fa82-4258-4de8-b410-44adf8cbb916,Dictionnaire de données - Liste des institutions financières et des agents d’évaluation du crédit,PDF,support,193567,2026-06-23
718ff1be-539f-4e2c-a4a9-fde561a30250,7480fa82-4258-4de8-b410-44adf8cbb916,Dictionnaire de données - Primes et parts de marché des assureurs,PDF,support,173090,2026-06-23
44dabfe7-0bc0-46c4-a409-d46a716734ba,7480fa82-4258-4de8-b410-44adf8cbb916,Dictionnaire de données - Données financières annuelles des institutions financières,PDF,support,155590,2026-06-30
4452b1ca-32eb-4d57-81c6-532a09378214,54ff3620-ef80-47fc-b0da-b67deef3ae7a,Zone d’activité du virus du Nil occidental,HTML,cartes,NA,2025-07-11
01276060-5ba3-4662-b13c-abb6be55c8ef,54ff3620-ef80-47fc-b0da-b67deef3ae7a,Zone climatique favorable à la transmission du virus du Nil occidental par Culex pipiens selon les données historiques 1989-2018,HTML,cartes,NA,2025-07-25
f4a785eb-f2ff-4af7-835d-2dd027db709c,54ff3620-ef80-47fc-b0da-b67deef3ae7a,Zone climatique favorable à la transmission du virus du Nil occidental par Culex pipiens - scénario d’émissions de gaz à effet de serre modérées (SSP2-4.5),HTML,cartes,NA,2025-07-25
36afdbc8-0e79-4e04-afdd-74a388058948,54ff3620-ef80-47fc-b0da-b67deef3ae7a,Zone climatique favorable à la transmission du virus du Nil occidental par Culex pipiens - scénario d’émissions de gaz à effet de serre élevées (SSP3-7.0),HTML,cartes,NA,2025-07-25
41058f64-fa5f-4ec3-8930-1e34e5ff3026,54ff3620-ef80-47fc-b0da-b67deef3ae7a,"Site Web de l’INSPQ, cartes de répartition actuelle et future des zoonoses au Québec",HTML,support,NA,2025-07-25
998b3e14-9979-44a5-92a8-b8f90e9ed799,54ff3620-ef80-47fc-b0da-b67deef3ae7a,Rapport méthodologique - Cartographie de la répartition actuelle et future du virus du Nil occidental au Québec en contexte de changements climatiques,HTML,support,NA,2025-07-11
e1b9d682-f353-438c-a761-bcce30d5f9e9,54ff3620-ef80-47fc-b0da-b67deef3ae7a,Fiche synthèse - Zone d’activité du virus du Nil occidental,PDF,support,NA,2025-11-19
a0ddfdfa-a707-4fc1-b574-83381d46eabb,54ff3620-ef80-47fc-b0da-b67deef3ae7a,Fiche synthèse – Zone climatique favorable à la transmission du virus du Nil occidental par Culex pipiens selon les données historiques 1989-2018,HTML,support,NA,2025-07-25
aec124f3-46c4-40e4-8b08-8fd66a43cee0,54ff3620-ef80-47fc-b0da-b67deef3ae7a,"Fiche synthèse – Zone climatique favorable à la transmission du virus du Nil occidental par Culex pipiens aux horizons 2030, 2050 et 2080",HTML,support,NA,2025-07-25
b5608f57-5458-4492-af4c-8239956f1988,54ff3620-ef80-47fc-b0da-b67deef3ae7a,Zone d'activité du virus du Nil occidental,SHP,donnees,11141418,2025-07-23
b3feaa38-35dd-4039-8664-0cd9500beeea,54ff3620-ef80-47fc-b0da-b67deef3ae7a,Zone climatique favorable à la transmission du virus du Nil occidental par Culex pipiens selon les données historiques 1989-2018,SHP,donnees,3090239,2025-07-25
da4652b5-1383-49a6-b920-fc3257a6165f,54ff3620-ef80-47fc-b0da-b67deef3ae7a,Scénario d’émissions de gaz à effet de serre SSP2-4.5 – Horizon 2030 (2021-2050),SHP,donnees,3488407,2025-07-25
8dcf4bf7-0ab8-488d-b06b-53b5fd734367,54ff3620-ef80-47fc-b0da-b67deef3ae7a,Scénario d’émissions de gaz à effet de serre SSP2-4.5 – Horizon 2050 (2041-2070),SHP,donnees,3862406,2025-07-25
f8a2b330-20ea-48fa-ae19-c52369148766,54ff3620-ef80-47fc-b0da-b67deef3ae7a,Scénario d’émissions de gaz à effet de serre SSP2-4.5 – Horizon 2080 (2071-2100),SHP,donnees,4677467,2025-07-25
c1f631b4-81bb-4164-acb4-cb269a967b88,54ff3620-ef80-47fc-b0da-b67deef3ae7a,Scénario d’émissions de gaz à effet de serre SSP3-7.0 – Horizon 2030 (2021-2050),SHP,donnees,3488634,2025-07-25
adb66425-6342-4f67-8821-8a6fea4789ed,54ff3620-ef80-47fc-b0da-b67deef3ae7a,Scénario d’émissions de gaz à effet de serre SSP3-7.0 – Horizon 2050 (2041-2070),SHP,donnees,4068979,2025-07-25
1ba51099-7132-4a88-982d-149d4743a242,54ff3620-ef80-47fc-b0da-b67deef3ae7a,Scénario d’émissions de gaz à effet de serre SSP3-7.0 – Horizon 2080 (2071-2100),SHP,donnees,7583682,2025-09-03
57f4a977-e48e-49f4-b6be-ef2be9429ecf,54ff3620-ef80-47fc-b0da-b67deef3ae7a,Description des champs des fichiers de données,CSV,support,1190,2025-07-25
e6b40e78-cca9-4271-9df4-60bdf9343131,963a87c9-3206-4221-b932-2ec5a0bee0e4,Mines et projets - Carte interactive,HTML,cartes,NA,2022-07-14
def64f94-e9dc-4b50-af14-fec6c54aaedd,963a87c9-3206-4221-b932-2ec5a0bee0e4,Activités minières - Service de cartographie Web ,WMS,web,NA,2022-07-14
5d46f663-9a78-42e6-a851-6c2f2b79e30b,963a87c9-3206-4221-b932-2ec5a0bee0e4,Activités minières - Jeux de données géographiques,SHP,donnees,NA,2022-07-14
a402950c-930d-4c8a-b01a-cc1eabd013bc,963a87c9-3206-4221-b932-2ec5a0bee0e4,Activités minières - Jeux de données géographiques,FGDB,donnees,NA,2022-07-14
bb7dd805-71c5-43a5-bbb0-a3abb5ebbf8e,963a87c9-3206-4221-b932-2ec5a0bee0e4,Activités minières - Jeux de données géographiques,GPKG,donnees,NA,2022-07-14
4f69a341-5fe7-4e38-8eef-8f8df71b3b92,963a87c9-3206-4221-b932-2ec5a0bee0e4,Mines et projets - Jeux de données géographiques,CSV,donnees,NA,2026-05-29
dd526763-d8a0-472a-886b-91d247d65e18,963a87c9-3206-4221-b932-2ec5a0bee0e4,Propriétés d'exploration - Carte interactive,HTML,cartes,NA,2025-10-08
6f03073a-022e-4c8b-a0ee-e9f35d0cbbbd,963a87c9-3206-4221-b932-2ec5a0bee0e4,Mines et projets - flux JSON ,JSON,donnees,NA,2025-10-08
d5150a23-80ce-4fad-9eb5-700b5b707400,963a87c9-3206-4221-b932-2ec5a0bee0e4,Propriétés d'exploration - flux JSON,JSON,donnees,NA,2025-10-08
4ed09ba5-2cd4-4fb3-aecf-124c1d8783a5,963a87c9-3206-4221-b932-2ec5a0bee0e4,Activités minières au Québec,CSV,donnees,NA,2026-07-11
0c66e396-c9ed-4e11-ab56-24a340d4495e,01c1866d-ce44-4f4f-a954-947c79e65811,Géométrie des tesselles,FGDB,donnees,NA,2018-07-17
bdfdb4d3-40cf-4255-bcbd-47925f9f2c07,01c1866d-ce44-4f4f-a954-947c79e65811,Cinquième programme d'inventaire - donnée d'origine,FGDB,donnees,NA,2026-07-10
1593da6a-55fb-4d99-b786-29c1b593f677,01c1866d-ce44-4f4f-a954-947c79e65811,Quatrième programme d'inventaire - donnée d'origine,FGDB,donnees,NA,2017-11-22
edee85d2-df69-49d9-b7e7-82b9c86ea737,01c1866d-ce44-4f4f-a954-947c79e65811,Quatrième programme d'inventaire - dernière version,FGDB,donnees,NA,2017-11-22
48584fe4-aaa5-4072-937f-bb569ebda1ca,01c1866d-ce44-4f4f-a954-947c79e65811,Troisème programme d'inventaire - donnée d'origine,FGDB,donnees,NA,2017-11-22
3b0ab8ab-d4ba-422b-a766-05183d723d4e,01c1866d-ce44-4f4f-a954-947c79e65811,Troisième programme d'inventaire - dernière version,FGDB,donnees,NA,2017-11-22
0474985d-b3bb-4a2d-afd4-ccb27794b618,01c1866d-ce44-4f4f-a954-947c79e65811,Deuxième programme d'inventaire - donnée d'origine,FGDB,donnees,NA,2017-11-22
00df9156-fee8-4152-bf1b-aa047505cebd,01c1866d-ce44-4f4f-a954-947c79e65811,Deuxième programme d'inventaire - dernière version,FGDB,donnees,NA,2017-11-22
5a2ca0ad-6030-4202-afe5-1ef704b2cc89,01c1866d-ce44-4f4f-a954-947c79e65811,Premier programme d'inventaire - donnée d'origine,FGDB,donnees,NA,2017-11-22
b0a5bc72-e13d-4015-a0ae-cb91b9dc9085,01c1866d-ce44-4f4f-a954-947c79e65811,Premier programme d'inventaire - dernière version,FGDB,donnees,NA,2017-11-22
a23ac6ee-2912-47ba-bec5-23fb9ddc3c7d,56490107-06d9-40d4-aa30-37bfab23e00a,AQréseau,SHP,donnees,NA,2026-06-29
7d69edab-10c8-49c0-87df-368a4a6f1f05,56490107-06d9-40d4-aa30-37bfab23e00a,AQréseau,GPKG,donnees,NA,2026-06-29
0404cd3e-5ed5-4ec1-bb5f-2f52c17d9698,56490107-06d9-40d4-aa30-37bfab23e00a,AQréseau,FGDB,donnees,NA,2026-06-29
7caa5243-3063-4882-91e4-064844daeb09,56490107-06d9-40d4-aa30-37bfab23e00a,AQréseau,TAB,donnees,NA,2026-06-29
2d6add88-5144-4edf-84b5-b4641a53a90f,56490107-06d9-40d4-aa30-37bfab23e00a,Service Web d'adresses (AQgéobâti),WMS,web,NA,2026-06-01
d4368f5e-c60a-4934-91fb-e3a3689ef08e,56490107-06d9-40d4-aa30-37bfab23e00a,Service Web routier (AQréseau),WMS,web,NA,2026-06-01
5c157b6b-b48a-407e-b9dd-eab45ee4809c,56490107-06d9-40d4-aa30-37bfab23e00a,Service Web des réseaux de transport (AQréseau+),WMS,web,NA,2026-06-12
64cbcdfc-4dd6-42e7-9a5d-489e775da83b,56490107-06d9-40d4-aa30-37bfab23e00a,Service REST (géocodeur),REST,web,NA,2026-07-09
48161699-adba-4dcc-b5b8-27f699ae2f2a,56490107-06d9-40d4-aa30-37bfab23e00a,Guide de l'utilisateur,PDF,support,NA,2026-04-09
6b22f87f-790b-4be2-92e3-2069dacdf43a,56490107-06d9-40d4-aa30-37bfab23e00a,Guide de l'utilisateur - Outil de géocodage,PDF,support,NA,2024-01-03
7966703c-bbbb-4cca-973a-f87f854cc240,56490107-06d9-40d4-aa30-37bfab23e00a,Carte interactive du réseau routier,HTML,cartes,NA,2024-04-02
bab018ce-1278-4d90-9103-6e4320130ae0,50ea1add-c7d3-4425-a695-e49618cf7ffe,Carte interactive des MNT - HC,HTML,cartes,NA,2026-07-09
2df539cc-4acb-4e91-a0da-e83e5014815e,50ea1add-c7d3-4425-a695-e49618cf7ffe,Service WMS des MNT,WMS,web,NA,2019-02-06
942ac353-27aa-412b-9549-32679595614d,50ea1add-c7d3-4425-a695-e49618cf7ffe,Répertoire des MNT par feuillet 1/50 000,GeoTIFF,donnees,NA,2018-07-04
92f4e388-59ce-4451-8d29-d904fbb10c29,50ea1add-c7d3-4425-a695-e49618cf7ffe,Index de téléchargement (format shp) par feuillet 1/50 000,SHP,donnees,NA,2018-02-22
810dda3d-6d56-44a4-a7e4-3ac15e928cd8,50ea1add-c7d3-4425-a695-e49618cf7ffe,Index de téléchargement (format csv) par feuillet 1/50 000,CSV,donnees,NA,2024-09-11
4faa36e1-b53a-484c-b7d1-aa57e2e3e00d,50ea1add-c7d3-4425-a695-e49618cf7ffe,Index cartographique par feuillet 1/50 000,PDF,support,NA,2018-03-19
8e9b9784-6769-465d-850b-93d1b7d7980c,50ea1add-c7d3-4425-a695-e49618cf7ffe,Répertoire des MNT par feuillet 1/250 000 ,GeoTIFF,donnees,NA,2018-07-04
602a9737-1ca0-456d-966b-bf768863394b,50ea1add-c7d3-4425-a695-e49618cf7ffe,Index de téléchargement (format shp) par feuillet 1/250 000,SHP,donnees,NA,2018-03-19
a3592421-ccef-408d-aea7-f4e79dde7553,50ea1add-c7d3-4425-a695-e49618cf7ffe,Index de téléchargement (format csv) par feuillet 1/250 000,CSV,donnees,NA,2026-01-07
994600bf-4b03-4ba6-bb26-d10c78e89942,50ea1add-c7d3-4425-a695-e49618cf7ffe,Index cartographique par feuillet 1/250 000,PDF,support,NA,2018-03-19
cb77d801-4009-48f3-881e-3bf350f4ee0a,50ea1add-c7d3-4425-a695-e49618cf7ffe,Service WMTS des MNT,WMTS,web,NA,2019-04-02
22ee6f7e-2d58-4a9d-9452-ba6fcce9aa2a,50ea1add-c7d3-4425-a695-e49618cf7ffe,Carte de téléchargement par feuillet 1/50 000,HTML,cartes,NA,2026-07-09
d2853cca-a187-4b59-9db1-72b96d0cffad,50ea1add-c7d3-4425-a695-e49618cf7ffe,Carte de téléchargement par feuillet 1/250 000,HTML,cartes,NA,2026-07-09
fd1fa747-2e91-47c7-8b4b-e7ad369126c2,35c88555-9160-4b3f-ac67-2c2319650d82,Index de téléchargement (format shp) ,SHP,donnees,NA,2019-01-30
c96bba27-841f-4411-907f-a67a25d5320a,35c88555-9160-4b3f-ac67-2c2319650d82,Index de téléchargement (format csv),CSV,donnees,NA,2026-06-01
5c7e1101-5dcd-4269-a81d-5b31c3cc1db2,35c88555-9160-4b3f-ac67-2c2319650d82,Répertoire complet (format shp),SHP,donnees,NA,2019-01-30
0a5d6928-ed69-45be-9945-0bffa4ac9d5b,35c88555-9160-4b3f-ac67-2c2319650d82,Service WMS,WMS,web,NA,2026-07-06
682d914f-5f6e-41ae-81af-6db5f3ef0feb,35c88555-9160-4b3f-ac67-2c2319650d82,Carte interactive de la couche hypsométrique,HTML,cartes,NA,2022-01-18
6cc2dba4-2695-4aff-9743-0521dd8167a8,35c88555-9160-4b3f-ac67-2c2319650d82,Carte de téléchargement par feuillet,HTML,cartes,NA,2026-07-09
2df157af-74cf-4b53-af9d-1d3ccee0d6e1,722bfd5d-408e-4127-8008-121905ee24a5,Index de téléchargement (format shp),SHP,donnees,NA,2019-03-11
273f1371-d9cc-435e-9088-07e809c8ef37,722bfd5d-408e-4127-8008-121905ee24a5,Index de téléchargement (format csv),CSV,donnees,NA,2026-07-06
ee0265f7-6c09-47b4-a8d5-397f476d002a,722bfd5d-408e-4127-8008-121905ee24a5,Répertoire complet (format Bin),BIN,donnees,NA,2019-03-11
3f66b962-28c8-4872-9c88-9492e042a55b,722bfd5d-408e-4127-8008-121905ee24a5,Répertoire complet (format Grid),GRID,donnees,NA,2019-03-11
008b7f85-82f3-4d7c-bac1-2bb926797fae,722bfd5d-408e-4127-8008-121905ee24a5,Informations sur les modèles numériques d'altitude à l'échelle de 1/20 000,PDF,support,NA,2019-03-11
84bd2f47-539d-4985-8901-15ae3ff8151f,722bfd5d-408e-4127-8008-121905ee24a5,Carte de téléchargement par feuillet,HTML,cartes,NA,2026-07-09
67661401-ea85-4f53-a5ba-ffc4e690449e,ba2c19ec-e7c5-468b-83df-c5879263c925,Carte de téléchargement des unités de découpage hydrographique (UDH),HTML,cartes,NA,2026-07-09
61e4d2b2-9022-4a2b-824a-bd90b8c22639,ba2c19ec-e7c5-468b-83df-c5879263c925,Index de téléchargement (format GeoJSON),GeoJSON,donnees,NA,2026-03-12
f2e299f2-20a8-4c64-8ce3-de10158dd624,ba2c19ec-e7c5-468b-83df-c5879263c925,Guide d’utilisation (PDF),PDF,support,NA,2025-07-18
404ba055-e6ff-43c4-950b-a20aa3f04a3c,ba2c19ec-e7c5-468b-83df-c5879263c925,Index de téléchargement (format csv),CSV,donnees,NA,2026-03-12
556b61de-9046-40da-beea-3775c98e4cb0,ba2c19ec-e7c5-468b-83df-c5879263c925,Foire aux questions (FAQ) ,PDF,support,NA,2026-03-12
389e0d1f-08e9-48a8-b848-96a20c6472df,bfbdeb1d-8398-444b-ad78-ab81f9d14e60,Index de téléchargement (format shp),SHP,donnees,NA,2024-04-10
4ef6703f-0ecb-46a0-bdb4-7074f00ff514,bfbdeb1d-8398-444b-ad78-ab81f9d14e60,Index de téléchargement (format csv),CSV,donnees,NA,2025-07-21
abd9856f-3264-4344-99a3-47d1ff2318e6,bfbdeb1d-8398-444b-ad78-ab81f9d14e60,Répertoire complet (format FGDB),FGDB,donnees,NA,2026-06-02
8e997dc8-d1a5-4fd1-acac-aca83c50e7af,bfbdeb1d-8398-444b-ad78-ab81f9d14e60,Guide de l'utilisateur,PDF,support,NA,2019-11-13
190d634b-f267-4a06-8d0d-2951e05fa42d,bfbdeb1d-8398-444b-ad78-ab81f9d14e60,Carte de téléchargement des unités de découpage hydrographique (UDH),HTML,cartes,NA,2026-07-09
875c655c-7565-4573-bfc9-3386329ea45e,bfbdeb1d-8398-444b-ad78-ab81f9d14e60,Inventaire des unités de découpage hydrographique (UDH) disponibles (format shp),SHP,donnees,NA,2024-04-10
f933b563-52a0-4c21-af08-f22687f566bf,bfbdeb1d-8398-444b-ad78-ab81f9d14e60,Service WMS (GRHQ simple),WMS,web,NA,2026-06-01
4093dbad-dc7c-4b1c-89a9-b028506a0f0a,bfbdeb1d-8398-444b-ad78-ab81f9d14e60,Service WMS (GRHQ détaillée),WMS,web,NA,2026-07-09
444fbe47-a581-4f60-adc1-e3582503b6f7,bfbdeb1d-8398-444b-ad78-ab81f9d14e60, Légendes de la géobase du réseau hydrographique du Québec,PDF,support,NA,2026-04-09
fce7cbe7-ecbf-4fac-aa5d-86cd36a1a2a3,f8a454d8-f1ce-440d-b009-913795319321,Carte interactive,HTML,cartes,NA,2025-06-19
276a644c-8740-4b3f-b8c8-30b70f3afe9e,f8a454d8-f1ce-440d-b009-913795319321,Index de téléchargement et métadonnées :,SHP,donnees,NA,2025-06-19
2f3f284f-e50c-4c87-98e0-150b34858aac,f8a454d8-f1ce-440d-b009-913795319321,Index de téléchargement et métadonnées :,GPKG,donnees,NA,2025-06-19
c22c4707-26c3-457d-906f-d652b22db27e,f8a454d8-f1ce-440d-b009-913795319321,Index de téléchargement et métadonnées :,CSV,donnees,NA,2025-06-19
2d7d2422-d871-47c0-b73a-247a824e3426,f8a454d8-f1ce-440d-b009-913795319321,Mosaïque d’orthophotographies aériennes :,WMS,web,NA,2025-06-19
5d52bb0f-99a5-47dd-a33f-afd70858a90b,f8a454d8-f1ce-440d-b009-913795319321,Index de téléchargement : ,WMS,web,NA,2025-09-08
1eddc9ec-9953-4446-8c24-dc2433174003,f8a454d8-f1ce-440d-b009-913795319321,Mosaïques d'orthophotos de la MRC de D'Autray - printemps 2024,JPEG2000,donnees,NA,2025-09-09
1ee4f2da-3aa7-4b44-b5fd-b85a53ee33f6,f8a454d8-f1ce-440d-b009-913795319321,Mosaïques d'orthophotos de la MRC de Joliette - printemps 2024,JPEG2000,donnees,NA,2025-09-09
a994866b-c1f4-4511-9fa9-d2e8d37eb677,f8a454d8-f1ce-440d-b009-913795319321,Mosaïques d'orthophotos de la MRC de Matawinie - printemps 2023,JPEG2000,donnees,NA,2025-09-09
a915773e-a4b0-4d2e-bd3e-17bb468ad6f5,f8a454d8-f1ce-440d-b009-913795319321,Mosaïques d'orthophotos de la MRC de Matawinie - printemps 2024,JPEG2000,donnees,NA,2025-09-09
5af5ff3a-3b40-4924-9085-e15a6fbcbef9,f8a454d8-f1ce-440d-b009-913795319321,Mosaïques d'orthophotos de la MRC de Montcalm - printemps 2024,JPEG2000,donnees,NA,2025-09-09
69528b8b-986a-4d8f-89b1-5e4a206e3508,172e08c8-b25b-4f45-a191-48e960bdfc38,Carte interactive,HTML,cartes,NA,2026-02-19
3efe0cda-55e4-4ba1-bc34-ce81e463b746,172e08c8-b25b-4f45-a191-48e960bdfc38,Index de téléchargement et métadonnées,SHP,,NA,2026-02-19
2a84ed0a-b2c6-4f60-91ac-bac7788bd737,172e08c8-b25b-4f45-a191-48e960bdfc38,Index de téléchargement et métadonnées ,GPKG,donnees,NA,2026-02-19
c7690daf-dd37-4e88-880f-657126507254,172e08c8-b25b-4f45-a191-48e960bdfc38,Index de téléchargement et métadonnées ,CSV,donnees,NA,2026-02-19
9cda30c9-003b-450f-86a2-8751d6169fde,172e08c8-b25b-4f45-a191-48e960bdfc38,Mosaïque d’orthophotographies aériennes,WMS,web,NA,2026-02-19
8012bc7e-a547-4a35-aacf-d7eb627397e8,172e08c8-b25b-4f45-a191-48e960bdfc38,Index de téléchargement ,WMS,web,NA,2026-02-19
51c297e0-5fb1-43ea-8f04-80c7b8a8b117,39d94a43-4b6c-4423-930b-4bfdfd1e6b63,Carte interactive des stations hydrométriques,HTML,cartes,NA,2026-03-19
ca1eddfb-4db0-430a-8bd2-f73fa072af47,39d94a43-4b6c-4423-930b-4bfdfd1e6b63,previsions_publiques,CSV,donnees,296396,2026-07-11
b1b43490-d179-42fb-bfe2-c59523b4c783,39d94a43-4b6c-4423-930b-4bfdfd1e6b63,sites_prevision,GeoJSON,donnees,69110,2026-07-11
30f1f92e-cd94-400d-86c1-48b0ecb9dc29,39d94a43-4b6c-4423-930b-4bfdfd1e6b63,sites_prevision,CSV,donnees,5601,2026-07-11
cb8a432d-585b-4bb6-a6b6-8601ab68fcab,02c6e042-c3a4-491d-a9e4-501308548a8e,"Données horaires des 24 dernières heures groupées par station, date et phénomène météorologique",CSV,donnees,NA,2026-07-11
12606b52-661f-4fbe-a0e2-ac7e060fa6b8,02c6e042-c3a4-491d-a9e4-501308548a8e,"Données horaires des 30 derniers jours groupées par station, date et phénomène météorologique",CSV,donnees,NA,2026-07-11
93a32d97-90ee-41f6-8fc2-464ce520bb0e,02c6e042-c3a4-491d-a9e4-501308548a8e,Données horaires des 24 dernières heures,CSV,donnees,NA,2026-07-11
114cbb29-262c-4915-866f-330604f7ff4b,02c6e042-c3a4-491d-a9e4-501308548a8e,Données horaires des 30 derniers jours,CSV,donnees,NA,2026-07-11
df3e4170-a4d9-409c-8d05-8bff00c2ae38,02c6e042-c3a4-491d-a9e4-501308548a8e,"Données horaires des 24 dernières heures groupées par station, date et phénomène météorologique",GeoJSON,donnees,NA,2026-07-11
d71b59f3-2cdf-460b-9786-3686b5c5218a,02c6e042-c3a4-491d-a9e4-501308548a8e,Index des liens de téléchargement des fichiers horaires (format RMCQ),CSV,donnees,NA,2026-07-11
f485185c-b5cf-44b4-9f62-b396b8da2820,02c6e042-c3a4-491d-a9e4-501308548a8e,Liste des stations,CSV,support,22130,2026-06-22
ec9f420f-6e3e-4e5b-b06a-acac777f71fa,02c6e042-c3a4-491d-a9e4-501308548a8e,Liste des définitions de données,CSV,support,4580,2026-06-29
80948fa8-f1ac-4aab-b7ef-084ede962799,02c6e042-c3a4-491d-a9e4-501308548a8e,"Données horaires des 24 dernières heures groupées par station, date et phénomène météorologique",PARQUET,donnees,NA,2026-07-11
e4df9d72-5d7d-4802-a487-649208c02f25,02c6e042-c3a4-491d-a9e4-501308548a8e,"Données horaires des 30 derniers jours groupées par station, date et phénomène météorologique",PARQUET,donnees,NA,2026-07-11
ccce66e0-0a3a-4d48-a9c1-706df15d011b,02c6e042-c3a4-491d-a9e4-501308548a8e,Données horaires des 24 dernières heures,PARQUET,donnees,NA,2026-07-11
fca488a7-eeb8-4c54-a10a-768825bbafd8,02c6e042-c3a4-491d-a9e4-501308548a8e,Données horaires des 30 derniers jours,PARQUET,donnees,NA,2026-07-11
d551d905-018c-44f1-9d3d-6d7d96af7d1d,8d80e377-c030-412d-923a-1755dd62ff4c,Répertoire des terrains contaminés (GTC),FGDB,donnees,NA,2026-07-11
969a3689-04da-4dd4-b04b-ce211df19a88,8d80e377-c030-412d-923a-1755dd62ff4c,Répertoire des terrains contaminés (GTC),PDF,support,NA,2022-10-04
86552017-bbc7-4cf1-82dd-512d17128b77,8d80e377-c030-412d-923a-1755dd62ff4c,Repère GTC,HTML,cartes,NA,2019-08-16
09afbfb6-eeac-44fb-86ef-d8b6ce4b739a,8d80e377-c030-412d-923a-1755dd62ff4c,Répertoire des terrains contaminés (GTC),GPKG,donnees,NA,2026-07-11
3ffeb7a7-0f93-44a3-8eec-6c47276279f7,8d80e377-c030-412d-923a-1755dd62ff4c,Répertoire des terrains contaminés (GTC),WMS,web,NA,2020-05-13
26d94ed5-edc6-442b-ac82-30bbfc68c6a2,8d80e377-c030-412d-923a-1755dd62ff4c,Répertoire des terrains contaminés (GTC),REST,web,NA,2020-05-13
9361dbd3-34c0-400f-9b2e-e5fb60adfc7c,d9564fe0-6d50-4f89-b12e-47a461e1f68e,Prélèvements autorisés - Atlas de l'eau,WEB,cartes,NA,2026-07-02
037b050b-92c8-4ed6-bb3f-53b68a299508,d9564fe0-6d50-4f89-b12e-47a461e1f68e,Prélèvements d’eau et volumes autorisés par le MELCCFP ,GeoJSON,donnees,880443,2026-04-09
2e586042-2b14-4b70-994c-4caa5d1ed18e,d9564fe0-6d50-4f89-b12e-47a461e1f68e,Prélèvements d’eau et volumes autorisés par le MELCCFP,GPKG,donnees,606208,2026-04-09
77d6e65c-d74a-42d1-861d-b64a740015b0,d9564fe0-6d50-4f89-b12e-47a461e1f68e,Prélèvements d’eau et volumes autorisés par le MELCCFP,FGDB,donnees,128609,2026-04-09
86921416-c677-42fc-8e6f-39efdf286a74,d9564fe0-6d50-4f89-b12e-47a461e1f68e,Prélèvements d’eau et volumes autorisés par le MELCCFP ,SHP,donnees,596364,2026-07-08
5c090292-a681-4413-9399-f17bcdf62753,d9564fe0-6d50-4f89-b12e-47a461e1f68e,Prélèvements d’eau et volumes autorisés par le MELCCFP,CSV,donnees,187066,2026-04-09
24b357f1-fd58-44a7-8cd3-7098645ae907,d9564fe0-6d50-4f89-b12e-47a461e1f68e,Métadonnées - Prélèvements et volumes d'eau autorisés par le MELCCFP,PDF,support,200641,2026-07-02
d2cc207b-c62f-46b3-b738-f09b44fe82c2,d9564fe0-6d50-4f89-b12e-47a461e1f68e,Prélèvements d’eau et volumes autorisés par le MELCCFP,XLSX,donnees,133436,2026-04-09
91376476-f481-48b9-a76e-e9b01037aca7,d9564fe0-6d50-4f89-b12e-47a461e1f68e,Prélèvements d’eau et volumes autorisés par le MELCCFP,REST,web,NA,2026-05-05
032c811c-382e-495e-8f00-02f0ab8fa786,d9564fe0-6d50-4f89-b12e-47a461e1f68e,Prélèvements d’eau et volumes autorisés par le MELCCFP,WMS,web,NA,2026-07-02
88bb222c-3530-4761-a7e0-77b3f0dd89f3,d9564fe0-6d50-4f89-b12e-47a461e1f68e,Métadonnées - Usages de l’eau par municipalité,PDF,support,290705,2026-07-08
d2d94b7c-d2b6-41a4-bb1c-3b80c54e2e77,d9564fe0-6d50-4f89-b12e-47a461e1f68e,Usages de l'eau par municipalité,XLSX,donnees,668387,2026-07-02
298230ff-9c62-4f77-8be2-7f7fd9aab0b6,d9564fe0-6d50-4f89-b12e-47a461e1f68e,Usages de l'eau par municipalité,CSV,donnees,639789,2026-07-02
28b000b4-45b1-4f02-8792-379e49eb291d,d9564fe0-6d50-4f89-b12e-47a461e1f68e,Usages de l’eau par municipalité,SHP,donnees,47968348,2026-07-08
796a5b82-b1a6-41e2-a687-e37a171d8c6d,2a0df569-5b31-49ea-a558-89b3e4c933d6,Base de données SIH,FGDB,donnees,NA,2026-07-01
789c4657-b600-4bd4-adc1-c18ddaa2c984,2a0df569-5b31-49ea-a558-89b3e4c933d6,Métadonnées du SIH,PDF,support,305474,2026-04-15
e8341c81-8427-48ad-be9a-45a64e4a74f5,2a0df569-5b31-49ea-a558-89b3e4c933d6,Couche de données SIH,GPKG,donnees,NA,2026-07-01
56e32b2e-1cab-4e48-be82-316a27efa6a7,2a0df569-5b31-49ea-a558-89b3e4c933d6,Puits et forages - SIH,WMS,web,NA,2026-06-03
c5a9f1e0-f9e0-4680-82ba-0d052cd5f0e1,2a0df569-5b31-49ea-a558-89b3e4c933d6,Puits et forages - SIH,REST,web,NA,2026-06-03
62f39088-2abf-4eaa-8517-29d257ea91c9,2a0df569-5b31-49ea-a558-89b3e4c933d6,Carte interactive,HTML,cartes,NA,2024-01-01
31f8333b-46ad-4c22-87d1-7b1cd6984bab,d1d4ea08-a533-4447-9144-89e091f02e20,Occurrences d'espèces en situation précaire (GPKG),GPKG,donnees,132247552,2026-06-30
dbe2953e-a745-4685-9d2b-944bb7be2f08,d1d4ea08-a533-4447-9144-89e091f02e20,Occurrences d'espèces en situation précaire (FGDB),FGDB,donnees,32465195,2026-06-30
4ef01c0d-c510-4c5c-86ac-902a06fb473c,d1d4ea08-a533-4447-9144-89e091f02e20,Carte des occurrences d'espèces en situation précaire,HTML,cartes,NA,2022-04-27
2291e506-4618-4e30-b110-abfd91b618ee,d1d4ea08-a533-4447-9144-89e091f02e20,Métadonnées de la couche des occurrences en situation précaire,XLSX,support,20204,2026-02-27
03a0696a-b5d5-4955-a7a3-208d85724737,d1d4ea08-a533-4447-9144-89e091f02e20,Occurrences d'espèces en situation précaire (WMS),WMS,web,NA,2024-02-29
44ccc3b6-625a-4318-ab06-0557aa37e81e,40af76ee-c690-4506-a01e-cce862e121ec,Examens prescrits ou reconnus pour la certification relative à la vente ou à l'utilisation de pesticides,XLSX,donnees,29891,2026-06-26
3ba2b507-8698-4411-80f5-a2aec5478b91,40af76ee-c690-4506-a01e-cce862e121ec,Examens prescrits pour la certification relative à la vente ou à l'utilisation de pesticides,CSV,donnees,9852,2026-06-29
5bafb727-061d-4434-8c93-420bfb5eb7c3,40af76ee-c690-4506-a01e-cce862e121ec,Examens reconnus pour la certification relative à la vente ou à l'utilisation de pesticides,CSV,donnees,59149,2026-01-21
8619ae6e-452b-4cc0-8744-b170c263b443,40af76ee-c690-4506-a01e-cce862e121ec,Description des champs,PDF,support,55709,2026-06-26
fae9769d-ef7d-4e7f-805f-079ee29cf292,f52f4792-4c46-48cb-8073-d10d0faaeaef,Normales mensuelles 1991-2020,CSV,donnees,565126,2026-03-18
c1be9190-6ed2-4bad-a50b-c89e3ec44d50,f52f4792-4c46-48cb-8073-d10d0faaeaef,Normales mensuelles 1991-2020,GeoJSON,donnees,2883608,2026-03-18
cffa7c37-09ed-44c6-a7d3-94ae3c1680b3,5f3f1ffd-ce4a-4637-9daf-a00bad2637b3,Suspension Permis,CSV,donnees,159,2026-07-02
40105615-3abf-414b-bcba-182e8f2c5eb2,515374ee-ce34-464f-9875-7d1af3fa9b2a,Liste des condamnations,CSV,donnees,1740705,2026-07-02
3e7a2432-b533-4e8c-8ac0-143643412e5a,49ab4c18-843f-46c3-8b2c-9e6901808b10,Rapport cumulatif de l'inspection des aliments,CSV,donnees,1375428,2026-06-05
d004fb28-90fc-4747-9846-43e8ec4d960f,52fac8e2-9e96-4e63-82a8-2bc921ed51fa,Nombre de membres selon le genre par ordre professionnel du 1er avril 2024 au 31 mars 2026,CSV,donnees,7221,2026-06-09
cc8fe689-2bf3-41bd-a731-7f155673d875,52fac8e2-9e96-4e63-82a8-2bc921ed51fa,Nombre de membres selon la région administrative par ordre professionnel du 1er avril 2024 au 31 mars 2026,CSV,donnees,10199,2026-06-09
b45cbc6d-6664-4b0d-b429-3347241d4dd9,52fac8e2-9e96-4e63-82a8-2bc921ed51fa,"Sanctions, interventions et autres mesures de remédiation prises au regard de la formation continue du 1er avril 2024 au 31 mars 2025",CSV,donnees,2369,2026-07-08
1360346a-5d2d-4793-ad74-dbfff84219ae,52fac8e2-9e96-4e63-82a8-2bc921ed51fa,Statut des ordres professionnels au regard de la formation continue de ses membres du 1er avril 2024 au 31 mars 2025,CSV,donnees,3485,2026-07-08
574410d9-5e1f-4626-9d92-368168a52746,52fac8e2-9e96-4e63-82a8-2bc921ed51fa,Enquêtes et plaintes disciplinaires du 1er avril 2024 au 31 mars 2025,CSV,donnees,2370,2026-07-08
46d6babd-4cf3-4830-9b7b-87b3a9ae01dc,52fac8e2-9e96-4e63-82a8-2bc921ed51fa,Principales activités des comités de révision des décisions des syndics du 1er avril 2024 au 31 mars 2025,CSV,donnees,2660,2026-07-08
b80a55fa-3ca1-4611-a97e-6842bf0df7c4,52fac8e2-9e96-4e63-82a8-2bc921ed51fa,Plaintes déposées aux conseils de discipline du 1er avril 2024 au 31 mars 2025,CSV,donnees,2388,2026-07-08
0041e0f2-8cd7-4901-95a3-4ec0697cbace,52fac8e2-9e96-4e63-82a8-2bc921ed51fa,Enquêtes et plaintes pénales pour exercice illégal ou pour usurpation de titre du 1er avril 2024 au 31 mars 2025,CSV,donnees,2536,2026-07-08
4b840e11-a48a-4023-9e0d-461937414127,52fac8e2-9e96-4e63-82a8-2bc921ed51fa,Montant de la cotisation annuelle de la classe de membres principale par ordre professionnel du 1er avril 2024 au 31 mars 2025,CSV,donnees,1884,2026-07-08
c2b2a059-9603-469c-b027-c594fd6c80bb,52fac8e2-9e96-4e63-82a8-2bc921ed51fa,Nombre d'employés équivalents à temps complet par 1000 membres du 1er avril 2024 au 31 mars 2025,CSV,donnees,2958,2026-07-08
f9cdd877-dd33-425c-a11e-f28279036edd,52fac8e2-9e96-4e63-82a8-2bc921ed51fa,"Produits, charges, excédent ou déficit et avoir net du 1er avril 2024 au 31 mars 2025",CSV,donnees,3668,2026-07-08
3d6a2481-4f09-482c-aa4a-894d53a6b29f,52fac8e2-9e96-4e63-82a8-2bc921ed51fa,Principaux postes de produits du 1er avril 2024 au 31 mars 2025,CSV,donnees,4067,2026-07-08
65d71493-c598-457f-b855-2808fe24bf2d,52fac8e2-9e96-4e63-82a8-2bc921ed51fa,Principaux postes de charges du 1er avril 2024 au 31 mars 2025,CSV,donnees,4050,2026-07-08
b91d06f5-d0df-463b-9038-76bce263be47,52fac8e2-9e96-4e63-82a8-2bc921ed51fa,Portrait des présidences du 1er avril 2024 au 31 mars 2025,CSV,donnees,4165,2026-07-08
4b3dc8c7-04f3-47d9-a831-9de486868eff,52fac8e2-9e96-4e63-82a8-2bc921ed51fa,Portrait des directions générales et des secrétariats du 1er avril 2024 au 31 mars 2025,CSV,donnees,4846,2026-07-08
882ba428-ca0d-4767-b397-9439fdfecaea,39d056da-026e-45e0-b9c2-79a43d4ddc5b,Carte de téléchargement,HTML,cartes,NA,2025-06-12
fba6ce07-a29a-49b0-949b-5beb1be4fd3c,39d056da-026e-45e0-b9c2-79a43d4ddc5b,Index de téléchargement et métadonnées,SHP,donnees,NA,2026-02-11
4611327a-ded2-48d5-8471-48a4ee1efb1c,39d056da-026e-45e0-b9c2-79a43d4ddc5b,Index de téléchargement et métadonnées,CSV,donnees,NA,2025-06-20
4813d441-41be-43dd-9672-b4ce9300abed,39d056da-026e-45e0-b9c2-79a43d4ddc5b,Mosaïque d’orthophotographies aériennes,WMS,web,NA,2025-06-17
e5351df9-15cd-4d53-8438-f74371014347,39d056da-026e-45e0-b9c2-79a43d4ddc5b,Index de téléchargement,WMS,web,NA,2025-06-13
5ba96c31-e053-46cb-879b-337df2c7fe97,6718be69-b5b6-42f4-909b-2b37c01a0ef0,Statistiques constats signifiés radar-photo en date du 2026-06-01,CSV,donnees,28957,2026-06-02
3f9261bb-e2ee-4e4e-ba6e-3602f11657fe,6718be69-b5b6-42f4-909b-2b37c01a0ef0,Statistiques constats signifiés radar-photo en date du 2026-05-01,CSV,donnees,28876,2026-05-06
e31ca2a4-cb80-4eb0-b1a3-df360417c47c,6718be69-b5b6-42f4-909b-2b37c01a0ef0,Statistiques constats signifiés radar-photo en date du 2026-04-01,CSV,donnees,28870,2026-05-06
5ba3fa66-f46d-43eb-ad1d-ea94d1255f0b,6718be69-b5b6-42f4-909b-2b37c01a0ef0,Statistiques constats signifiés radar-photo en date du 2026-03-01,CSV,donnees,28788,2026-03-09
12404555-0996-4396-a21e-d2bba5635a72,6718be69-b5b6-42f4-909b-2b37c01a0ef0,Statistiques constats signifiés radar-photo en date du 2026-02-01,CSV,donnees,28777,2026-02-03
b8209fe4-52a9-4006-a96e-ca10d6219633,6718be69-b5b6-42f4-909b-2b37c01a0ef0,Statistiques constats signifiés radar-photo en date du 2026-01-01,CSV,donnees,28532,2026-01-13
7ed038a8-a636-4d8d-baa7-17e586ec8bc4,6718be69-b5b6-42f4-909b-2b37c01a0ef0,Statistiques constats signifiés radar-photo en date du 2025-12-01,CSV,donnees,28452,2025-12-02
78dd02e7-a0ef-4952-9471-de42c2aaeefc,6718be69-b5b6-42f4-909b-2b37c01a0ef0,Statistiques constats signifiés radar-photo en date du 2025-11-01,CSV,donnees,28296,2025-11-04
891c81b0-97de-44a9-bcb2-5104d9043af9,6718be69-b5b6-42f4-909b-2b37c01a0ef0,Statistiques constats signifiés radar-photo en date du 2025-10-01,CSV,donnees,28049,2025-10-01
d5c87759-0d55-4ee8-a702-33575dc5a8cf,6718be69-b5b6-42f4-909b-2b37c01a0ef0,Statistiques constats signifiés radar-photo en date du 2025-09-01,CSV,donnees,27884,2025-09-02
dec31be3-5e03-4702-b0e9-e5c27d313ea4,6718be69-b5b6-42f4-909b-2b37c01a0ef0,Statistiques constats signifiés radar-photo en date du 2025-08-01,CSV,donnees,27718,2025-08-26
d020bf7b-c5ee-4aa3-ab46-c0fc264fd04b,6718be69-b5b6-42f4-909b-2b37c01a0ef0,Statistiques constats signifiés radar-photo en date du 2025-07-01,CSV,donnees,27323,2025-08-26
36dea15d-a7c6-4e9e-ab7c-0d2d8d71b2dd,6718be69-b5b6-42f4-909b-2b37c01a0ef0,Statistiques constats signifiés radar-photo en date du 2025-06-01,CSV,donnees,27086,2025-06-11
c3d176ce-f0c2-4bb6-b729-78eab14291da,6718be69-b5b6-42f4-909b-2b37c01a0ef0,Statistiques constats signifiés radar-photo en date du 2025-05-01,CSV,donnees,26852,2025-08-26
c2a93c7f-ed6a-439b-8d0a-e23d7909c840,6718be69-b5b6-42f4-909b-2b37c01a0ef0,Statistiques constats signifiés radar-photo en date du 2025-04-01,CSV,donnees,26848,2025-06-11
2c2bdcdc-e7c6-40da-a192-1b88bc68ca95,6718be69-b5b6-42f4-909b-2b37c01a0ef0,Statistiques constats signifiés radar-photo en date du 2025-03-01,CSV,donnees,26787,2025-06-11
59bc8ee4-9a3b-4aa3-b2f2-9e59b3bd9f14,6718be69-b5b6-42f4-909b-2b37c01a0ef0,Statistiques constats signifiés radar-photo en date du 2025-02-01,CSV,donnees,26786,2025-06-11
f69da2f0-c08a-4c27-a2f4-b6db6d5a80cf,6718be69-b5b6-42f4-909b-2b37c01a0ef0,Statistiques constats signifiés radar-photo en date du 2025-01-01,CSV,donnees,26964,2025-01-06
643ff4b0-dcc0-4c20-9cdc-d8c7e0904cb7,6718be69-b5b6-42f4-909b-2b37c01a0ef0,Statistiques constats signifiés radar-photo en date du 2024-12-01,CSV,donnees,26868,2024-12-02
f7ed33ed-607e-4a3e-88fc-baecc49300ae,6718be69-b5b6-42f4-909b-2b37c01a0ef0,Statistiques constats signifiés radar-photo en date du 2024-11-01,CSV,donnees,26780,2024-11-05
bd009e87-d63d-4963-ae98-6736db6416d8,6718be69-b5b6-42f4-909b-2b37c01a0ef0,Statistiques constats signifiés radar-photo en date du 2024-10-01,CSV,donnees,26558,2024-10-07
3568b73d-a7ca-4ffb-81fb-94931166e615,6718be69-b5b6-42f4-909b-2b37c01a0ef0,Statistiques constats signifiés radar-photo en date du 2024-09-01,CSV,donnees,26427,2024-09-03
def463c2-3c18-4f84-8d8a-cda397edfd98,6718be69-b5b6-42f4-909b-2b37c01a0ef0,Statistiques constats signifiés radar-photo en date du 2024-08-01,CSV,donnees,26278,2024-08-05
996d51c9-76a7-46bb-9949-bf3a75365e98,6718be69-b5b6-42f4-909b-2b37c01a0ef0,Statistiques constats signifiés radar-photo en date du 2024-07-01,CSV,donnees,26186,2024-07-02
8c62c364-125d-468c-9735-00133d046b6a,6718be69-b5b6-42f4-909b-2b37c01a0ef0,Statistiques constats signifiés radar-photo en date du 2024-06-01,CSV,donnees,26021,2024-07-02
a69e34ba-a22c-40cf-adee-76443ead5fb4,6718be69-b5b6-42f4-909b-2b37c01a0ef0,Statistiques constats signifiés radar-photo en date du 2024-05-01,CSV,donnees,26016,2024-07-02
4ad2de5d-0c66-42b2-b705-6fa64d372e94,6718be69-b5b6-42f4-909b-2b37c01a0ef0,Statistiques constats signifiés radar-photo en date du 2024-04-01,CSV,donnees,26009,2024-07-02
97d56dad-395d-444f-8139-5daedcf07eac,6718be69-b5b6-42f4-909b-2b37c01a0ef0,Statistiques constats signifiés radar-photo en date du 2024-03-01,CSV,donnees,25938,2024-07-02
2006d4c9-3c42-435d-94d4-d58fb425a53c,6718be69-b5b6-42f4-909b-2b37c01a0ef0,Statistiques constats signifiés radar-photo en date du 2024-02-01,CSV,donnees,25767,2024-07-02
33a3f35b-5997-416a-94f9-9c61c69a993f,6718be69-b5b6-42f4-909b-2b37c01a0ef0,Statistiques constats signifiés radar-photo en date du 2024-01-01,CSV,donnees,25244,2024-07-02
553a2bd9-8db2-4d51-b2cf-e2e1b094d49a,6718be69-b5b6-42f4-909b-2b37c01a0ef0,Statistiques constats signifiés radar-photo en date du 2023-12-01,CSV,donnees,25081,2024-07-02
37af6e1c-4754-424e-a5b3-a162b31e4ea0,6718be69-b5b6-42f4-909b-2b37c01a0ef0,Statistiques constats signifiés radar-photo en date du 2023-11-01,CSV,donnees,24616,2024-07-02
22943bd2-7c1a-43b0-86a4-b457c02a19e0,6718be69-b5b6-42f4-909b-2b37c01a0ef0,Statistiques constats signifiés radar-photo en date du 2023-10-01,CSV,donnees,24251,2024-07-02
bfd2b65a-abf7-4b38-8f60-88c5a5faf149,6718be69-b5b6-42f4-909b-2b37c01a0ef0,Statistiques constats signifiés radar-photo en date du 2023-09-01,CSV,donnees,24249,2024-07-02
81fa9db0-ff01-4fb2-bd5e-7a053907aafc,6718be69-b5b6-42f4-909b-2b37c01a0ef0,Statistiques constats signifiés radar-photo en date du 2023-08-01,CSV,donnees,24180,2024-07-02
6b80c05a-ca17-4b54-bff6-f164acba5e07,6718be69-b5b6-42f4-909b-2b37c01a0ef0,Statistiques constats signifiés radar-photo en date du 2023-07-01,CSV,donnees,23979,2024-07-02
b8fc81f6-7556-4b5a-bb79-d7612ccf6d64,6718be69-b5b6-42f4-909b-2b37c01a0ef0,Statistiques constats signifiés radar-photo en date du 2023-06-01,CSV,donnees,23908,2024-07-02
626a2bf9-2242-42f5-8098-21f4632032a6,6718be69-b5b6-42f4-909b-2b37c01a0ef0,Statistiques constats signifiés radar-photo en date du 2023-05-01,CSV,donnees,23902,2024-07-02
c52c9d88-9acf-426b-a12d-18a2f090dd36,6718be69-b5b6-42f4-909b-2b37c01a0ef0,Statistiques constats signifiés radar-photo en date du 2023-04-01,CSV,donnees,23837,2024-07-02
2b70f1be-971e-44b6-adc4-c1c4030fe753,6718be69-b5b6-42f4-909b-2b37c01a0ef0,Statistiques constats signifiés radar-photo en date du 2023-03-01,CSV,donnees,23831,2024-07-02
3ced2e65-45f1-44f1-b596-88cdbce87457,6718be69-b5b6-42f4-909b-2b37c01a0ef0,Statistiques constats signifiés radar-photo en date du 2023-02-01,CSV,donnees,23641,2024-07-02
4a8e699a-0278-4419-bd50-6b9fc059b3c8,6718be69-b5b6-42f4-909b-2b37c01a0ef0,Statistiques constats signifiés radar-photo en date du 2023-01-01,CSV,donnees,23639,2024-07-02
33fc196d-fe75-4670-9b3c-dc60f3214dbd,6718be69-b5b6-42f4-909b-2b37c01a0ef0,Statistiques constats signifiés radar-photo en date du 2022-12-01,CSV,donnees,23559,2024-07-02
a5f45670-74e6-416f-9c07-f3eae332a140,6718be69-b5b6-42f4-909b-2b37c01a0ef0,Statistiques constats signifiés radar-photo en date du 2022-11-01,CSV,donnees,23557,2024-07-02
2cdacbd9-325b-415a-8381-3de47a87ad17,6718be69-b5b6-42f4-909b-2b37c01a0ef0,statistiques constats signifies radar-photo en date 2022-10-01,CSV,donnees,23544,2024-07-02
cc5fe19b-12de-47c3-b69f-67c7418d7c59,6718be69-b5b6-42f4-909b-2b37c01a0ef0,Statistiques constats signifiés radar-photo en date du 2022-09-01,CSV,donnees,23386,2024-07-02
03bad75b-18ac-4b18-b522-d248aaae3366,6718be69-b5b6-42f4-909b-2b37c01a0ef0,Statistiques constats signifiés radar-photo en date du 2022-08-01,CSV,donnees,23167,2024-07-02
e7135667-73ad-4dab-8483-46d8d0dedca7,6718be69-b5b6-42f4-909b-2b37c01a0ef0,Statistiques constats signifiés radar-photo en date du 2022-07-01,CSV,donnees,22792,2024-07-02
3e567b38-c819-49f5-b977-8ae1edf47a68,6718be69-b5b6-42f4-909b-2b37c01a0ef0,Statistiques constats signifiés radar-photo en date du 2022-06-01,CSV,donnees,22646,2024-07-02
5e19cfc5-7d19-4c7d-9232-bc431129e73b,6718be69-b5b6-42f4-909b-2b37c01a0ef0,Statistiques constats signifiés radar-photo en date du 2022-05-01,CSV,donnees,22420,2024-07-02
ad2c0cc1-7fa6-4d3a-86db-ab05c7e1d405,6718be69-b5b6-42f4-909b-2b37c01a0ef0,Statistiques constats signifiés radar-photo en date du 2022-04-01,CSV,donnees,22331,2024-07-02
385b279d-c581-4e2f-95ab-39845e9614b2,6718be69-b5b6-42f4-909b-2b37c01a0ef0,Statistiques constats signifiés radar-photo en date du 2022-03-01,CSV,donnees,22329,2024-07-02
420177c4-9e0d-446c-b496-3497f76ecd8c,6718be69-b5b6-42f4-909b-2b37c01a0ef0,Statistiques constats signifiés radar-photo en date du 2022-02-01,CSV,donnees,22327,2024-07-02
7aacf1d3-8c93-404b-8251-2a287dc9cdfd,6718be69-b5b6-42f4-909b-2b37c01a0ef0,Statistiques constats signifiés radar-photo en date du 2022-01-01,CSV,donnees,22322,2024-07-02
58aa7971-38be-4897-8e0b-46f127460972,6718be69-b5b6-42f4-909b-2b37c01a0ef0,Statistiques constats signifiés radar-photo en date du 2021-12-01,CSV,donnees,22317,2024-07-02
da00b52b-60de-472a-9d44-9f579c8a3ee4,6718be69-b5b6-42f4-909b-2b37c01a0ef0,Statistiques constats signifiés radar-photo en date du 2021-11-01,CSV,donnees,22163,2024-07-02
28c14209-fc43-4039-9cb1-4e33f2ba5cec,6718be69-b5b6-42f4-909b-2b37c01a0ef0,Statistiques constats signifiés radar-photo en date du 2021-10-01,CSV,donnees,22023,2024-07-02
9fbf33e2-3d1f-4e46-b857-44bfe407fd5f,6718be69-b5b6-42f4-909b-2b37c01a0ef0,Statistiques constats signifiés radar-photo en date du 2021-09-01,CSV,donnees,21945,2024-07-02
0352347d-eb52-4148-9499-19ae58f74111,6718be69-b5b6-42f4-909b-2b37c01a0ef0,Statistiques constats signifiés radar-photo en date du 2021-08-01,CSV,donnees,21854,2024-07-02
ed75c265-d09f-4ea4-93f1-e2ecdb6a9925,6718be69-b5b6-42f4-909b-2b37c01a0ef0,Statistiques constats signifiés radar-photo en date du 2021-07-01,CSV,donnees,21686,2024-07-02
e9cbfc7b-3e29-47c7-9460-8d9ad13bb6ca,6718be69-b5b6-42f4-909b-2b37c01a0ef0,Statistiques constats signifiés radar-photo en date du 2021-06-01,CSV,donnees,21594,2024-07-02
91f887d3-32be-4db0-9af2-cb4efbfec262,6718be69-b5b6-42f4-909b-2b37c01a0ef0,Statistiques constats signifiés radar-photo en date du 2021-05-01,CSV,donnees,21582,2024-07-02
ce989459-aaea-4921-91a6-b4a81ea84fe5,6718be69-b5b6-42f4-909b-2b37c01a0ef0,Statistiques constats signifiés radar-photo en date du 2021-04-01,CSV,donnees,21579,2024-07-02
57cfeddc-119b-4c32-9ce0-2f2a0d741b70,6718be69-b5b6-42f4-909b-2b37c01a0ef0,Statistiques constats signifiés radar-photo en date du 2021-03-01,CSV,donnees,21498,2024-07-02
02df3336-ff91-4d35-b30e-e29f138cc23c,6718be69-b5b6-42f4-909b-2b37c01a0ef0,Statistiques constats signifiés radar-photo en date du 2021-02-01,CSV,donnees,21252,2024-07-02
97edf735-a6e1-4301-af30-56543e701233,6718be69-b5b6-42f4-909b-2b37c01a0ef0,Statistiques constats signifiés radar-photo en date du 2021-01-01,CSV,donnees,21247,2024-07-02
f13be4d1-eb23-471a-9b91-017a975fbc8e,6718be69-b5b6-42f4-909b-2b37c01a0ef0,Statistiques constats signifiés radar-photo en date du 2020-12-01,CSV,donnees,21104,2024-07-02
b978aa0e-bf76-45ce-88d3-a98d816a2313,6718be69-b5b6-42f4-909b-2b37c01a0ef0,Statistiques constats signifiés radar-photo en date du 2020-11-01,CSV,donnees,20863,2024-07-02
189fd66c-6f44-43f2-a47f-a0da3233c9fd,6718be69-b5b6-42f4-909b-2b37c01a0ef0,Statistiques constats signifiés radar-photo en date du 2020-10-01,CSV,donnees,20779,2024-07-02
da85b792-7792-4017-a1a1-81847db0a936,6718be69-b5b6-42f4-909b-2b37c01a0ef0,Statistiques constats signifiés radar-photo en date du 2020-09-01,CSV,donnees,20771,2024-07-02
d938a468-ee62-48c8-acb6-8e2fb10a671b,6718be69-b5b6-42f4-909b-2b37c01a0ef0,Statistiques constats signifiés radar-photo en date du 2020-08-01,CSV,donnees,20691,2024-07-02
71e5afe2-9f01-4b22-b3a0-f92432edcf0b,6718be69-b5b6-42f4-909b-2b37c01a0ef0,Statistiques constats signifiés radar-photo en date du 2020-07-01,CSV,donnees,20622,2024-07-02
7ccf4705-2d12-46e4-a42d-578c28ee06d9,6718be69-b5b6-42f4-909b-2b37c01a0ef0,Statistiques constats signifiés radar-photo en date du 2020-06-01,CSV,donnees,20620,2024-07-02
7493378e-9697-454b-afc8-c34cfb24255f,6718be69-b5b6-42f4-909b-2b37c01a0ef0,Statistiques constats signifiés radar-photo en date du 2020-05-01,CSV,donnees,20620,2024-07-02
b21a0c70-348f-4fb4-96b0-c7b8c58eda1f,6718be69-b5b6-42f4-909b-2b37c01a0ef0,Statistiques constats signifiés radar-photo en date du 2020-04-01,CSV,donnees,20620,2024-07-02
ab9f66c7-8dbb-4464-8965-a6707d806eca,6718be69-b5b6-42f4-909b-2b37c01a0ef0,Statistiques constats signifiés radar-photo en date du 2020-03-01,CSV,donnees,20491,2024-07-02
f7c1617e-3f5e-43d5-9d8c-a95eedb91179,6718be69-b5b6-42f4-909b-2b37c01a0ef0,Statistiques constats signifiés radar-photo en date du 2020-02-01,CSV,donnees,20477,2024-07-02
997864ba-52e3-4ba8-8594-790bec0b8532,6718be69-b5b6-42f4-909b-2b37c01a0ef0,Statistiques constats signifiés radar-photo en date du 2020-01-01,CSV,donnees,20401,2024-07-02
d26dea2d-7aa5-4284-ad32-b0465dccfd6c,6718be69-b5b6-42f4-909b-2b37c01a0ef0,Statistiques constats signifies en date du  2019-12-01,CSV,donnees,20395,2024-07-02
78237af2-453e-4a87-9b17-b3759316085f,6718be69-b5b6-42f4-909b-2b37c01a0ef0,Statistiques constats signifies en date du  2019-11-01,CSV,donnees,20027,2024-07-02
78c82c14-a1bc-4ade-96de-e96834da4da8,6718be69-b5b6-42f4-909b-2b37c01a0ef0,Statistiques constats signifies en date du  2019-10-01,CSV,donnees,19947,2024-07-02
035aa7bc-a1c6-4341-9917-2503ed932593,6718be69-b5b6-42f4-909b-2b37c01a0ef0,Statistiques constats signifies en date du  2019-09-01,CSV,donnees,19737,2024-07-02
742d8121-e014-4768-9d2e-14795a00e028,6718be69-b5b6-42f4-909b-2b37c01a0ef0,Statistiques constats signifies en date du  2019-08-01,CSV,donnees,19654,2024-07-02
d96e1240-c731-49ce-acfc-f7eaeed1cac3,6718be69-b5b6-42f4-909b-2b37c01a0ef0,Statistiques constats signifies en date du  2019-07-01,CSV,donnees,19713,2024-07-02
87b31ce9-8817-416c-aa4b-a8e5280a3e10,6718be69-b5b6-42f4-909b-2b37c01a0ef0,Statistiques constats signifies en date du  2019-06-01,CSV,donnees,19624,2024-07-02
30549883-b313-4d01-99d7-7a525f74e131,6718be69-b5b6-42f4-909b-2b37c01a0ef0,Statistiques constats signifies en date du  2019-05-01,CSV,donnees,19477,2024-07-02
a6a2f339-cdb4-4172-a9d1-5fb24776f8d2,6718be69-b5b6-42f4-909b-2b37c01a0ef0,Statistiques constats signifies en date du  2019-04-01,CSV,donnees,NA,2019-04-12
345b0ff8-4c0e-4ea1-a834-a15514becfea,6718be69-b5b6-42f4-909b-2b37c01a0ef0,Statistiques constats signifies en date du  2019-03-01,CSV,donnees,NA,2019-03-26
5ffd203d-5032-425d-8c07-09d5e342a7a6,6718be69-b5b6-42f4-909b-2b37c01a0ef0,Statistiques constats signifies en date du  2019-02-01,CSV,donnees,NA,2019-03-26
b0ec9453-b394-4647-b51d-a3f68c76666b,6718be69-b5b6-42f4-909b-2b37c01a0ef0,Statistiques constats signifies en date du  2019-01-01,CSV,donnees,NA,2019-03-26
7b5a1166-1a41-4d6d-9286-de5d4caa07c5,6cd041e3-902c-469e-a863-e54f4df966f2,Zonage,GeoJSON,donnees,5206922,2026-06-26
ffeab453-a584-4006-a90b-9ba8e61d243a,6cd041e3-902c-469e-a863-e54f4df966f2,Zonage,SHP,donnees,1290940,2026-06-26
b9874dfb-3d7c-4c2e-b3e0-d78745b2f4a2,6cd041e3-902c-469e-a863-e54f4df966f2,Zonage,FGDB,donnees,722158,2026-06-26
8caf5319-e9e2-4cf3-a28c-1430602ba853,6cd041e3-902c-469e-a863-e54f4df966f2,Règlement sur le zonage et le lotissement RV-2011-11-23,HTML,support,NA,2023-08-29
d213a09b-031d-4395-8d4f-bece5692e35f,9af70bad-661f-4305-92fb-a7f74dad923d,Position des cinq stations de référence produisant les données de compensation de base GPS,PDF,support,377317,2022-01-07
fe08b204-4634-4ab0-a792-5a2a5ca66f2d,9af70bad-661f-4305-92fb-a7f74dad923d,20251203.zip,RINEX,donnees,NA,2025-12-04
6c69c67a-e7e5-4277-a002-94f6e0b520a4,9af70bad-661f-4305-92fb-a7f74dad923d,20251128.zip,RINEX,donnees,NA,2025-12-04
772d8236-9dd2-4e99-bccd-b81be40b981d,9af70bad-661f-4305-92fb-a7f74dad923d,20251129.zip,RINEX,donnees,NA,2025-12-04
310a1fa2-6b08-49de-9786-8ebe3b461877,9af70bad-661f-4305-92fb-a7f74dad923d,20251130.zip,RINEX,donnees,NA,2025-12-04
7b31709d-25f2-4276-8714-917521f15710,9af70bad-661f-4305-92fb-a7f74dad923d,20251201.zip,RINEX,donnees,NA,2025-12-04
09126810-e471-4b97-82f3-35cb059d33fe,9af70bad-661f-4305-92fb-a7f74dad923d,20251202.zip,RINEX,donnees,NA,2025-12-04
4698277f-521d-4758-a272-0bfd82f5ec3b,9af70bad-661f-4305-92fb-a7f74dad923d,20251204.zip,RINEX,donnees,NA,2025-12-06
4d87b668-6770-419d-bb6e-94918c645345,9af70bad-661f-4305-92fb-a7f74dad923d,20251205.zip,RINEX,donnees,NA,2025-12-07
b3aad1e5-91b5-45ec-835d-e918f2254494,9af70bad-661f-4305-92fb-a7f74dad923d,20251206.zip,RINEX,donnees,NA,2025-12-07
fdaa33e0-d5da-438b-b78a-62adf252fad1,9af70bad-661f-4305-92fb-a7f74dad923d,20251207.zip,RINEX,donnees,NA,2025-12-08
8e3bb563-5ba0-4a16-8fd6-a03ac32ff3e5,9af70bad-661f-4305-92fb-a7f74dad923d,20251208.zip,RINEX,donnees,NA,2025-12-09
a4beaa0b-265b-4307-bc5e-298ee27914cc,9af70bad-661f-4305-92fb-a7f74dad923d,20251209.zip,RINEX,donnees,NA,2025-12-10
242cf3e4-2d41-4dcb-ab4a-0933ce8b4939,9af70bad-661f-4305-92fb-a7f74dad923d,20251210.zip,RINEX,donnees,NA,2025-12-11
a27b94ac-88e4-459e-812c-e6b96110349d,9af70bad-661f-4305-92fb-a7f74dad923d,20251211.zip,RINEX,donnees,NA,2025-12-12
b69bf043-80c0-4b08-9d1d-33a3c261b33b,9af70bad-661f-4305-92fb-a7f74dad923d,20251212.zip,RINEX,donnees,NA,2025-12-13
20328e48-5e7d-43aa-b516-65d665396161,9af70bad-661f-4305-92fb-a7f74dad923d,20260210.zip,RINEX,donnees,NA,2026-02-12
79c1598f-0a2a-4263-8956-0548368af117,9af70bad-661f-4305-92fb-a7f74dad923d,20260211.zip,RINEX,donnees,NA,2026-02-13
b69d3542-173a-48d3-b942-a1db7b029ddc,9af70bad-661f-4305-92fb-a7f74dad923d,20260212.zip,RINEX,donnees,NA,2026-02-14
69c4c7e8-ddd5-436e-9c5d-5082328f1be3,9af70bad-661f-4305-92fb-a7f74dad923d,20260214.zip,RINEX,donnees,NA,2026-02-15
6e7aff97-c3c4-4d81-8550-9695eb23340a,9af70bad-661f-4305-92fb-a7f74dad923d,20260215.zip,RINEX,donnees,NA,2026-02-16
1b7593f3-1a0b-47a6-a2e5-4ea86663e28b,9af70bad-661f-4305-92fb-a7f74dad923d,20260216.zip,RINEX,donnees,NA,2026-02-17
e1999e62-cc89-49ea-9766-b7f877b89643,9af70bad-661f-4305-92fb-a7f74dad923d,20260217.zip,RINEX,donnees,NA,2026-02-18
b70c8790-c30a-4df7-9d84-3c8628470bec,9af70bad-661f-4305-92fb-a7f74dad923d,20260218.zip,RINEX,donnees,NA,2026-02-19
d5bfeba2-d784-4bd8-932f-afbc714a8e32,9af70bad-661f-4305-92fb-a7f74dad923d,20260219.zip,RINEX,donnees,NA,2026-02-20
fe973898-03a7-490a-88af-b27fe67ecd76,9af70bad-661f-4305-92fb-a7f74dad923d,20260220.zip,RINEX,donnees,NA,2026-02-21
f914ce14-a5e6-40a0-ab8d-0e4a31ee4e81,9af70bad-661f-4305-92fb-a7f74dad923d,20260221.zip,RINEX,donnees,NA,2026-02-22
314100c8-1634-482c-8abf-89e6129195be,9af70bad-661f-4305-92fb-a7f74dad923d,20260222.zip,RINEX,donnees,NA,2026-02-23
60f16796-31ca-4c71-8fb3-8ff5332bc999,9af70bad-661f-4305-92fb-a7f74dad923d,20260223.zip,RINEX,donnees,NA,2026-02-24
ddebf865-afb6-467e-87fc-4804dd9aa237,9af70bad-661f-4305-92fb-a7f74dad923d,20260224.zip,RINEX,donnees,NA,2026-02-25
b2b815db-deb4-4995-a648-b7dea539d329,9af70bad-661f-4305-92fb-a7f74dad923d,20260225.zip,RINEX,donnees,NA,2026-02-26
915fb355-3d23-4529-b16f-5dfcc499f04d,9af70bad-661f-4305-92fb-a7f74dad923d,20260226.zip,RINEX,donnees,NA,2026-02-27
ea467262-1019-43e6-95a6-0bfbc948b00e,9af70bad-661f-4305-92fb-a7f74dad923d,20260227.zip,RINEX,donnees,NA,2026-02-28
fcccd156-4bcb-4514-bcc8-0fa7bc3d2dfb,9af70bad-661f-4305-92fb-a7f74dad923d,20260228.zip,RINEX,donnees,NA,2026-03-01
61fbe98d-33d3-4b45-8cb2-b0a49f2d542f,9af70bad-661f-4305-92fb-a7f74dad923d,20260301.zip,RINEX,donnees,NA,2026-03-02
fdfda953-127f-4876-8a9b-f58eaa91fc46,9af70bad-661f-4305-92fb-a7f74dad923d,20260302.zip,RINEX,donnees,NA,2026-03-03
e13fb634-de96-400e-b595-f5f0cc9958e4,9af70bad-661f-4305-92fb-a7f74dad923d,20260303.zip,RINEX,donnees,NA,2026-03-04
b08c63ea-e153-4a93-b5a6-df8d6db6b5aa,9af70bad-661f-4305-92fb-a7f74dad923d,20260304.zip,RINEX,donnees,NA,2026-03-05
e0421795-8ff0-4b44-bd32-ce3b752052b2,9af70bad-661f-4305-92fb-a7f74dad923d,20260305.zip,RINEX,donnees,NA,2026-03-06
0ab382be-4eb7-4621-97bb-39cd1ccfe097,9af70bad-661f-4305-92fb-a7f74dad923d,20260306.zip,RINEX,donnees,NA,2026-03-07
1e6b3c93-ea1c-4be5-83c0-73b07096bd95,9af70bad-661f-4305-92fb-a7f74dad923d,20260307.zip,RINEX,donnees,NA,2026-03-08
5beee17e-e439-49a8-9ab6-dd4ed81df5e9,9af70bad-661f-4305-92fb-a7f74dad923d,20260308.zip,RINEX,donnees,NA,2026-03-09
9e3a7411-c951-4c46-9a35-a2821c917ef9,9af70bad-661f-4305-92fb-a7f74dad923d,20260309.zip,RINEX,donnees,NA,2026-03-10
fa348411-208a-4b6f-a117-be78e9373e76,9af70bad-661f-4305-92fb-a7f74dad923d,20260310.zip,RINEX,donnees,NA,2026-03-11
5d6e590a-9516-420d-9863-862a295a0d5e,9af70bad-661f-4305-92fb-a7f74dad923d,20260311.zip,RINEX,donnees,NA,2026-03-12
985c7416-2ab7-481d-bd56-4c3888ad29d3,9af70bad-661f-4305-92fb-a7f74dad923d,20260312.zip,RINEX,donnees,NA,2026-03-13
3e3e7680-e4d0-48ac-809f-c3286c49f0c2,9af70bad-661f-4305-92fb-a7f74dad923d,20260313.zip,RINEX,donnees,NA,2026-03-17
f77c0e48-c119-4f04-84cd-de8109630ebf,9af70bad-661f-4305-92fb-a7f74dad923d,20260316.zip,RINEX,donnees,NA,2026-03-17
1daeee90-a078-47e9-b38d-b00bb42b5999,9af70bad-661f-4305-92fb-a7f74dad923d,20260420.zip,RINEX,donnees,NA,2026-05-29
f87d3043-a754-45c6-8e68-27bfd7f3667f,9af70bad-661f-4305-92fb-a7f74dad923d,20260528.zip,RINEX,donnees,NA,2026-05-29
d1b89d6a-8c31-4831-8895-95dc45120f79,527944ae-893d-41ac-8255-340fb1c2c83b,Borne d'incendie,GeoJSON,donnees,2413853,2026-05-27
08f5b9c1-290c-43d2-9144-69463de6c916,527944ae-893d-41ac-8255-340fb1c2c83b,Borne d'incendie,SHP,donnees,143069,2026-05-27
c1f8f920-d88f-4f87-9bb6-bf65f2143d14,527944ae-893d-41ac-8255-340fb1c2c83b,Borne d'incendie,CSV,donnees,322712,2026-05-27
89a7e300-2a5a-4067-9f5a-ab6c447f44ba,1f1783de-4dec-42e6-a0fe-009032da520f,Réseau routier,GeoJSON,donnees,4557024,2026-05-27
74a5b71b-1b5b-4212-a6d3-79181e3c33c0,1f1783de-4dec-42e6-a0fe-009032da520f,Réseau routier,SHP,donnees,676933,2026-05-27
5ab1ab51-e38e-4096-a96a-5180cfb2c64f,328dd2ea-7270-4730-a57f-eddf868da4e0,Piste cyclable,GeoJSON,donnees,811818,2026-05-15
be35ef7a-f199-41f6-9c0e-b58cdd0532f5,328dd2ea-7270-4730-a57f-eddf868da4e0,Piste cyclable,SHP,donnees,201677,2026-05-15
904ddb74-e781-48d0-8052-dc363820c42c,328dd2ea-7270-4730-a57f-eddf868da4e0,Piste cyclable,FGDB,donnees,131394,2026-05-15
4faa410f-7747-4017-8e92-8446aaa63b5e,c7811bb5-ed56-4356-a574-7b32193f990d,Adresse ponctuelle,GeoJSON,donnees,21673347,2026-03-27
4a717e0d-32b6-4820-84a1-37bb1ff2bcea,c7811bb5-ed56-4356-a574-7b32193f990d,Adresse ponctuelle,SHP,donnees,1766731,2026-03-27
8254bc8f-8b0f-4085-8213-3449553e0d27,c7811bb5-ed56-4356-a574-7b32193f990d,Adresse ponctuelle,CSV,donnees,3438898,2026-03-27
7c02b6df-efa4-4223-afe1-6d3630043d08,b4d90949-8fda-4aa1-b917-b1370a0be86d,Règlement de contrôle intérimaire RV3535 relatif à la conservation des milieux naturels,FGDB,donnees,1723390,2025-07-09
d8198c31-bee7-4324-bbc3-56ec3cd95f50,b4d90949-8fda-4aa1-b917-b1370a0be86d,Règlement de contrôle intérimaire RV3535 relatif à la conservation des milieux naturels,SHP,donnees,3173834,2026-03-17
18e075eb-42b3-47c3-af0c-4d2c3d6ea517,b4d90949-8fda-4aa1-b917-b1370a0be86d,Règlement de contrôle intérimaire RV3535 relatif à la conservation des milieux naturels,GeoJSON,donnees,13920452,2026-03-17
e936fd81-2947-49df-9574-8ba56c840d07,b4d90949-8fda-4aa1-b917-b1370a0be86d,Règlement de contrôle intérimaire RV3535 relatif à la conservation des milieux naturels,HTML,support,NA,2025-07-09
77c50f14-826f-496b-8a2c-cbbebf58dec1,2a3035b1-ed73-4882-a5b5-b60e0c2e088f,Milieux humides,GeoJSON,donnees,9320262,2025-10-01
9f220b6b-31e8-4532-8b20-91f0123ea88c,2a3035b1-ed73-4882-a5b5-b60e0c2e088f,Milieux humides,SHP,donnees,2372590,2025-10-01
bdc18f93-6173-4730-876f-293ef6c97021,0f9b6c91-579c-4c5d-a5bf-64c3bc5f0d0a,cmquebec_couverturesol_2021,GeoTIFF,donnees,57696256,2026-03-18
b38153e3-0e06-491a-b21a-bbaf7af79ab0,0f9b6c91-579c-4c5d-a5bf-64c3bc5f0d0a,Métadonnées,TXT,donnees,2270,2026-03-18
557eee5a-01f3-407f-b579-176c9c130a91,0f9b6c91-579c-4c5d-a5bf-64c3bc5f0d0a,cmquebec_couverturesol_2024,GeoTIFF,donnees,NA,2026-03-18
aac0b598-e9f7-426f-a25f-71001a8f44e3,99e91bc6-d039-4713-8c03-730901de765d,cmquebec_canopee_2021,GeoTIFF,donnees,NA,2026-03-18
12284c55-aee1-41f5-a1d8-675a957eb929,99e91bc6-d039-4713-8c03-730901de765d,cmquebec_canopee_2024,GeoTIFF,donnees,NA,2026-03-18
6654fc6e-0155-4344-b5c8-07f5c935a597,e00bd5e8-c99c-460a-9a48-1d8e1215fa4f,cmquebec_vegetationbasse_2021.zip,GeoTIFF,donnees,NA,2026-03-17
bec488e3-d214-4142-b63a-26101899edaf,e00bd5e8-c99c-460a-9a48-1d8e1215fa4f,cmquebec_vegetationbasse_2024.zip,GeoTIFF,donnees,NA,2026-03-17
85baad79-3d3a-42f2-a4ac-be9c28f79c75,5b25baa1-e89c-41cb-8fa6-0c5a88377207,cmquebec-impermeabilisation-2021,GeoTIFF,donnees,NA,2026-01-22
db4aea7b-ab1d-4211-acd5-ceebc06bb7ff,5b25baa1-e89c-41cb-8fa6-0c5a88377207,cmquebec-impermeabilisation-metadonnees.txt,TXT,donnees,2796,2026-01-22
e1213244-755f-4a17-ab0b-88369744467a,5b25baa1-e89c-41cb-8fa6-0c5a88377207,Carnet méthodologique sur l'imperméabilisation des sols,PDF,support,NA,2025-07-23
d848607d-292b-43e4-b9dd-5027cbf81750,5b25baa1-e89c-41cb-8fa6-0c5a88377207,cmquebec-impermeabilisation-2024,GeoTIFF,donnees,NA,2026-01-22
c6c20af9-504f-4848-9ff2-32c463c9b04c,33a72ee0-4af3-4d76-8a13-0338e10cdaeb,Immeubles classés incluant terrains protégés et aires de protection (donnée brute),CSV,donnees,2902299,2026-05-11
cd95b3d9-f117-41c2-9e5e-42435584c3a0,33a72ee0-4af3-4d76-8a13-0338e10cdaeb, Immeubles patrimoniaux classés par le ministre de la Culture et des Communications,GeoJSON,donnees,3391722,2026-05-11
a82a8015-d06a-45bc-bedc-7e03399f71a8,33a72ee0-4af3-4d76-8a13-0338e10cdaeb,Terrains protégés d’immeubles patrimoniaux classés,GeoJSON,donnees,3444628,2026-05-11
614a4251-0006-45b6-b98d-8f9afbe26c2e,33a72ee0-4af3-4d76-8a13-0338e10cdaeb,Aires de protection d’immeubles patrimoniaux classés,GeoJSON,donnees,668257,2023-08-08
dc30b093-04ab-4a7e-a31b-adbbd67e04e0,33a72ee0-4af3-4d76-8a13-0338e10cdaeb,Dictionnaire de données,CSV,support,4079,2024-10-10
064a52e2-ab03-4068-949f-3bcd0c6ee3be,b35078ae-f1a6-4f9a-a9d2-b00244ae1e84, Sites patrimoniaux déclarés par le gouvernement du Québec ,CSV,donnees,245808,2026-05-11
059897d4-f927-4c30-b345-bf6810f2d00f,b35078ae-f1a6-4f9a-a9d2-b00244ae1e84,Sites patrimoniaux déclarés par le gouvernement du Québec (périmètres),GeoJSON,donnees,296383,2026-05-11
9951a557-f67d-4d0e-a757-8f96757ad0f2,b35078ae-f1a6-4f9a-a9d2-b00244ae1e84,Sites patrimoniaux déclarés par le gouvernement du Québec (points),GeoJSON,donnees,254582,2026-05-11
76d34afa-7768-4290-a476-62facc331f32,b35078ae-f1a6-4f9a-a9d2-b00244ae1e84,Dictionnaire de données,CSV,support,2448,2023-09-12
e5992bab-543a-4703-bbab-916f4f1126d8,578d182d-4897-4c11-aa7f-ee0cfed222a0, Sites patrimoniaux classés par le ministre de la Culture et des Communications (donnée brute),CSV,donnees,897892,2026-05-11
5abd7e57-bfeb-49ba-a76c-93d961ae0633,578d182d-4897-4c11-aa7f-ee0cfed222a0,Sites patrimoniaux classés par le ministre de la Culture et des Communications (périmètres),GeoJSON,donnees,1071989,2026-05-11
928603ac-d2c8-4b56-beca-dcc4ff484bda,578d182d-4897-4c11-aa7f-ee0cfed222a0,Sites patrimoniaux classés par le ministre de la Culture et des Communications (points),GeoJSON,donnees,926011,2026-05-11
a7f847e4-7933-4414-a34c-926c78259843,578d182d-4897-4c11-aa7f-ee0cfed222a0,Dictionnaire de données,CSV,support,2589,2023-09-12
17f8a69b-acac-468a-ae85-6aa4d6d29929,39308c05-abee-4197-9081-eae1d3ed9bfc,Classement des long-métrage diffusés sur le territoire québécois,CSV,donnees,4530792,2025-02-17
526c04d3-ed3f-4a5e-97be-99a165f98a6a,39308c05-abee-4197-9081-eae1d3ed9bfc,Dictionnaire de données,XLSX,support,11421,2025-08-26
0c76d2f4-8f90-4911-a599-88b069ec756f,970a2ad6-8b75-4fb2-8a77-e656196fd4af,Terrain sportif,CSV,donnees,11685,2026-07-11
ff10611a-0cff-439d-af64-a80ae4059d4d,970a2ad6-8b75-4fb2-8a77-e656196fd4af,Terrain sportif,SHP,donnees,6830,2026-07-11
e945dbdf-09e2-4db3-8589-43a21660d74f,970a2ad6-8b75-4fb2-8a77-e656196fd4af,Terrain sportif,KML,,176681,2026-07-11
66068413-960b-41dd-844f-37cbc0524715,970a2ad6-8b75-4fb2-8a77-e656196fd4af,Terrain sportif,JSON,donnees,89855,2026-07-11
79af48db-8656-4c26-825d-11ecc44285af,970a2ad6-8b75-4fb2-8a77-e656196fd4af,Terrain sportif,GeoJSON,donnees,54637,2026-07-11
eed6b893-e1da-4ec9-aa5f-1ff17b940d34,b36be5a9-c69d-40b7-b024-f61813cc26f9,Abribus,CSV,donnees,6019,2026-07-11
86d4e58f-cd9f-4d6a-90f9-25d1170439c2,b36be5a9-c69d-40b7-b024-f61813cc26f9,Abribus,SHP,donnees,4347,2026-07-11
41ca206d-5b5d-41cd-9e83-5df00f8b0046,b36be5a9-c69d-40b7-b024-f61813cc26f9,Abribus,KML,donnees,88812,2026-07-11
10c42538-b581-432f-8695-0f5d55122590,b36be5a9-c69d-40b7-b024-f61813cc26f9,Abribus,JSON,donnees,45111,2026-07-11
fea6d1a4-3e4b-45b2-bba8-0e29d38f3a9b,b36be5a9-c69d-40b7-b024-f61813cc26f9,Abribus,GeoJSON,donnees,27202,2026-07-11
534dd28b-8ed7-4163-a0b2-ec310e21368a,5db8415e-89eb-4b5f-a086-692bfb72d929,Apaisement de la circulation,CSV,donnees,20253,2026-07-11
52538395-2bd9-4488-9141-f4e2c75a621a,5db8415e-89eb-4b5f-a086-692bfb72d929,Apaisement de la circulation,SHP,donnees,11888,2026-07-11
2df4b61c-e8f0-4386-b414-c678d10f6ed6,5db8415e-89eb-4b5f-a086-692bfb72d929,Apaisement de la circulation,KML,donnees,308412,2026-07-11
0a423061-1c90-4fa3-8d71-59a8015ce798,5db8415e-89eb-4b5f-a086-692bfb72d929,Apaisement de la circulation,JSON,donnees,158056,2026-07-11
a78ee943-3169-4ad7-98b1-2b7c0459dce5,5db8415e-89eb-4b5f-a086-692bfb72d929,Apaisement de la circulation,GeoJSON,donnees,91712,2026-07-11
c69a10fc-1100-4506-8d40-055381d72649,62db20af-4e95-46bd-85c0-7a6460f594a6,Mobilier urbain,CSV,donnees,256043,2026-07-11
c8716936-4158-4062-9a64-2d3523924423,62db20af-4e95-46bd-85c0-7a6460f594a6,Mobilier urbain,SHP,donnees,137511,2026-07-11
4b18aa16-d76d-40f5-87bf-4a680c34b6e4,62db20af-4e95-46bd-85c0-7a6460f594a6,Mobilier urbain,KML,donnees,3698214,2026-07-11
86f7336e-6e98-4103-bac8-453121a18d2b,62db20af-4e95-46bd-85c0-7a6460f594a6,Mobilier urbain,JSON,donnees,1808311,2026-07-11
f5fd407d-e8fc-4d2b-b110-ba9ac79fb126,62db20af-4e95-46bd-85c0-7a6460f594a6,Mobilier urbain,GeoJSON,donnees,1227802,2026-07-11
1695faa3-df8d-421c-aece-80c598e7cd3f,e1f22119-691d-4fb9-a0fd-b07c3bf0fdbf,Infrastructure pietonne,CSV,donnees,130009,2026-07-11
ccff9832-9c6f-4d8f-98c0-807f0d3c7922,e1f22119-691d-4fb9-a0fd-b07c3bf0fdbf,Infrastructure pietonne,SHP,donnees,349693,2026-07-11
ea058179-ad7f-49f9-a0ef-2d9cb43ad22f,e1f22119-691d-4fb9-a0fd-b07c3bf0fdbf,Infrastructure pietonne,KML,donnees,3790538,2026-07-11
dfbc77f5-5e8f-4852-a633-134eaac07e6a,e1f22119-691d-4fb9-a0fd-b07c3bf0fdbf,Infrastructure pietonne,JSON,donnees,2590841,2026-07-11
f3c48306-a2d0-4580-902a-e5077eb7a791,e1f22119-691d-4fb9-a0fd-b07c3bf0fdbf,Infrastructure pietonne,GeoJSON,donnees,1884923,2026-07-11
e14bb913-e76a-4530-bdee-271f04fc97d1,ce94a568-f0c7-45ed-9d7d-da7bc8da28f9,Voirie,CSV,donnees,534950,2026-07-11
6d13eee5-aa69-47fa-985d-d64f4ded2cad,ce94a568-f0c7-45ed-9d7d-da7bc8da28f9,Voirie,GeoJSON,donnees,17661445,2026-07-11
12afc930-b0e0-4da0-97a9-ce5762487c6a,ce94a568-f0c7-45ed-9d7d-da7bc8da28f9,Voirie,JSON,donnees,19001173,2026-07-11
286082b5-12a9-45f6-b96c-be8c3b1149d1,ce94a568-f0c7-45ed-9d7d-da7bc8da28f9,voirie,KML,donnees,21621670,2026-07-11
3a3a8011-8ba5-4cda-ac05-1ced9b29ec9c,ce94a568-f0c7-45ed-9d7d-da7bc8da28f9,Voirie,SHP,donnees,4144862,2026-07-11
aacc1986-a057-44a1-a348-043a3ca32287,c6085f69-652f-4f33-9b0a-89b24d90ccff,Bornes incendie,CSV,donnees,230774,2026-07-11
afe745b3-b193-4e24-be3e-1ad272b59aa1,c6085f69-652f-4f33-9b0a-89b24d90ccff,Bornes d'incendie,SHP,donnees,142008,2026-07-11
1ef3bcb1-482b-46fa-87fa-a0389dd3c007,c6085f69-652f-4f33-9b0a-89b24d90ccff,Bornes d'incendie,KML,donnees,4033213,2026-07-11
6f0f60e7-64d1-4de4-b2fb-14a78483f5d7,c6085f69-652f-4f33-9b0a-89b24d90ccff,Bornes d'incendie,JSON,donnees,2329367,2026-07-11
a13017b9-f5ae-4c19-a2ac-e35b5c5f2817,c6085f69-652f-4f33-9b0a-89b24d90ccff,BornesIncendie,GeoJSON,donnees,1342332,2026-07-11
5a137b9d-df66-4c90-862c-8d4146ccbe2e,c14d1ead-6b64-4088-ba19-37376724f7cd,Batiments,CSV,donnees,2170186,2026-07-11
6f22e7f3-27e3-4728-acd0-2b43a893ffb0,c14d1ead-6b64-4088-ba19-37376724f7cd,Batiments,SHP,donnees,3193150,2026-07-11
1bccf053-3c7b-49fd-8614-0927bb840577,c14d1ead-6b64-4088-ba19-37376724f7cd,Batiments,KML,donnees,38097158,2026-07-11
65cc6289-5700-454d-b107-1998abdc2735,c14d1ead-6b64-4088-ba19-37376724f7cd,Batiments,JSON,donnees,25156848,2026-07-11
5246c19b-9972-4e7c-aa30-bd2231026bc3,c14d1ead-6b64-4088-ba19-37376724f7cd,Batiments,GeoJSON,donnees,18391904,2026-07-11
ad6e1e9e-f59d-4898-bb90-04586c7bdbca,c35f0d3a-3451-4977-a910-ca21c13290c6,Cours d'eau MRC d'Arthabaska,GeoJSON,donnees,NA,2026-07-08
72a061b5-cd7b-48d1-9d19-cd01ed25f2c9,c35f0d3a-3451-4977-a910-ca21c13290c6,Cours d'eau MRC d'Arthabaska,EsriREST,web,NA,2026-07-08
b3926d33-575a-4de8-aa85-fb95c9459685,bcc45cfc-bfb3-4afd-b162-eb76dfd4e8a3,Plaintes reçues par l’Office de la protection du consommateur,CSV,donnees,66249379,2026-07-11
11369e96-4bcf-4796-9bd5-d1c232bb10f8,ec2a22e2-e026-4248-b3e2-b872f8deac63,Types d’infractions potentielles aux lois sous la responsabilité de l’Office de la protection du consommateur,CSV,donnees,17208,2026-07-11
9c769e6a-a30a-4ed4-9c29-ce3a1e3a59af,77d205a7-0a5f-443c-acee-c418b13427d9,Liste des commerçants participants,CSV,donnees,212787,2026-07-11
c40c7af7-4a27-4272-be91-208994c67b7b,8f071f70-04ed-4ce0-9d88-f3e11e6abeb5,Liste des permis et des exemptions en vigueur,CSV,donnees,1797204,2026-07-11
5183fdd4-55b1-418c-8a7d-0a70058ed68d,755b45d6-7aee-46df-a216-748a0191c79f,Liste des licences actives de la Régie du bâtiment du Québec,JSON,donnees,87255321,2026-07-11
6fe2352f-cdec-4672-b80c-3cb9e123e933,755b45d6-7aee-46df-a216-748a0191c79f,Documentation,PDF,support,143426,2026-04-17
32f6ec46-85fd-45e9-945b-965d9235840a,755b45d6-7aee-46df-a216-748a0191c79f,Liste des licences actives de la Régie du bâtiment du Québec,CSV,donnees,11332694,2026-07-11
6dba659b-8221-49b6-a5cb-252ed957e00c,126c4b33-55c2-4c31-b3cd-340e93f6e0bb,Liste des permis d’équipements pétroliers à risque élevé,CSV,donnees,1401322,2026-07-01
93fa04f9-49ab-4510-b4c0-32f53a48c2b8,126c4b33-55c2-4c31-b3cd-340e93f6e0bb,Documentation,PDF,support,76429,2021-04-28
b5038c26-6bf4-47f7-8b7b-22eb4ec16035,e4489c02-ab55-414b-ba00-efcacd728b49,Unités d'évaluation - HTML,HTML,cartes,0,2023-06-26
e3dabab1-9b14-4c8d-9464-25eabb73257b,e4489c02-ab55-414b-ba00-efcacd728b49,Unités d'évaluation - REST,REST,web,0,2025-08-14
1d93feb2-e5cb-4cbb-b11f-f953ed22dfc1,e4489c02-ab55-414b-ba00-efcacd728b49,Unités d'évaluation - GeoJSON,GeoJSON,donnees,66177221,2026-06-17
90e8b7c5-aab8-4bb8-9618-0612120d5ba5,e4489c02-ab55-414b-ba00-efcacd728b49,Unités d'évaluation - CSV,CSV,donnees,1795818,2026-06-17
0ccc0cb0-18c2-4ab3-996f-46f079a1ceaf,e4489c02-ab55-414b-ba00-efcacd728b49,Unités d'évaluation - KML,KML,donnees,81913698,2026-06-17
9c0d06a2-5c85-4d39-9f18-90cfeb69e9ee,e4489c02-ab55-414b-ba00-efcacd728b49,Unités d'évaluation - SHP,ZIP,donnees,14604232,2026-06-17
5c62b5ee-39e0-4e8e-ac84-a7fdefbadb9f,acf533c5-6f89-4c9b-b2e6-17ed525b4b58,Adresses ponctuelles - HTML,HTML,cartes,0,2023-06-26
4f02a494-bd9c-4923-9f53-c2e2627ed67e,acf533c5-6f89-4c9b-b2e6-17ed525b4b58,Adresses ponctuelles - REST,REST,web,0,2024-03-04
46bc64fa-ec3f-471f-b6be-11dae0a2545a,acf533c5-6f89-4c9b-b2e6-17ed525b4b58,Adresses ponctuelles - GeoJSON,GeoJSON,donnees,7675443,2026-06-17
50ac43fc-7ea9-4af5-b198-4ffa56a36de1,acf533c5-6f89-4c9b-b2e6-17ed525b4b58,Adresses ponctuelles - CSV,CSV,donnees,1052714,2026-06-17
7b9e94c8-296a-4333-9e32-e923a6e56dda,acf533c5-6f89-4c9b-b2e6-17ed525b4b58,Adresses ponctuelles - KML,KML,donnees,23107846,2026-06-17
d30ecb48-bf99-4e41-95fc-9651f3060c0c,acf533c5-6f89-4c9b-b2e6-17ed525b4b58,Adresses ponctuelles - SHP,ZIP,donnees,1219478,2026-06-17
cbb9f18f-2851-4346-b4c2-29a421212ab8,bc58074d-f806-441c-a31d-0329e671c5f1,Réseau routier - HTML,HTML,cartes,0,2023-06-26
feaa9832-4deb-45f6-a86e-eff1db18b5f9,bc58074d-f806-441c-a31d-0329e671c5f1,Réseau routier - REST,REST,web,0,2025-08-14
58beb10d-6ae6-4c83-b087-7aac9da62e73,bc58074d-f806-441c-a31d-0329e671c5f1,Réseau routier - GeoJSON,GeoJSON,donnees,4422692,2026-05-26
464a5c06-624c-4880-9c97-0c99af4af999,bc58074d-f806-441c-a31d-0329e671c5f1,Réseau routier - CSV,CSV,donnees,313869,2026-05-26
7c8cdc6a-a83d-472d-bedd-f17f723098f4,bc58074d-f806-441c-a31d-0329e671c5f1,Réseau routier - KML,KML,donnees,7519990,2026-05-26
825d1ab9-220a-42ea-949c-441e77c4dba5,bc58074d-f806-441c-a31d-0329e671c5f1,Réseau routier - SHP,ZIP,donnees,1280164,2026-05-26
32667088-8c17-4ed0-9dd4-8a1c6cd4077e,98b980e8-5e0b-4e37-8da6-3af4a4c2b6fc,Hydrographie linéaire - HTML,HTML,cartes,0,2023-06-26
ef1dcf8c-5292-49e4-b103-3d96ab14fe54,98b980e8-5e0b-4e37-8da6-3af4a4c2b6fc,Hydrographie linéaire - REST,REST,web,0,2025-08-14
67550943-eafe-4fc0-bafb-58d3712cc8b0,98b980e8-5e0b-4e37-8da6-3af4a4c2b6fc,Hydrographie linéaire - GeoJSON,GeoJSON,donnees,78863002,2026-05-21
bab5639c-18de-4339-ac6c-f01add858190,98b980e8-5e0b-4e37-8da6-3af4a4c2b6fc,Hydrographie linéaire - CSV,CSV,donnees,1602157,2026-05-21
1157c0fc-191b-4ed7-9a2f-e3a2fcdb11cb,98b980e8-5e0b-4e37-8da6-3af4a4c2b6fc,Hydrographie linéaire - KML,KML,donnees,78863002,2026-05-21
221ca7ab-32b2-462b-9e48-120fcb19dff8,98b980e8-5e0b-4e37-8da6-3af4a4c2b6fc,Hydrographie linéaire - SHP,ZIP,donnees,14328421,2026-05-21
c08636e0-5ce0-4bcf-9fb3-e3be76665c84,41ae2192-51ec-4e20-9a1a-6dd1ffd43777,GTFS,ZIP,donnees,130099,2026-02-05
dba943d4-ec62-49a6-9c28-c06379f07e3e,7e359f54-b8d7-45aa-abaa-2f2135ad05f1,Réseau cyclable - HTML,HTML,cartes,NA,2023-06-21
1c7ba52f-92d4-47f2-a255-850f822d9ed8,7e359f54-b8d7-45aa-abaa-2f2135ad05f1,Réseau cyclable - GeoJSON,GeoJSON,donnees,196827,2026-01-22
9062ff36-f628-4e71-8f4b-10cdfd2eee6d,7e359f54-b8d7-45aa-abaa-2f2135ad05f1,Réseau cyclable - REST,REST,web,NA,2023-06-26
6e20ddc6-208e-4330-be43-3b9165a5598b,7e359f54-b8d7-45aa-abaa-2f2135ad05f1,Réseau cyclable - CSV,CSV,donnees,6627,2026-01-22
00a62bd4-3c4e-4807-aeff-e8a2a25279cb,7e359f54-b8d7-45aa-abaa-2f2135ad05f1,Réseau cyclable - KML,KML,donnees,258647,2026-01-22
a20bbc66-b09b-4b45-a981-770d45c90e4e,7e359f54-b8d7-45aa-abaa-2f2135ad05f1,Réseau cyclable - SHP,SHP,donnees,102630,2026-01-22
f1b33686-c461-44f6-8ccb-9b119d899567,34131db6-ff81-4dac-aa51-c0874f567d0c,Aire de protection de prélèvement d'eau souterraine municipale - HTML,HTML,cartes,0,2023-06-26
52ad3dc5-5ac6-428c-8fed-95b2b2998e7f,34131db6-ff81-4dac-aa51-c0874f567d0c,Aire de protection de prélèvement d'eau souterraine municipale - REST,REST,web,0,2025-08-14
588e7f3f-e8ed-4aae-ae25-d7a7a2ab6c4f,34131db6-ff81-4dac-aa51-c0874f567d0c,Aire de protection de prélèvement d'eau souterraine municipale - GeoJSON,GeoJSON,donnees,765939,2026-01-09
5d7022f2-fabd-4318-88f2-796e60222a80,34131db6-ff81-4dac-aa51-c0874f567d0c,Aire de protection de prélèvement d'eau souterraine municipale - CSV,CSV,donnees,15902,2026-01-09
52349f67-aa28-4cb3-b440-1b170d43fedc,34131db6-ff81-4dac-aa51-c0874f567d0c,Aire de protection de prélèvement d'eau souterraine municipale - KML,KML,donnees,887728,2026-01-09
faf8413a-d99f-4cd3-b392-a426b37397a2,34131db6-ff81-4dac-aa51-c0874f567d0c,Aire de protection de prélèvement d'eau souterraine municipale - SHP,ZIP,donnees,192026,2026-01-09
dc911ac6-5836-45cd-a677-854300888e8e,115b18df-0e02-4f99-bbc9-b166b314e6bd,Transport en commun - Arrêt - HTML,HTML,cartes,NA,2023-06-22
a4c04bae-c2fb-417e-823e-0b32a66dab32,115b18df-0e02-4f99-bbc9-b166b314e6bd,Transport en commun - Arrêt - REST,REST,web,NA,2023-06-22
3eedb433-02ca-47ac-9aab-aaa8946519d4,115b18df-0e02-4f99-bbc9-b166b314e6bd,Transport en commun - Arrêt - GeoJSON,GeoJSON,donnees,38321,2025-09-26
1a13d301-a7d4-4985-854f-f8f5f8a281a9,115b18df-0e02-4f99-bbc9-b166b314e6bd,Transport en commun - Arrêt - KML,KML,donnees,118432,2025-09-26
2d4be6f2-f0f6-424d-b2c7-80b8e6ba4452,115b18df-0e02-4f99-bbc9-b166b314e6bd,Transport en commun - Arrêt - CSV,CSV,donnees,3684,2025-09-26
dbabca2c-da3e-422e-aed6-72d24fa8551c,115b18df-0e02-4f99-bbc9-b166b314e6bd,Transport en commun - Arrêt - SHP,SHP,donnees,3989,2025-09-26
518d9c92-89a3-408a-8ac4-04ee43e2ac9e,298c15b2-a874-4904-9166-3de1999b28f0,Incidents - réseau du métro,CSV,donnees,NA,2026-07-11
e5a41646-ffd6-4784-8e48-6bb312d51816,a0073997-3a02-4c34-8acf-758a2ee950f4,Tracés et arrêts des lignes de bus et de métro au format ESRI Shapefile,SHP,donnees,NA,2026-07-11
c35e14b7-31b7-410d-9773-158bc30749df,d0e84ea6-dcd7-4ee0-9370-741a1629bc9f,Kilométrage réalisé par les voitures de métro,CSV,donnees,NA,2026-07-11
45fbf2fd-4ce6-49bc-b8d1-3a5dc9778644,434e03f1-c0c2-4758-87e3-3b96b0586c4c,Kilométrage métro budgété,CSV,donnees,NA,2026-07-11
5aeab6ed-bab3-4e51-981a-a83883dc4b94,5f691baf-0933-43fd-a715-1def37d029a6,Horaires courant au format GTFS,GTFS,donnees,NA,2026-07-11
534cdfd9-41e5-4e11-8675-738485509cce,2dbd02de-1d00-42fd-9935-d6e0a303b9fa,Kilométrage métro planifié,CSV,donnees,NA,2026-07-11
9ca1277f-a686-4699-96ae-39837a7254ec,1bcf0d8e-d67b-4291-8393-70621b0f5400,Horaires et positionnement des bus en temps réel,GTFS,donnees,NA,2026-07-11
3b2b1aa7-b448-454e-9891-3d0af4de9340,428fc380-dff4-4bf7-913d-3d719ecdff00,Œuvres du domaine public (avec images),JSON,donnees,233561,2026-06-20
13936111-6215-4b82-902c-065fd578585a,428fc380-dff4-4bf7-913d-3d719ecdff00,Œuvres du domaine public (avec images),CSV,donnees,104936,2026-06-20
3060f8cc-64f9-4853-b915-1c188bb825c1,6820a235-2658-4453-8a88-2d29618a4457,Œuvres du domaine public au Canada (avec images),JSON,donnees,1152345,2026-06-20
00aaad9d-aff1-45d1-9f48-f854269317d1,6820a235-2658-4453-8a88-2d29618a4457,Œuvres du domaine public au Canada (avec images),CSV,donnees,543559,2026-06-20
6e08aa19-4653-411a-ab80-d97d4feaeba5,3b475449-f7e0-4f68-b9e8-933dda1916d0,Œuvres de la collection,JSON,donnees,8956811,2026-06-20
c699f2a2-2250-4262-9555-50677f60e23a,3b475449-f7e0-4f68-b9e8-933dda1916d0,Œuvres de la collection,CSV,donnees,4962227,2026-06-20
5869e16f-7034-40b3-bed1-2044594b4d14,3b475449-f7e0-4f68-b9e8-933dda1916d0,Artistes de la collection,JSON,donnees,3641317,2026-06-20
4a6a2801-2c77-428a-89a6-739ea751adba,3b475449-f7e0-4f68-b9e8-933dda1916d0,Artistes de la collection,CSV,donnees,2274526,2026-06-20
68721abd-7d6e-4b92-9868-b9228d8439c1,3b475449-f7e0-4f68-b9e8-933dda1916d0,Événements du MAC,JSON,donnees,4438154,2026-06-20
6fe7c470-2427-4c46-9252-3e39f320eeec,3b475449-f7e0-4f68-b9e8-933dda1916d0,Événements du MAC,CSV,donnees,1980638,2026-06-20
43b1a5aa-f883-4887-a0a0-7c9d8da1fbb4,3b475449-f7e0-4f68-b9e8-933dda1916d0,Publications du MAC,JSON,donnees,1598640,2026-06-20
edf89a11-8910-45ee-bd73-41b1d07359f1,3b475449-f7e0-4f68-b9e8-933dda1916d0,Publications du MAC,CSV,donnees,715700,2026-06-20
c0411e3e-ee7a-4ba5-bee3-b4471cd4c374,02bdd89e-fe1e-49b0-abb5-011cbf24ac27,Fichier brut à télécharger,SHP,donnees,NA,2025-09-12
8bdf1497-5b50-4d0d-b28c-62b8f6d70942,02bdd89e-fe1e-49b0-abb5-011cbf24ac27,Information sur le service WMS,PDF,support,NA,2023-06-26
40ef0159-1472-4497-85a0-4902ecfef9e1,02bdd89e-fe1e-49b0-abb5-011cbf24ac27,Mise en garde et limitation,PDF,support,NA,2024-10-04
16da4a0d-29f6-4736-986d-94308a39f84e,02bdd89e-fe1e-49b0-abb5-011cbf24ac27,Déméter,HTML,cartes,NA,2025-09-12
04b0eb76-df11-49fb-b051-9d96c27c70d5,27ad6922-03a9-42ca-b11d-eef63537cc5a,Déméter,HTML,cartes,NA,2024-10-04
8484eadc-b4e7-4400-9a8d-19ae0da4f5b9,27ad6922-03a9-42ca-b11d-eef63537cc5a,Information sur le service WMS,PDF,support,NA,2025-09-26
00a6e428-c1aa-4c7b-804b-0c9f9a51c424,27ad6922-03a9-42ca-b11d-eef63537cc5a,Fichier brut à télécharger,SHP,donnees,NA,2025-09-26
3c6f84f6-fbae-4c87-b4b5-0af5e0e5e49d,27ad6922-03a9-42ca-b11d-eef63537cc5a,Mise en garde et limitation,PDF,support,NA,2025-09-12
d67d3f86-9fdf-4cc9-b306-af40ed56d817,69a93783-00a4-4b6b-b57e-c23567f8d9d6,Fichier brut à télécharger,SHP,donnees,NA,2025-09-12
ca8d6657-72e9-409a-bec1-143589a67a7c,69a93783-00a4-4b6b-b57e-c23567f8d9d6,Information sur le service WMS,PDF,support,NA,2023-05-18
ef0b3b1e-dbae-46d6-bdf5-f0a079d7e9c4,69a93783-00a4-4b6b-b57e-c23567f8d9d6,Déméter,HTML,cartes,NA,2023-06-26
8b87b73c-eb16-4900-8fae-e68a3632dd9d,69a93783-00a4-4b6b-b57e-c23567f8d9d6,Mise en garde et limitation,PDF,support,NA,2025-09-12
2a05ad20-58be-4182-8b22-2c66c2acc0cd,20673c5c-f672-4387-ae9d-378ac6fa8be0,"Rapport financier, Données prévisionnelles 2026",XLSX,donnees,NA,2026-07-11
fb685fc4-67f4-4bb9-9c91-d82f0eb616f4,20673c5c-f672-4387-ae9d-378ac6fa8be0,"Données prévisionnelles non auditées 2026, Simple occurrence",CSV,donnees,NA,2026-07-11
0da5679a-0290-45a0-9d71-fc6d53877770,20673c5c-f672-4387-ae9d-378ac6fa8be0,"Données prévisionnelles non auditées 2026, MultiOccurrence",CSV,donnees,NA,2026-07-11
b6b75aee-3c08-447b-b9e9-fe05b33c64b6,20673c5c-f672-4387-ae9d-378ac6fa8be0,"Données prévisionnelles non auditées 2026, Texte riche",CSV,donnees,NA,2026-07-11
0c9f5c6c-eb0e-4279-ad2c-c513301fa934,20673c5c-f672-4387-ae9d-378ac6fa8be0,"Données prévisionnelles non auditées 2026, Organisme absent",CSV,donnees,NA,2026-07-11
c19f2dd8-60c5-4ab4-a090-cada701481ad,20673c5c-f672-4387-ae9d-378ac6fa8be0,"Rapport financier 2025, Données réelles",XLSX,donnees,NA,2026-07-11
24af5b06-089a-44a6-9adf-eddcb9a266a4,20673c5c-f672-4387-ae9d-378ac6fa8be0,"Données réelles 2025, Simple occurrence",CSV,donnees,NA,2026-07-11
5aaa659d-2c26-41f7-ac34-e2f7bd242f2e,20673c5c-f672-4387-ae9d-378ac6fa8be0,"Données réelles 2025, Multioccurrence",CSV,donnees,NA,2026-07-11
a7fbafb3-0702-4017-a468-b91230a7b5a2,20673c5c-f672-4387-ae9d-378ac6fa8be0,"Données réelles 2025, Texte riche",CSV,donnees,NA,2026-07-11
b2ab8b2b-8d2d-469d-a932-7c495a25eaf3,20673c5c-f672-4387-ae9d-378ac6fa8be0,"Données réelles 2025, Organisme absent",CSV,donnees,NA,2026-07-11
30a4dd74-2beb-494a-abb7-137d9b920ca3,20673c5c-f672-4387-ae9d-378ac6fa8be0,"Rapport financier, Données prévisionnelles 2025",XLSX,donnees,NA,2026-07-11
604cabd1-891d-4327-a85c-5991dccc82d4,20673c5c-f672-4387-ae9d-378ac6fa8be0,Données prévisionnelles non auditées 2025 Simple occurrence,CSV,donnees,NA,2026-07-11
1c85f2c3-7e8a-4cc7-bed4-5c57830add0d,20673c5c-f672-4387-ae9d-378ac6fa8be0,Données prévisionnelles non auditées 2025 MultiOccurrence,CSV,donnees,NA,2026-07-11
798f3886-ef6b-4b4f-89c1-089ee464244c,20673c5c-f672-4387-ae9d-378ac6fa8be0,Données prévisionnelles non auditées 2025 Texte riche,CSV,donnees,NA,2026-07-11
6187e29c-7617-4011-ae5d-cfb97d15f0c4,20673c5c-f672-4387-ae9d-378ac6fa8be0,Données prévisionnelles non auditées 2025 Organisme absent,CSV,donnees,NA,2026-07-11
c4192144-517f-4ae0-9bae-3f59c325685c,20673c5c-f672-4387-ae9d-378ac6fa8be0,"Rapport financier 2024, Données réelles",XLSX,donnees,NA,2026-07-11
f36db61a-86ea-405c-9fd5-c1453c68bd60,20673c5c-f672-4387-ae9d-378ac6fa8be0,Données réelles 2024 Simple occurrence,CSV,donnees,NA,2026-07-11
e294e761-0f97-4bba-a770-a6efa3af3c07,20673c5c-f672-4387-ae9d-378ac6fa8be0,Données réelles 2024 Multioccurrence,CSV,donnees,NA,2026-07-11
b2b4fb58-0c4e-4f77-b233-bea8a470e3e6,20673c5c-f672-4387-ae9d-378ac6fa8be0,Données réelles 2024 Texte riche,CSV,donnees,NA,2026-07-11
a6eafb2f-d8a9-45e2-bca2-9db26bce8d76,20673c5c-f672-4387-ae9d-378ac6fa8be0,Données réelles 2024 Organisme absent,CSV,donnees,NA,2026-07-11
3212100b-f281-439b-9c65-511b568e0e27,20673c5c-f672-4387-ae9d-378ac6fa8be0,Guide d'utilisation-MAMH-Données Québec,PDF,support,985649,2025-05-07
563a326e-972c-4a76-8328-7ea4011d439f,20673c5c-f672-4387-ae9d-378ac6fa8be0,"Données prévisionnelles non auditées 2026, Description des postes",CSV,support,NA,2026-07-11
9648e3aa-2ada-4c72-bcb2-340d4b58eb51,20673c5c-f672-4387-ae9d-378ac6fa8be0,"Données réelles 2025, Description des postes",CSV,support,NA,2026-07-11
2f26b5a0-4a86-42b8-af6e-7985c7391269,20673c5c-f672-4387-ae9d-378ac6fa8be0,"Rapport financier 2025, formulaire codifié",XLSX,support,2534862,2026-05-20
6956ecda-8800-465d-861b-40b3fc108ca1,20673c5c-f672-4387-ae9d-378ac6fa8be0,"Autres renseignements financiers non audités 2025, formulaire codifié",XLSX,support,804034,2026-02-04
e08d195d-1049-4f1e-bf64-dffc05fa3f59,20673c5c-f672-4387-ae9d-378ac6fa8be0,"Ventilation des dépenses mixtes 2025, formulaire codifié",XLSX,support,147226,2026-02-04
f4a4815a-ad97-4b39-997c-099ff5668977,20673c5c-f672-4387-ae9d-378ac6fa8be0,"Taux global de taxation réel 2025, formulaire codifié",XLSX,support,118912,2026-02-04
115e97fb-0c26-46be-b410-0780a475f96b,20673c5c-f672-4387-ae9d-378ac6fa8be0,"Données prévisionnelles non auditées 2026, formulaire codifié",XLSX,support,556468,2026-02-04
aba69c71-2fb5-4a37-bbe3-06a30cb6feb4,20673c5c-f672-4387-ae9d-378ac6fa8be0,"Questionnaire administratif et attestation de transmission et de consentement à la diffusion (Données réelles 2025 et Données prévisionnelles 2026), formulaire codifié",XLSX,support,63201,2026-02-04
20e7be86-9860-4d09-87d4-ba59dac1fc1b,20673c5c-f672-4387-ae9d-378ac6fa8be0,Données prévisionnelles non auditées 2025 Description poste,CSV,support,NA,2026-07-11
b2d411ac-2a30-4e97-8188-9a112042e383,20673c5c-f672-4387-ae9d-378ac6fa8be0,Données réelles 2024 Description poste,CSV,support,NA,2026-07-11
7106ad76-0bac-4592-9f4b-8ce4e9d194f2,20673c5c-f672-4387-ae9d-378ac6fa8be0,"Rapport financier 2024, formulaire codifié",XLSX,support,2435424,2025-03-13
28623ee1-4403-461e-9414-93aabc222bce,20673c5c-f672-4387-ae9d-378ac6fa8be0,"Autres renseignements financiers non audités 2024, formulaire codifié",XLSX,support,748005,2025-10-16
a5802b08-c739-4f12-aa73-86033de192f9,20673c5c-f672-4387-ae9d-378ac6fa8be0,"Ventilation des dépenses mixtes 2024, formulaire codifié",XLSX,support,146686,2025-03-03
1fa42630-3684-4135-8427-5e8a2e97504e,20673c5c-f672-4387-ae9d-378ac6fa8be0,"Taux global de taxation réel 2024, formulaire codifié",XLSX,support,129559,2025-03-03
2a630cd0-1acf-47b6-86b0-178d57203bc5,20673c5c-f672-4387-ae9d-378ac6fa8be0,"Données prévisionnelles non auditées 2025, formulaire codifié",XLSX,support,554896,2025-03-03
1791012c-57bc-4946-a7ad-12514d139c13,20673c5c-f672-4387-ae9d-378ac6fa8be0,"Questionnaire administratif et attestation de transmission et de consentement à la diffusion (Données réelles 2024 et Données prévisionnelles 2025), formulaire codifié",XLSX,support,61243,2025-03-03
6fee6be4-0094-4201-81e9-382a0db9b16f,20673c5c-f672-4387-ae9d-378ac6fa8be0,"Rapport financier, Données prévisionnelles 2024",XLSX,donnees,NA,2026-07-10
fe894152-9a6b-45ee-9752-b0f948c75dff,20673c5c-f672-4387-ae9d-378ac6fa8be0,Données prévisionnelles non auditées 2024 Simple occurrence,CSV,donnees,NA,2026-07-10
a96a2eb1-b6be-4749-b013-dc074bf27adc,20673c5c-f672-4387-ae9d-378ac6fa8be0,Données prévisionnelles non auditées 2024 MultiOccurrence,CSV,donnees,NA,2026-07-10
0c40c1c4-a5f1-412e-9bb1-1059637e3d5f,20673c5c-f672-4387-ae9d-378ac6fa8be0,Données prévisionnelles non auditées 2024 Texte riche,CSV,donnees,NA,2026-07-10
a4707bf7-b2be-4939-977d-be1ef0158eb4,20673c5c-f672-4387-ae9d-378ac6fa8be0,Données prévisionnelles non auditées 2024 Organisme absent,CSV,donnees,NA,2026-07-10
b846a36f-1fc1-4848-b0fb-4616a2ee3b90,20673c5c-f672-4387-ae9d-378ac6fa8be0,Données prévisionnelles non auditées 2024 Description poste,CSV,support,NA,2026-07-10
9868cf10-1c41-43f5-a141-1eb889370d58,20673c5c-f672-4387-ae9d-378ac6fa8be0,"Rapport financier 2023, Données réelles",XLSX,donnees,NA,2026-07-10
b33d3f93-a880-4955-85e6-8fa0836a6975,20673c5c-f672-4387-ae9d-378ac6fa8be0,Données réelles 2023 Simple occurrence,CSV,donnees,NA,2026-07-10
05535021-28e2-4133-ba77-0b5a4ee158de,20673c5c-f672-4387-ae9d-378ac6fa8be0,Données réelles 2023 Multioccurrence,CSV,donnees,NA,2026-07-10
d366e9ca-3190-4026-aea2-0943dd5659ff,20673c5c-f672-4387-ae9d-378ac6fa8be0,Données réelles 2023 Texte riche,CSV,donnees,NA,2026-07-10
72715ec5-31fd-4223-aa4b-127e5b2c6d8c,20673c5c-f672-4387-ae9d-378ac6fa8be0,Données réelles 2023 Organisme absent,CSV,donnees,NA,2026-07-10
2d175565-2992-4962-81d9-16c199e198c4,20673c5c-f672-4387-ae9d-378ac6fa8be0,Données réelles 2023 Description poste,CSV,support,NA,2026-07-10
61481969-9034-44e8-8341-c09be1254e55,20673c5c-f672-4387-ae9d-378ac6fa8be0,"Rapport financier 2023, formulaire codifié",XLSX,support,1944977,2025-04-30
c0f3c2fe-38a4-490c-929f-0497cd28d073,20673c5c-f672-4387-ae9d-378ac6fa8be0,"Autres renseignements financiers non audités 2023, formulaire codifié",XLSX,support,584759,2025-04-30
565773d4-408f-4a07-a13c-14a9932a43a8,20673c5c-f672-4387-ae9d-378ac6fa8be0,"Ventilation des dépenses mixtes 2023, formulaire codifié",XLSX,support,122981,2025-04-30
330895b2-3b62-4b51-86b9-2eaf2def04c5,20673c5c-f672-4387-ae9d-378ac6fa8be0,"Taux global de taxation réel 2023, formulaire codifié",XLSX,support,100522,2025-04-30
27d1e0a9-3640-4042-8a47-8ca2e0c18abb,20673c5c-f672-4387-ae9d-378ac6fa8be0,"Données prévisionnelles non auditées 2024, formulaire codifié",XLSX,support,419153,2025-04-30
4150ce59-aaf8-452f-bf72-e6b4bc1ead90,20673c5c-f672-4387-ae9d-378ac6fa8be0,"Questionnaire administratif et attestation de transmission et de consentement à la diffusion (Données réelles 2023 et Données prévisionnelles 2024), formulaire codifié",XLSX,support,50198,2025-04-30
2fd572d1-38a8-4d33-b6b8-2e8ca4296868,20673c5c-f672-4387-ae9d-378ac6fa8be0,"Rapport financier 2022, données des municipalités",CSV,donnees,NA,2026-05-21
d3d75fe0-0d77-4233-ab15-2a34ccf48765,20673c5c-f672-4387-ae9d-378ac6fa8be0,"﻿Rapport financier 2022, données des MRC",CSV,donnees,NA,2026-05-21
6d05815b-b6fb-4dfb-85f7-4d022831d080,20673c5c-f672-4387-ae9d-378ac6fa8be0,"﻿Rapport financier 2022, données des communautés métropolitaines",CSV,donnees,NA,2026-05-21
d713596f-40aa-4bdf-b0a6-58eacfc900d0,20673c5c-f672-4387-ae9d-378ac6fa8be0,"﻿Rapport financier 2022, données des régies intermunicipales",CSV,donnees,NA,2026-05-21
aa5fdcb4-06d9-494d-aa49-58359611f187,20673c5c-f672-4387-ae9d-378ac6fa8be0,"﻿Rapport financier 2022, données des organismes publics de transport",CSV,donnees,NA,2026-05-21
b98f85bb-1f2d-4885-9df0-75158e228f4d,20673c5c-f672-4387-ae9d-378ac6fa8be0,﻿Liste des organismes sans rapport financier 2022,CSV,donnees,NA,2026-05-21
7f2bdec5-74fc-4dd1-91cf-f93191278433,20673c5c-f672-4387-ae9d-378ac6fa8be0,"﻿Rapport financier 2022, données des municipalités",XLSX,donnees,NA,2026-05-21
170fd344-b9b4-42a9-8b03-11c4fd0b849c,20673c5c-f672-4387-ae9d-378ac6fa8be0,"﻿Rapport financier 2022, données des MRC",XLSX,donnees,NA,2026-05-21
3ed5cfa5-9249-4e61-b88d-d7eb53833f94,20673c5c-f672-4387-ae9d-378ac6fa8be0,"﻿Rapport financier 2022, données des communautés métropolitaines",XLSX,donnees,NA,2026-05-21
925080d8-2057-4c90-a7c9-0b040ba6f463,20673c5c-f672-4387-ae9d-378ac6fa8be0,"﻿Rapport financier 2022, données des régies intermunicipales",XLSX,donnees,NA,2026-05-21
a02ddcc1-b9b3-4e80-a67c-ffda3deff3d2,20673c5c-f672-4387-ae9d-378ac6fa8be0,"﻿Rapport financier 2022, données des organismes publics de transport",XLSX,donnees,NA,2026-05-21
65d047c4-c8dc-4283-8e9e-466e863662d2,20673c5c-f672-4387-ae9d-378ac6fa8be0,﻿Liste des organismes sans rapport financier 2022,XLSX,donnees,NA,2026-05-21
efe675e0-4420-4382-aa48-b9b590d7ba47,20673c5c-f672-4387-ae9d-378ac6fa8be0,"Rapport financier 2022, formulaire codifié",XLSX,support,NA,2025-03-03
5633aad6-4a8d-4345-b8d2-4dd0e50a139b,20673c5c-f672-4387-ae9d-378ac6fa8be0,"Autres renseignements financiers non audités 2022, formulaire codifié",XLSX,support,NA,2025-03-03
97415057-bfdf-480d-afea-d6c2d79a1eca,20673c5c-f672-4387-ae9d-378ac6fa8be0,"Ventilation des dépenses mixtes 2022, formulaire codifié",XLSX,support,NA,2025-03-03
c5f7bc4e-6efa-44e7-8959-7bbfd80eff5a,20673c5c-f672-4387-ae9d-378ac6fa8be0,"Taux global de taxation réel 2022, formulaire codifié",XLSX,support,NA,2025-03-03
445d8013-7f02-4aed-bcd9-929a964b7a21,20673c5c-f672-4387-ae9d-378ac6fa8be0,"Données prévisionnelles non auditées 2023, formulaire codifié",XLSX,support,NA,2025-03-03
a9659e35-a3ed-4eab-bea3-589ab6cdf321,20673c5c-f672-4387-ae9d-378ac6fa8be0,"Questionnaire administratif et attestation de transmission et de consentement à la diffusion 2022, formulaire codifié",XLSX,support,NA,2025-03-03
572ef14f-412e-4367-b544-b0dbf038206d,20673c5c-f672-4387-ae9d-378ac6fa8be0,Position des postes dans les formulaires codifiés 2022,CSV,support,NA,2025-03-03
9023bcb9-8ebf-4c8e-a82b-0eeda455c13e,20673c5c-f672-4387-ae9d-378ac6fa8be0,"Rapport financier 2021, données des municipalités",CSV,donnees,NA,2026-05-21
8236c8ba-8641-4003-b69c-4dcd4c409416,20673c5c-f672-4387-ae9d-378ac6fa8be0,"﻿Rapport financier 2021, données des MRC",CSV,donnees,NA,2026-05-21
85dc63c4-0822-4879-883f-6eef03cfe6d3,20673c5c-f672-4387-ae9d-378ac6fa8be0,"﻿Rapport financier 2021, données des communautés métropolitaines",CSV,donnees,NA,2026-05-21
e4c96228-5dbb-4de1-ac44-dc7cf4791871,20673c5c-f672-4387-ae9d-378ac6fa8be0,"﻿Rapport financier 2021, données des régies intermunicipales",CSV,donnees,NA,2026-05-21
439b0eb1-d2ec-4b85-af12-433c88147d2d,20673c5c-f672-4387-ae9d-378ac6fa8be0,"﻿Rapport financier 2021, données des organismes publics de transport",CSV,donnees,NA,2026-05-21
e2dead2c-bf9c-40f2-910c-a321f6a9b496,20673c5c-f672-4387-ae9d-378ac6fa8be0,﻿Liste des organismes sans rapport financier 2021,CSV,donnees,NA,2026-05-21
e2b94c50-366f-4df7-b8f0-70b3ae212d13,20673c5c-f672-4387-ae9d-378ac6fa8be0,﻿Liste des organismes sans rapport financier 2021,XLSX,donnees,NA,2026-05-21
3a80260b-bae9-4548-a7e6-d5aa40b47582,20673c5c-f672-4387-ae9d-378ac6fa8be0,"﻿Rapport financier 2021, données des municipalités",XLSX,donnees,NA,2026-05-21
447d966b-ea66-44ad-af27-bd6534246bcc,20673c5c-f672-4387-ae9d-378ac6fa8be0,"﻿Rapport financier 2021, données des MRC",XLSX,donnees,NA,2026-05-21
fabfb2cd-4141-41c9-a2d1-218a60af57d5,20673c5c-f672-4387-ae9d-378ac6fa8be0,"﻿Rapport financier 2021, données des communautés métropolitaines",XLSX,donnees,NA,2026-05-21
94482456-3847-4486-999d-42fd0ca42e54,20673c5c-f672-4387-ae9d-378ac6fa8be0,"﻿Rapport financier 2021, données des régies intermunicipales",XLSX,donnees,NA,2026-05-21
5ed60d6f-6b31-4da5-a800-c4dbca0cb4b1,20673c5c-f672-4387-ae9d-378ac6fa8be0,"﻿Rapport financier 2021, données des organismes publics de transport",XLSX,donnees,NA,2026-05-21
47a57c67-4a15-4f6b-a4e1-570ab4f4a6ad,20673c5c-f672-4387-ae9d-378ac6fa8be0,"Rapport financier 2021, formulaire codifié",XLSX,support,NA,2025-03-03
4339f728-0466-4c5c-b4cc-d38eb58ca800,20673c5c-f672-4387-ae9d-378ac6fa8be0,"Autres renseignements financiers non audités 2021, formulaire codifié",XLSX,support,NA,2025-03-03
b38ed1f2-6501-43aa-90e5-cc7e36824098,20673c5c-f672-4387-ae9d-378ac6fa8be0,"Ventilation des dépenses mixtes 2021, formulaire codifié",XLSX,support,NA,2025-03-03
7ba0857c-1041-439f-981b-3c81d60e2696,20673c5c-f672-4387-ae9d-378ac6fa8be0,"Taux global de taxation réel 2021, formulaire codifié",XLSX,support,NA,2025-03-03
e64b8515-4c07-44c0-be99-ab1d9705c674,20673c5c-f672-4387-ae9d-378ac6fa8be0,"Données prévisionnelles non auditées 2022, formulaire codifié",XLSX,support,NA,2025-03-03
cfaf511a-b07f-44ce-b243-de2ca62d6a81,20673c5c-f672-4387-ae9d-378ac6fa8be0,"Questionnaire administratif et attestation de transmission et de consentement à la diffusion 2021, formulaire codifié",XLSX,support,NA,2025-03-03
5eb7b971-780c-4440-b6ad-fb136856386b,20673c5c-f672-4387-ae9d-378ac6fa8be0,Position des postes dans les formulaires codifiés 2021,CSV,support,NA,2025-03-03
b3ba6dbe-b286-4f6f-b185-02434d68d8ca,20673c5c-f672-4387-ae9d-378ac6fa8be0," ﻿Rapport financier 2020, données des municipalités",CSV,donnees,NA,2025-07-30
16878e94-7c26-4014-9bb9-488bbe31d013,20673c5c-f672-4387-ae9d-378ac6fa8be0,"﻿Rapport financier 2020, données des MRC",CSV,donnees,NA,2025-07-30
30859f4e-0170-4d53-95fc-7e8306f560bd,20673c5c-f672-4387-ae9d-378ac6fa8be0,"﻿Rapport financier 2020, données des communautés métropolitaines",CSV,donnees,NA,2025-07-30
f5076c34-03ff-4f14-b818-7df3ce102c8a,20673c5c-f672-4387-ae9d-378ac6fa8be0,"﻿Rapport financier 2020, données des régies intermunicipales",CSV,donnees,NA,2025-07-30
d83fd785-b759-433f-a99e-c0e654d67665,20673c5c-f672-4387-ae9d-378ac6fa8be0,"﻿Rapport financier 2020, données des organismes publics de transport",CSV,donnees,NA,2025-07-30
21b833c7-2f90-4d41-9d08-ca98fd560d36,20673c5c-f672-4387-ae9d-378ac6fa8be0,﻿Liste des organismes sans rapport financier 2020,CSV,donnees,NA,2025-07-30
1a07ee27-a10b-434d-a122-d4e0159990f7,20673c5c-f672-4387-ae9d-378ac6fa8be0,﻿Liste des organismes sans rapport financier 2020,XLSX,donnees,NA,2025-07-30
75f8f85e-2fe1-4759-8a54-f54055a53142,20673c5c-f672-4387-ae9d-378ac6fa8be0,"﻿Rapport financier 2020, données des municipalités",XLSX,donnees,NA,2025-07-30
ba4ad027-5c48-497c-8003-e6cdf24f375e,20673c5c-f672-4387-ae9d-378ac6fa8be0,"﻿Rapport financier 2020, données des MRC",XLSX,donnees,NA,2025-07-30
65ccf968-ebf3-4047-aeb6-ee964a7a08c2,20673c5c-f672-4387-ae9d-378ac6fa8be0,"﻿Rapport financier 2020, données des communautés métropolitaines",XLSX,donnees,NA,2025-07-30
23bbbc6d-3a51-4e49-a8e3-6e551eb3abe6,20673c5c-f672-4387-ae9d-378ac6fa8be0,"﻿Rapport financier 2020, données des régies intermunicipales",XLSX,donnees,NA,2025-07-30
4d43b72e-4ae8-4e64-9981-1e86f642214f,20673c5c-f672-4387-ae9d-378ac6fa8be0,"﻿Rapport financier 2020, données des organismes publics de transport",XLSX,donnees,NA,2025-07-30
45e5bd0d-15bd-4e4e-acd3-5e498abf135d,20673c5c-f672-4387-ae9d-378ac6fa8be0,"Rapport financier 2020, formulaire codifié",XLSX,support,780612,2025-04-30
3575740c-5aac-4d3e-a46f-8ce65708df51,20673c5c-f672-4387-ae9d-378ac6fa8be0,"Autres renseignements financiers non audités 2020, formulaire codifié",XLSX,support,323497,2025-04-30
3b4708e3-37c8-4cfc-892e-52462cb9a4d8,20673c5c-f672-4387-ae9d-378ac6fa8be0,"Ventilation des dépenses mixtes 2020, formulaire codifié",XLSX,support,69381,2025-04-30
2a25a7a4-ba63-4279-a5e1-1d8676c7d459,20673c5c-f672-4387-ae9d-378ac6fa8be0,"Taux global de taxation réel 2020, formulaire codifié",XLSX,support,65195,2025-04-30
f9d3a301-63d1-4b86-9b60-2eb000836d41,20673c5c-f672-4387-ae9d-378ac6fa8be0,"Données prévisionnelles non auditées 2021, formulaire codifié",XLSX,support,268351,2025-04-30
6fff7c0b-d013-47ca-a8fa-79f579a01129,20673c5c-f672-4387-ae9d-378ac6fa8be0,"Questionnaire administratif et attestation de transmission et de consentement à la diffusion 2020, formulaire codifié",XLSX,support,44227,2025-04-30
78757749-6e97-4ac7-a3e3-45e8c0b7dae6,20673c5c-f672-4387-ae9d-378ac6fa8be0,Position des postes dans les formulaires codifiés 2020,CSV,support,NA,2025-03-03
a07182d3-f391-46d6-8c5a-2ac8aa270210,20673c5c-f672-4387-ae9d-378ac6fa8be0,"﻿Rapport financier 2019, données des municipalités",CSV,donnees,NA,2025-02-18
42714f6c-dda7-4696-8945-f66aa4fddf6b,20673c5c-f672-4387-ae9d-378ac6fa8be0,"﻿Rapport financier 2019, données des municipalités",XLSX,donnees,NA,2025-03-03
3bc15a13-aade-4789-a2c0-3dce384ba69d,20673c5c-f672-4387-ae9d-378ac6fa8be0,"﻿Rapport financier 2019, données des MRC",CSV,donnees,NA,2025-02-18
75614fd6-bea5-4763-ab4f-a01fb3ca39f2,20673c5c-f672-4387-ae9d-378ac6fa8be0,"﻿Rapport financier 2019, données des MRC",XLSX,donnees,NA,2025-03-03
32093cee-2264-4b9a-a84f-bffa7c9d09d0,20673c5c-f672-4387-ae9d-378ac6fa8be0,"﻿Rapport financier 2019, données des communautés métropolitaines",CSV,donnees,NA,2025-02-18
a13cfe84-48b4-498b-a28e-edafac9697dd,20673c5c-f672-4387-ae9d-378ac6fa8be0,"﻿Rapport financier 2019, données des communautés métropolitaines",XLSX,donnees,NA,2025-03-03
f742f4b9-9d4c-4c4a-a444-9a29894c3974,20673c5c-f672-4387-ae9d-378ac6fa8be0,"﻿Rapport financier 2019, données des régies intermunicipales",CSV,donnees,NA,2025-02-18
50edb71b-b34b-4480-abb4-8c29a9c79c64,20673c5c-f672-4387-ae9d-378ac6fa8be0,"﻿Rapport financier 2019, données des régies intermunicipales",XLSX,donnees,NA,2025-03-03
bdd254d6-e677-44bf-a5ee-d19cce75054f,20673c5c-f672-4387-ae9d-378ac6fa8be0,"﻿Rapport financier 2019, données des organismes publics de transport",CSV,donnees,NA,2025-02-18
f4eab135-14ef-41fb-a6bb-f64e288e9250,20673c5c-f672-4387-ae9d-378ac6fa8be0,"﻿Rapport financier 2019, données des organismes publics de transport",XLSX,donnees,NA,2025-03-03
59ff41d7-cb14-4237-888f-483c558f0f0f,20673c5c-f672-4387-ae9d-378ac6fa8be0,﻿Liste des organismes sans rapport financier 2019,CSV,donnees,NA,2025-02-18
9453053e-7bd4-452d-aacf-faebd9d27f9b,20673c5c-f672-4387-ae9d-378ac6fa8be0,﻿Liste des organismes sans rapport financier 2019,XLSX,donnees,NA,2025-03-03
f2104ff9-5f83-4554-baeb-ab7f090efebd,20673c5c-f672-4387-ae9d-378ac6fa8be0,"Rapport financier 2019, formulaire codifié",XLSX,support,543785,2025-04-30
1508c327-5136-4342-a261-b96324b93201,20673c5c-f672-4387-ae9d-378ac6fa8be0,"Autres renseignements financiers non audités 2019, formulaire codifié",XLSX,support,231543,2025-04-30
094af208-ddaa-42d0-9378-5bb8e916d2f5,20673c5c-f672-4387-ae9d-378ac6fa8be0,"Ventilation des dépenses mixtes 2019, formulaire codifié",XLSX,support,41495,2025-04-30
8f9c2cbe-aba0-4c49-b0f5-834a186a8533,20673c5c-f672-4387-ae9d-378ac6fa8be0,"Taux global de taxation réel 2019, formulaire codifié",XLSX,support,45388,2025-04-30
54bc51e1-631a-4cc8-a294-73aedbf70318,20673c5c-f672-4387-ae9d-378ac6fa8be0,"Données prévisionnelles non auditées 2020, formulaire codifié",XLSX,support,195313,2025-04-30
6bc6314c-4a3d-486b-b928-1b4cbe767ead,20673c5c-f672-4387-ae9d-378ac6fa8be0,"Questionnaire administratif et attestation de transmission et de consentement à la diffusion 2019, formulaire codifié",XLSX,support,28319,2025-04-30
f29fcbec-57ae-479b-8cbf-ef2e0543c22b,20673c5c-f672-4387-ae9d-378ac6fa8be0,Position des postes dans les formulaires codifiés 2019,CSV,support,NA,2025-03-03
64fc032e-f19f-430b-966a-b99fc0c7a0d2,20673c5c-f672-4387-ae9d-378ac6fa8be0,"﻿Rapport financier 2018, données des municipalités",CSV,donnees,NA,2025-02-19
cb1585a7-d375-42ed-8f18-1bb9477b86aa,20673c5c-f672-4387-ae9d-378ac6fa8be0,"﻿Rapport financier 2018, données des municipalités",XLSX,donnees,NA,2025-03-03
be29c85a-cbd2-46d7-bc94-4dc3026efe2d,20673c5c-f672-4387-ae9d-378ac6fa8be0,"﻿Rapport financier 2018, données des MRC",CSV,donnees,NA,2025-02-19
933104e1-5f66-4513-a3d8-e03beebe86d7,20673c5c-f672-4387-ae9d-378ac6fa8be0,"﻿Rapport financier 2018, données des MRC",XLSX,donnees,NA,2025-03-03
dfe2cea2-b8a9-436b-be12-86a19de9c9ad,20673c5c-f672-4387-ae9d-378ac6fa8be0,"﻿Rapport financier 2018, données des communautés métropolitaines",CSV,donnees,NA,2025-02-19
8a1c964e-55d4-4ed1-87a6-758df6b155b1,20673c5c-f672-4387-ae9d-378ac6fa8be0,"﻿Rapport financier 2018, données des communautés métropolitaines",XLSX,donnees,NA,2025-03-03
6b710144-730c-4f09-8de5-63d637d7e197,20673c5c-f672-4387-ae9d-378ac6fa8be0,"﻿Rapport financier 2018, données des régies intermunicipales",CSV,donnees,NA,2025-02-19
324d8d97-40ba-4759-91c8-15aecb5eb3fe,20673c5c-f672-4387-ae9d-378ac6fa8be0,"﻿Rapport financier 2018, données des régies intermunicipales",XLSX,donnees,NA,2025-03-03
c035a944-cf91-4e6b-ae2b-42d9f4621324,20673c5c-f672-4387-ae9d-378ac6fa8be0,"﻿Rapport financier 2018, données des organismes publics de transport",CSV,donnees,NA,2025-02-19
dd02a62e-6816-4a5a-b01d-706a797b165d,20673c5c-f672-4387-ae9d-378ac6fa8be0,"﻿Rapport financier 2018, données des organismes publics de transport",XLSX,donnees,NA,2025-03-03
919103ef-bbc3-4369-92a9-8e25c72f81a3,20673c5c-f672-4387-ae9d-378ac6fa8be0,﻿Liste des organismes sans rapport financier 2018,CSV,donnees,NA,2025-02-19
a98ed0f2-042c-43c7-84bb-40d421cd152c,20673c5c-f672-4387-ae9d-378ac6fa8be0,﻿Liste des organismes sans rapport financier 2018,XLSX,donnees,NA,2025-03-03
bafa8b13-31be-442b-a0d7-edcdcefb4a33,20673c5c-f672-4387-ae9d-378ac6fa8be0,"Rapport financier 2018, formulaire codifié",XLSX,support,897814,2025-04-30
a434b6d6-6db6-490c-817d-43f1ecbabcc0,20673c5c-f672-4387-ae9d-378ac6fa8be0,"Autres renseignements financiers non audités 2018, formulaire codifié",XLSX,support,342327,2025-04-30
d141880b-c949-4707-a664-201abcd11572,20673c5c-f672-4387-ae9d-378ac6fa8be0,"Ventilation des dépenses mixtes 2018, formulaire codifié",XLSX,support,62986,2025-04-30
b007ffbd-6ae8-4f26-98f1-c128a7e90e33,20673c5c-f672-4387-ae9d-378ac6fa8be0,"Taux global de taxation réel 2018, formulaire codifié",XLSX,support,63886,2025-04-30
3e61ed26-bcb0-481f-8f8d-56a2eac1b4a7,20673c5c-f672-4387-ae9d-378ac6fa8be0,"Données prévisionnelles non auditées 2019, formulaire codifié",XLSX,support,278110,2025-04-30
a02e2716-2905-4d81-9ccd-3296aa0a2aa1,20673c5c-f672-4387-ae9d-378ac6fa8be0,"Questionnaire administratif et attestation de transmission et de consentement à la diffusion 2018, formulaire codifié",XLSX,support,38895,2025-04-30
a077e64f-c842-4189-8774-786c5553490f,20673c5c-f672-4387-ae9d-378ac6fa8be0,Position des postes dans les formulaires codifiés 2018,CSV,support,NA,2025-03-03
63619ac2-c068-4164-b3a6-cccf8af2e755,20673c5c-f672-4387-ae9d-378ac6fa8be0,"Rapport financier 2017, formulaire codifié",XLSX,support,937353,2025-04-30
ec196157-f342-4589-b962-307c80b570c8,20673c5c-f672-4387-ae9d-378ac6fa8be0,"Rapport financier 2017, formulaire codifié pour les municipalités centrales",XLSX,support,1748580,2025-04-30
ca1d371f-e3ef-489e-a687-8f01052feb4e,20673c5c-f672-4387-ae9d-378ac6fa8be0,Position des postes dans le formulaire codifié 2017,CSV,support,NA,2025-03-03
1c336073-e845-42dc-9a1f-457b923afc5c,20673c5c-f672-4387-ae9d-378ac6fa8be0,"﻿Rapport financier 2017, données des municipalités",CSV,donnees,NA,2025-02-19
8acfb2e0-7b00-4041-899a-68046d0451d0,20673c5c-f672-4387-ae9d-378ac6fa8be0,"﻿Rapport financier 2017, données des municipalités",XLSX,donnees,NA,2025-03-03
b51c1b2f-f89a-4e91-8aa9-b0d53a1f9bec,20673c5c-f672-4387-ae9d-378ac6fa8be0,"﻿Rapport financier 2017, données des MRC",CSV,donnees,NA,2025-02-20
9f8a2503-725c-44ce-9013-e4cdaf43323b,20673c5c-f672-4387-ae9d-378ac6fa8be0,"﻿Rapport financier 2017, données des MRC",XLSX,donnees,NA,2025-03-03
6bcd820b-e249-4ce2-b12b-fbe6b1ff11fb,20673c5c-f672-4387-ae9d-378ac6fa8be0,"﻿Rapport financier 2017, données des communautés métropolitaines",CSV,donnees,NA,2025-02-20
1eb7c25d-47d9-42f4-97c3-c214d2a4a517,20673c5c-f672-4387-ae9d-378ac6fa8be0,"﻿Rapport financier 2017, données des communautés métropolitaines",XLSX,donnees,NA,2025-03-03
a7bf74e8-86ed-4212-9992-44b42004315e,20673c5c-f672-4387-ae9d-378ac6fa8be0,"﻿Rapport financier 2017, données des régies intermunicipales",CSV,donnees,NA,2025-02-20
100a2e91-e307-4037-b73f-b58a3e1a0992,20673c5c-f672-4387-ae9d-378ac6fa8be0,"﻿Rapport financier 2017, données des régies intermunicipales",XLSX,donnees,NA,2025-03-03
98d8afe7-3b02-484c-ac37-30225b33e091,20673c5c-f672-4387-ae9d-378ac6fa8be0,"﻿Rapport financier 2017, données des organismes publics de transport",CSV,donnees,NA,2025-02-20
31f37533-fa58-4b88-aa93-a717a25a37fc,20673c5c-f672-4387-ae9d-378ac6fa8be0,"﻿Rapport financier 2017, données des organismes publics de transport",XLSX,donnees,NA,2025-03-03
6ec877fc-a3ac-4a60-8fff-bad458821875,20673c5c-f672-4387-ae9d-378ac6fa8be0,﻿Liste des organismes sans rapport financier 2017,CSV,donnees,NA,2025-02-20
d9de39a1-63a8-405c-b97e-a2416ec15df1,20673c5c-f672-4387-ae9d-378ac6fa8be0,﻿Liste des organismes sans rapport financier 2017,XLSX,donnees,NA,2025-03-03
59caa25d-4596-4354-b4e0-579e72e7b5b8,20673c5c-f672-4387-ae9d-378ac6fa8be0,"﻿Rapport financier 2016, données des municipalités",CSV,donnees,NA,2025-02-20
38b477e3-a2ef-4157-97b7-2e5d0eac0770,20673c5c-f672-4387-ae9d-378ac6fa8be0,"﻿Rapport financier 2016, données des municipalités",XLSX,donnees,NA,2025-02-28
ba95b26d-bf7c-4967-8dc0-eb378f495e99,20673c5c-f672-4387-ae9d-378ac6fa8be0,"﻿Rapport financier 2016, données des MRC",CSV,donnees,NA,2025-02-20
dbf7cccb-1a93-45d1-bb98-ca040014e70f,20673c5c-f672-4387-ae9d-378ac6fa8be0,"﻿Rapport financier 2016, données des MRC",XLSX,donnees,NA,2025-02-20
18c293bc-008c-4275-a83c-067a959c4d8a,20673c5c-f672-4387-ae9d-378ac6fa8be0,"﻿Rapport financier 2016, données des communautés métropolitaines",CSV,donnees,NA,2025-02-20
9090bc85-aeb2-4eda-b5bd-a8b848d06232,20673c5c-f672-4387-ae9d-378ac6fa8be0,"﻿Rapport financier 2016, données des communautés métropolitaines",XLSX,donnees,NA,2025-02-20
ad724267-e663-46b1-8481-358212b03103,20673c5c-f672-4387-ae9d-378ac6fa8be0,"﻿Rapport financier 2016, données des régies intermunicipales",CSV,donnees,NA,2025-02-20
e684cb69-e655-4868-8c8f-73ec2434d3df,20673c5c-f672-4387-ae9d-378ac6fa8be0,"﻿Rapport financier 2016, données des régies intermunicipales",XLSX,donnees,NA,2025-03-03
481acb35-8b95-42f7-af83-4a29f206d425,20673c5c-f672-4387-ae9d-378ac6fa8be0,"﻿Rapport financier 2016, données des organismes publics de transport",CSV,donnees,NA,2025-02-20
1203eecc-0540-4773-848d-c8a392bc34de,20673c5c-f672-4387-ae9d-378ac6fa8be0,"﻿Rapport financier 2016, données des organismes publics de transport",XLSX,donnees,NA,2025-03-03
28b7c96f-9c84-436d-a21c-0ea05ad51a6b,20673c5c-f672-4387-ae9d-378ac6fa8be0,"Rapport financier 2016, formulaire codifié",XLSX,support,1396736,2025-04-30
8cf594ed-660b-40e3-a0d5-58fd38658bf2,20673c5c-f672-4387-ae9d-378ac6fa8be0,"Rapport financier 2016, formulaire codifié pour les municipalités centrales",XLSX,support,1195745,2025-04-30
456adc49-334c-4649-8b60-3133d58c0cc8,20673c5c-f672-4387-ae9d-378ac6fa8be0,Position des postes dans le formulaire codifié 2016,CSV,support,NA,2025-03-03
6e2aec92-5aeb-4e01-986f-1aad6e6e5805,20673c5c-f672-4387-ae9d-378ac6fa8be0,﻿Liste des organismes sans rapport financier 2016,CSV,donnees,NA,2025-02-20
bb888ea2-6e92-40c5-b41c-8e65629f698c,20673c5c-f672-4387-ae9d-378ac6fa8be0,﻿Liste des organismes sans rapport financier 2016,XLSX,donnees,NA,2025-02-20
704e8703-8cad-42c7-9816-204c1ff5572c,20673c5c-f672-4387-ae9d-378ac6fa8be0,"Rapport financier 2015, données des municipalités",CSV,donnees,17994100,2025-05-05
b82321e8-6bf5-4ad7-9610-9cacbd688e01,20673c5c-f672-4387-ae9d-378ac6fa8be0,"Rapport financier 2015, données des MRC",CSV,donnees,1457841,2025-05-05
93d6f35f-83ce-4969-bbf6-00b9de3437b9,20673c5c-f672-4387-ae9d-378ac6fa8be0,"Rapport financier 2015, données des communautés métropolitaines",CSV,donnees,41805,2025-05-05
b0e06311-57bd-45b5-8b70-3f948a840e62,20673c5c-f672-4387-ae9d-378ac6fa8be0,"Rapport financier 2015, données des organismes publics de transport",CSV,donnees,180905,2025-05-05
05de30b2-e4dc-481f-89dd-b81e4110aa62,20673c5c-f672-4387-ae9d-378ac6fa8be0,"Rapport financier 2015, données des régies intermunicipales",CSV,donnees,1019324,2025-05-05
452c0c8d-b597-4424-8473-f7fe1cd5f8fe,20673c5c-f672-4387-ae9d-378ac6fa8be0,"Rapport financier 2015, formulaire codifié",XLSX,support,1842688,2025-04-30
f58d28f4-e590-4bf7-b577-068d0032fa25,20673c5c-f672-4387-ae9d-378ac6fa8be0,"Rapport financier 2015, formulaire codifié pour les municipalités centrales",XLSX,support,2649600,2025-04-30
56619be8-6b03-4a69-a3aa-ece68dbff4bf,20673c5c-f672-4387-ae9d-378ac6fa8be0,Position des postes dans le formulaire codifié 2015,CSV,support,87850,2025-05-05
452049e9-eb0e-4bee-b4aa-ab3299266023,20673c5c-f672-4387-ae9d-378ac6fa8be0,Liste des organismes sans rapport financier 2015,CSV,donnees,1037,2025-05-05
694438d1-cc93-43b3-8691-3a9a7ba678de,b34de345-5bfe-4db2-a714-ed239a0c0b81,Profil financier des municipalités 2024-2025,XLSX,donnees,NA,2026-07-11
15192f34-a635-47f5-aaf9-eb1621d65b2e,b34de345-5bfe-4db2-a714-ed239a0c0b81,"Profil financier des municipalités 2024-2025, données de 2025",CSV,donnees,NA,2026-07-11
a8da6c1f-266d-494c-99af-638059d56a47,b34de345-5bfe-4db2-a714-ed239a0c0b81,"Profil financier des municipalités 2024-2025, données de 2024",CSV,donnees,NA,2026-07-11
927a253f-0fa6-4cb4-bbff-baad17d71c65,b34de345-5bfe-4db2-a714-ed239a0c0b81,"Profil financiers des municipalités 2024-2025, données de 2025 agrégées par MRC",CSV,donnees,NA,2026-07-11
3c6a44c4-2ea1-4b67-b3d3-57a4541503b2,b34de345-5bfe-4db2-a714-ed239a0c0b81,"Profil financiers des municipalités 2024-2025, données de 2024 agrégées par MRC",CSV,donnees,NA,2026-07-11
2bc25be0-97e9-4314-8ed1-23205484622e,b34de345-5bfe-4db2-a714-ed239a0c0b81,"Profil financier des municipalités 2024-2025, données de 2025 agrégées par région administrative",CSV,donnees,NA,2026-07-11
50095391-1202-4879-80ab-51eed3a1c34c,b34de345-5bfe-4db2-a714-ed239a0c0b81,"Profil financier des municipalités 2024-2025, données de 2024 agrégées par région administrative",CSV,donnees,NA,2026-07-11
12b38e53-b289-4e90-83ef-40cb39e71f53,b34de345-5bfe-4db2-a714-ed239a0c0b81,"Profil financier des municipalités 2024-2025, données de 2025 agrégées pour le Québec",CSV,donnees,NA,2026-07-11
5dec077d-4ef9-4e22-99e9-0c4f3a6dd52d,b34de345-5bfe-4db2-a714-ed239a0c0b81,"Profil financier des municipalités 2024-2025, données de 2024 agrégées pour le Québec",CSV,donnees,NA,2026-07-11
0a1ed360-6648-4926-9270-e31f9dd48c21,b34de345-5bfe-4db2-a714-ed239a0c0b81,"Profil financier des municipalités 2024-2025, données de 2025 agrégées par classe de population",CSV,donnees,NA,2026-07-11
a4b0220e-0648-4366-b141-46050d63190c,b34de345-5bfe-4db2-a714-ed239a0c0b81,"Profil financier des municipalités 2024-2025, données de 2024 agrégées par classe de population",CSV,donnees,NA,2026-07-11
0b84a71a-8d6b-4ee4-8ab4-a1bfe63b661c,b34de345-5bfe-4db2-a714-ed239a0c0b81,"Profil financier des municipalités 2024-2025, postes de 2025",CSV,support,NA,2026-07-11
c0250710-8e8c-4409-8199-466b463c4485,b34de345-5bfe-4db2-a714-ed239a0c0b81,"Profil financier des municipalités 2024-2025, postes de 2024",CSV,support,NA,2026-07-11
ad9744f7-20c4-470b-97b2-ec396325e5ec,b34de345-5bfe-4db2-a714-ed239a0c0b81,Profil financier des municipalités 2023-2024,XLSX,donnees,NA,2026-07-10
b9d8b9ac-fff4-4edd-b08b-b0c4e651ff79,b34de345-5bfe-4db2-a714-ed239a0c0b81,"Profil financier des municipalités 2023-2024, données de 2024",CSV,donnees,NA,2026-07-10
f38d71b5-1c70-4a00-9efc-15fcfddbdd01,b34de345-5bfe-4db2-a714-ed239a0c0b81,"Profil financier des municipalités 2023-2024, données de 2023",CSV,donnees,NA,2026-07-10
c3c43f21-5333-4e38-87e0-479342a8cf7b,b34de345-5bfe-4db2-a714-ed239a0c0b81,"Profil financier des municipalités 2023-2024, données de 2024 agrégées par MRC",CSV,donnees,NA,2026-07-10
2bc7b47d-8bf4-4580-8d7b-b048242e41ae,b34de345-5bfe-4db2-a714-ed239a0c0b81,"Profil financier des municipalités 2023-2024, données de 2023 agrégées par MRC",CSV,donnees,NA,2026-07-10
4e4d285d-7f7d-4965-b943-de2c63c702cd,b34de345-5bfe-4db2-a714-ed239a0c0b81,"Profil financier des municipalités 2023-2024, données de 2024 agrégées par région administrative",CSV,donnees,NA,2026-07-10
fd087427-4159-4d99-bf22-077132ad4da0,b34de345-5bfe-4db2-a714-ed239a0c0b81,"Profil financier des municipalités 2023-2024, données de 2023 agrégées par région administrative",CSV,donnees,NA,2026-07-10
debfba97-01c7-41a5-b74b-74a8be08e3e9,b34de345-5bfe-4db2-a714-ed239a0c0b81,"Profil financier des municipalités 2023-2024, données de 2024 agrégées par classe de population",CSV,donnees,NA,2026-07-10
6fc81736-6223-4247-afcc-79db91e17c95,b34de345-5bfe-4db2-a714-ed239a0c0b81,"Profil financier des municipalités 2023-2024, données de 2023 agrégées par classe de population",CSV,donnees,NA,2026-07-10
10405a19-7940-4786-a93a-9f31f925a446,b34de345-5bfe-4db2-a714-ed239a0c0b81,"Profil financier des municipalités 2023-2024, données de 2024 agrégées pour le Québec",CSV,donnees,NA,2026-07-10
8e9c26a9-3027-4bef-8fd2-45d1cb05fcc8,b34de345-5bfe-4db2-a714-ed239a0c0b81,"Profil financier des municipalités 2023-2024, données de 2023 agrégées pour le Québec",CSV,donnees,NA,2026-07-10
f1710aab-e4e9-431a-b76c-7be024a3b6e4,b34de345-5bfe-4db2-a714-ed239a0c0b81,"Profil financier des municipalités 2023-2024, postes de 2024",CSV,support,NA,2026-07-10
98f341bb-5175-4e21-8d46-08d61299060f,b34de345-5bfe-4db2-a714-ed239a0c0b81,"Profil financier des municipalités 2023-2024, postes de 2023",CSV,support,NA,2026-07-10
d97c2c9d-50c4-43b8-88ad-e100dc490cf5,b34de345-5bfe-4db2-a714-ed239a0c0b81,"Profil financier des municipalités 2023, données de 2023",CSV,donnees,NA,2025-02-14
c4ced2fc-d545-4859-bbf3-d4c2602c1583,b34de345-5bfe-4db2-a714-ed239a0c0b81,"Profil financier des municipalités 2023, données de 2023",XLSX,donnees,NA,2025-03-10
e31619a5-aa57-406b-aea0-2d99bed545a6,b34de345-5bfe-4db2-a714-ed239a0c0b81,"Profil financier des municipalités 2023, données de 2022",CSV,donnees,NA,2025-02-18
fc77bb9f-dab8-4c69-8b2e-05cad6c2dd9b,b34de345-5bfe-4db2-a714-ed239a0c0b81,"Profil financier des municipalités 2023, données de 2022",XLSX,donnees,NA,2025-03-10
64ab84f5-d400-4f2c-a68e-b7f80cff05dc,b34de345-5bfe-4db2-a714-ed239a0c0b81,"Profil financier des municipalités 2023, données de 2023 agrégées par MRC",CSV,donnees,NA,2025-03-10
a231789e-67ee-4984-984e-b4c6a7c9ad52,b34de345-5bfe-4db2-a714-ed239a0c0b81,"Profil financier des municipalités 2023, données de 2023 agrégées par MRC",XLSX,donnees,NA,2025-03-10
04078da3-a968-4b9a-a38d-600aa66ae601,b34de345-5bfe-4db2-a714-ed239a0c0b81,"Profil financier des municipalités 2023, données de 2022 agrégées par MRC",CSV,donnees,NA,2025-02-26
80105549-7b07-4aa7-9881-7deeba96be5a,b34de345-5bfe-4db2-a714-ed239a0c0b81,"Profil financier des municipalités 2023, données de 2022 agrégées par MRC",XLSX,donnees,NA,2025-03-10
adf68e2e-7fb2-4699-9e75-33dc77d8d0b7,b34de345-5bfe-4db2-a714-ed239a0c0b81,"Profil financier des municipalités 2023, données de 2023 agrégées par région administrative",CSV,donnees,NA,2025-03-10
0e82ca46-8c47-4d84-98be-147abca9f562,b34de345-5bfe-4db2-a714-ed239a0c0b81,"Profil financier des municipalités 2023, données de 2023 agrégées par région administrative",XLSX,donnees,NA,2025-03-10
7eef4cb0-b895-4189-ad88-e4209deb2e96,b34de345-5bfe-4db2-a714-ed239a0c0b81,"Profil financier des municipalités 2023, données de 2022 agrégées par région administrative",CSV,donnees,NA,2025-03-10
00fcf23c-cf26-4dd7-bdbf-53b09a2f86e9,b34de345-5bfe-4db2-a714-ed239a0c0b81,"Profil financier des municipalités 2023, données de 2022 agrégées par région administrative",XLSX,donnees,NA,2025-03-10
e4c8f589-8c7f-417c-a589-7664c641d8b1,b34de345-5bfe-4db2-a714-ed239a0c0b81,"Profil financier des municipalités 2023, données de 2023 agrégées par classe de population",CSV,donnees,NA,2025-03-10
62407068-5a45-4c2a-9545-18489b62635f,b34de345-5bfe-4db2-a714-ed239a0c0b81,"Profil financier des municipalités 2023, données de 2023 agrégées par classe de population",XLSX,donnees,NA,2025-03-10
bf9d5a6f-6c2b-402f-9b31-4e74fefd9dfa,b34de345-5bfe-4db2-a714-ed239a0c0b81,"Profil financier des municipalités 2023, données de 2022 agrégées par classe de population",CSV,donnees,NA,2025-03-10
d4faaa82-ff7c-4391-aae0-f3d30e65735d,b34de345-5bfe-4db2-a714-ed239a0c0b81,"Profil financier des municipalités 2023, données de 2022 agrégées par classe de population",XLSX,donnees,NA,2025-03-10
ed8f1a3c-9dc9-496f-8bde-1de2bc9f0e8f,b34de345-5bfe-4db2-a714-ed239a0c0b81,"Profil financier des municipalités 2023, données de 2023 agrégées pour le Québec",CSV,donnees,NA,2025-03-10
b747bda1-8487-4176-8c25-b82eb1a51532,b34de345-5bfe-4db2-a714-ed239a0c0b81,"Profil financier des municipalités 2023, données de 2023 agrégées pour le Québec",XLSX,donnees,NA,2025-03-10
665a80c8-9465-46cb-9233-8ec722dff548,b34de345-5bfe-4db2-a714-ed239a0c0b81,"Profil financier des municipalités 2023, données de 2022 agrégées pour le Québec",CSV,donnees,NA,2025-03-10
760bde3f-582d-4ac4-9b98-d825b8ebcaa0,b34de345-5bfe-4db2-a714-ed239a0c0b81,"Profil financier des municipalités 2023, données de 2022 agrégées pour le Québec",XLSX,donnees,NA,2025-03-10
197970d6-c6b4-4421-a40d-6884bd9c35dc,b34de345-5bfe-4db2-a714-ed239a0c0b81,"Profil financier des municipalités 2023, postes de 2023",CSV,support,NA,2025-03-10
0eeacb3d-f791-45fe-a112-59536ad84f05,b34de345-5bfe-4db2-a714-ed239a0c0b81,"Profil financier des municipalités 2023, postes de 2022",CSV,support,NA,2025-03-10
bc279b95-c11e-4897-b4b7-3e97a3b232a7,b34de345-5bfe-4db2-a714-ed239a0c0b81,"Profil financier des municipalités 2023, postes de 2023",XLSX,support,NA,2025-03-10
7bf626db-b0ce-4b64-8305-64a7df50449a,b34de345-5bfe-4db2-a714-ed239a0c0b81,"Profil financier des municipalités 2023, postes de 2022",XLSX,support,NA,2025-03-10
03a9e815-3348-4a71-8058-682d873437a8,b34de345-5bfe-4db2-a714-ed239a0c0b81,"Profil financier 2023, renseignements complémentaires",PDF,support,NA,2025-03-10
fd0ebd4a-35c8-4316-a3e4-cf7e05dfd654,b34de345-5bfe-4db2-a714-ed239a0c0b81,"Profil financier des municipalités 2022, données de 2022",CSV,donnees,NA,2025-03-04
8a8483d1-3f49-4dca-a784-778ff410bf51,b34de345-5bfe-4db2-a714-ed239a0c0b81,"Profil financier des municipalités 2022, données de 2022",XLSX,donnees,NA,2025-03-10
f2769679-cd97-4fc9-aa47-5fa81e57ca72,b34de345-5bfe-4db2-a714-ed239a0c0b81,"Profil financier des municipalités 2022, postes de 2022",CSV,support,NA,2025-03-10
c49c1a83-292b-4439-851c-f0076dc454b3,b34de345-5bfe-4db2-a714-ed239a0c0b81,"Profil financier des municipalités 2022, données de 2021",CSV,donnees,NA,2025-03-04
771e1a46-0eb0-4287-8352-8fe11ba713af,b34de345-5bfe-4db2-a714-ed239a0c0b81,"Profil financier des municipalités 2022, données de 2021",XLSX,donnees,NA,2025-03-10
83b504cb-c4e5-414e-941d-e075fa055472,b34de345-5bfe-4db2-a714-ed239a0c0b81,"Profil financier des municipalités 2022, données de 2022 agrégées par MRC",CSV,donnees,NA,2025-03-04
2f2eeaab-444e-4436-97a9-3fec50840a8a,b34de345-5bfe-4db2-a714-ed239a0c0b81,"Profil financier des municipalités 2022, données de 2022 agrégées par MRC",XLSX,donnees,NA,2025-03-10
6a8b111f-695b-46af-822e-1da97106c81c,b34de345-5bfe-4db2-a714-ed239a0c0b81,"Profil financier des municipalités 2022, données de 2021 agrégées par MRC",CSV,donnees,NA,2025-03-04
9885fbd5-d6a6-46f1-b01d-0a23e9f8917a,b34de345-5bfe-4db2-a714-ed239a0c0b81,"Profil financier des municipalités 2022, données de 2021 agrégées par MRC",XLSX,donnees,NA,2025-03-10
310109d4-ed42-434b-8666-2b7d68f8098b,b34de345-5bfe-4db2-a714-ed239a0c0b81,"Profil financier des municipalités 2022, données de 2022 agrégées par région administrative",CSV,donnees,NA,2025-03-04
d7f1697a-f2db-408e-a34f-3b8241f7c067,b34de345-5bfe-4db2-a714-ed239a0c0b81,"Profil financier des municipalités 2022, données de 2022 agrégées par région administrative",XLSX,donnees,NA,2025-03-10
39dcf565-d408-4397-a49b-fab3095375c4,b34de345-5bfe-4db2-a714-ed239a0c0b81,"Profil financier des municipalités 2022, données de 2021 agrégées par région administrative",CSV,donnees,NA,2025-03-04
2de6f920-6ef7-4633-a660-e2802a10d1b8,b34de345-5bfe-4db2-a714-ed239a0c0b81,"Profil financier des municipalités 2022, données de 2021 agrégées par région administrative",XLSX,donnees,NA,2025-03-10
19c1479d-d906-475e-b272-156a4cbcb11c,b34de345-5bfe-4db2-a714-ed239a0c0b81,"Profil financier des municipalités 2022, données de 2022 agrégées par classe de population",CSV,donnees,NA,2025-03-04
315180c5-15a7-478a-b6b1-a39913889f6a,b34de345-5bfe-4db2-a714-ed239a0c0b81,"Profil financier des municipalités 2022, données de 2022 agrégées par classe de population",XLSX,donnees,NA,2025-03-10
6e4d2070-e0e8-4b20-b935-2fb2ef275c69,b34de345-5bfe-4db2-a714-ed239a0c0b81,"Profil financier des municipalités 2022, données de 2021 agrégées par classe de population",CSV,donnees,NA,2025-03-04
970e958d-e33e-41c7-99f3-9aa1514e9423,b34de345-5bfe-4db2-a714-ed239a0c0b81,"Profil financier des municipalités 2022, données de 2021 agrégées par classe de population",XLSX,donnees,NA,2025-03-10
c1f0de01-4b3e-4e59-a1ad-10c930e0668a,b34de345-5bfe-4db2-a714-ed239a0c0b81,"Profil financier des municipalités 2022, données de 2022 agrégées pour le Québec",CSV,donnees,NA,2025-03-04
019198b3-ff31-4539-a3e7-fa168718c196,b34de345-5bfe-4db2-a714-ed239a0c0b81,"Profil financier des municipalités 2022, données de 2022 agrégées pour le Québec",XLSX,donnees,NA,2025-03-10
7178cac8-920e-481f-aed2-54f5a696fc36,b34de345-5bfe-4db2-a714-ed239a0c0b81,"Profil financier des municipalités 2022, données de 2021 agrégées pour le Québec",CSV,donnees,NA,2025-03-04
8d9bd04d-f51f-46cc-8532-1774de51b815,b34de345-5bfe-4db2-a714-ed239a0c0b81,"Profil financier des municipalités 2022, données de 2021 agrégées pour le Québec",XLSX,donnees,NA,2025-03-10
74840df0-a548-484a-85c8-3cfa18b6559f,b34de345-5bfe-4db2-a714-ed239a0c0b81,"Profil financier des municipalités 2022, postes de 2021",CSV,support,NA,2025-03-10
9ccc84bf-0ab5-4117-8474-124326a0c8a0,b34de345-5bfe-4db2-a714-ed239a0c0b81,"Profil financier des municipalités 2022, postes de 2022",XLSX,support,NA,2025-03-10
3067f627-5e8e-462f-9a6d-7bc631b4be49,b34de345-5bfe-4db2-a714-ed239a0c0b81,"Profil financier des municipalités 2022, postes de 2021",XLSX,support,NA,2025-03-10
a2f67adf-7090-4fff-8821-750e7164d328,b34de345-5bfe-4db2-a714-ed239a0c0b81,"Profil financier 2022, renseignements complémentaires",PDF,support,NA,2025-03-10
403b7f68-bf7f-48c0-b215-0a97beb7eb83,b34de345-5bfe-4db2-a714-ed239a0c0b81,"Profil financier des municipalités 2021, données de 2021",CSV,donnees,NA,2025-03-04
041a34d8-2160-4802-b50f-059996719817,b34de345-5bfe-4db2-a714-ed239a0c0b81,"Profil financier des municipalités 2021, données de 2021",XLSX,donnees,NA,2025-03-10
53d19217-efe1-4bd1-b325-132b5e44c4ad,b34de345-5bfe-4db2-a714-ed239a0c0b81,"Profil financier des municipalités 2021, données de 2020",CSV,donnees,NA,2025-03-04
b3d8da40-3aac-49a8-971f-9e90243319e6,b34de345-5bfe-4db2-a714-ed239a0c0b81,"Profil financier des municipalités 2021, données de 2020",XLSX,donnees,NA,2025-03-10
7ef98284-8393-4e40-be78-87664e8fdca8,b34de345-5bfe-4db2-a714-ed239a0c0b81,"Profil financier des municipalités 2021, données de 2021 agrégées par MRC",CSV,donnees,NA,2025-03-04
207a614b-35d1-488d-ac81-643226908abf,b34de345-5bfe-4db2-a714-ed239a0c0b81,"Profil financier des municipalités 2021, données de 2021 agrégées par MRC",XLSX,donnees,NA,2025-03-10
446a4a5c-c955-42cb-9633-0a18be440ccb,b34de345-5bfe-4db2-a714-ed239a0c0b81,"Profil financier des municipalités 2021, données de 2020 agrégées par MRC",CSV,donnees,NA,2025-03-04
d2fed05a-a7f5-4760-89fc-58e8ec006f21,b34de345-5bfe-4db2-a714-ed239a0c0b81,"Profil financier des municipalités 2021, données de 2020 agrégées par MRC",XLSX,donnees,NA,2025-03-10
96c86785-a043-41f9-80fd-bcf4f536468c,b34de345-5bfe-4db2-a714-ed239a0c0b81,"Profil financier des municipalités 2021, données de 2021 agrégées par région administrative",CSV,donnees,NA,2025-03-04
e885c81f-bb39-44a7-b519-1cd5cdc96ab4,b34de345-5bfe-4db2-a714-ed239a0c0b81,"Profil financier des municipalités 2021, données de 2021 agrégées par région administrative",XLSX,donnees,NA,2025-03-10
66482669-a219-40c7-95b4-0fa7f623f8af,b34de345-5bfe-4db2-a714-ed239a0c0b81,"Profil financier des municipalités 2021, données de 2020 agrégées par région administrative",CSV,donnees,NA,2025-03-04
e9e1123d-91ca-4a00-9e37-4d2e77430445,b34de345-5bfe-4db2-a714-ed239a0c0b81,"Profil financier des municipalités 2021, données de 2020 agrégées par région administrative",XLSX,donnees,NA,2025-03-10
f155d6e4-af2d-4a0a-a6e3-8129576bd0be,b34de345-5bfe-4db2-a714-ed239a0c0b81,"Profil financier des municipalités 2021, données de 2021 agrégées par classe de population",CSV,donnees,NA,2025-03-04
4cb1752b-6603-40f9-adda-5e96ce180658,b34de345-5bfe-4db2-a714-ed239a0c0b81,"Profil financier des municipalités 2021, données de 2021 agrégées par classe de population",XLSX,donnees,NA,2025-03-10
83a29bdf-747e-4fae-affa-dceae45c9006,b34de345-5bfe-4db2-a714-ed239a0c0b81,"Profil financier des municipalités 2021, données de 2020 agrégées par classe de population",CSV,donnees,NA,2025-03-04
b14f3394-c252-48b0-862f-70c0f8c4a280,b34de345-5bfe-4db2-a714-ed239a0c0b81,"Profil financier des municipalités 2021, données de 2020 agrégées par classe de population",XLSX,donnees,NA,2025-03-10
70597ba4-eece-4954-8ee6-da3d351dfb57,b34de345-5bfe-4db2-a714-ed239a0c0b81,"Profil financier des municipalités 2021, données de 2021 agrégées pour le Québec",CSV,donnees,NA,2025-03-04
0166b01d-a0fd-4606-9d43-1e93283fa292,b34de345-5bfe-4db2-a714-ed239a0c0b81,"Profil financier des municipalités 2021, données de 2021 agrégées pour le Québec",XLSX,donnees,NA,2025-03-10
168cf3ec-e664-4f42-8d9b-843e10152dea,b34de345-5bfe-4db2-a714-ed239a0c0b81,"Profil financier des municipalités 2021, données de 2020 agrégées pour le Québec",CSV,donnees,NA,2025-03-04
738664bc-b316-4b34-876f-f40900744de3,b34de345-5bfe-4db2-a714-ed239a0c0b81,"Profil financier des municipalités 2021, données de 2020 agrégées pour le Québec",XLSX,donnees,NA,2025-03-10
ff117ff7-bd0a-40a0-9641-114fa195316b,b34de345-5bfe-4db2-a714-ed239a0c0b81,"Profil financier des municipalités 2021, postes de 2021",CSV,support,NA,2025-03-10
9e1e2239-b1b4-44e5-83cb-92b46258bd71,b34de345-5bfe-4db2-a714-ed239a0c0b81,"Profil financier des municipalités 2021, postes de 2020",CSV,support,NA,2025-03-10
a4b9befc-0690-452b-86dc-05edeb0492eb,b34de345-5bfe-4db2-a714-ed239a0c0b81,"Profil financier des municipalités 2021, postes de 2021",XLSX,support,NA,2025-03-10
0923f67e-4108-40de-b943-57293a46c09e,b34de345-5bfe-4db2-a714-ed239a0c0b81,"Profil financier des municipalités 2021, postes de 2020",XLSX,support,NA,2025-03-10
14411d9b-d183-413e-b4b0-f1b51379e819,b34de345-5bfe-4db2-a714-ed239a0c0b81,"Profil financier 2021, renseignements complémentaires",PDF,support,NA,2025-03-10
cbb5e66a-c23e-4d71-b240-b921168ae0a2,b34de345-5bfe-4db2-a714-ed239a0c0b81,"Profil financier des municipalités 2020, données de 2020",CSV,donnees,337899,2025-12-04
ffc3bbbd-9b28-4bf4-b370-c97fb8da357d,b34de345-5bfe-4db2-a714-ed239a0c0b81,"Profil financier des municipalités 2020, données de 2020",XLSX,donnees,193550,2025-12-04
55e5a2f1-6311-4d55-9388-4c9ebac62a3a,b34de345-5bfe-4db2-a714-ed239a0c0b81,"Profil financier des municipalités 2020, données de 2019",CSV,donnees,650987,2025-12-04
b8c55a7d-50c2-49b8-b825-2ba2eba4ff1b,b34de345-5bfe-4db2-a714-ed239a0c0b81,"Profil financier des municipalités 2020, données de 2019",XLSX,donnees,354319,2025-12-04
e55d6d67-459d-4f53-a46b-0518404a3615,b34de345-5bfe-4db2-a714-ed239a0c0b81,"Profil financier des municipalités 2020, postes de 2020",CSV,support,5019,2025-12-04
3a85f7db-7ac9-4d21-99ce-625146cdcf0c,b34de345-5bfe-4db2-a714-ed239a0c0b81,"Profil financier des municipalités 2020, postes de 2020",XLSX,support,7161,2025-12-04
84f267c0-b66d-4b53-b20c-090398d5ba7e,b34de345-5bfe-4db2-a714-ed239a0c0b81,"Profil financier des municipalités 2020, postes de 2019",CSV,support,13079,2025-12-04
0b8b0f78-ad7b-4dbb-90f3-af003d29b930,b34de345-5bfe-4db2-a714-ed239a0c0b81,"Profil financier des municipalités 2020, postes de 2019",XLSX,support,14268,2025-12-04
aaa4504e-4ec1-47a5-94ec-a289af1fef3f,b34de345-5bfe-4db2-a714-ed239a0c0b81,"Profil financier des municipalités 2020, données de 2020 agrégées par MRC",CSV,donnees,11376,2025-12-04
50f2fc62-cfee-4d35-9d56-b0c588cbbf25,b34de345-5bfe-4db2-a714-ed239a0c0b81,"Profil financier des municipalités 2020, données de 2020 agrégées par MRC",XLSX,donnees,13482,2025-12-04
7c0aea21-60b4-4509-96bd-646c28c1400a,b34de345-5bfe-4db2-a714-ed239a0c0b81,"Profil financier des municipalités 2020, données de 2019 agrégées par MRC",CSV,donnees,24965,2025-12-04
d0f6ae35-c9c3-49e5-86f0-9c1c48f678c5,b34de345-5bfe-4db2-a714-ed239a0c0b81,"Profil financier des municipalités 2020, données de 2019 agrégées par MRC",XLSX,donnees,21745,2025-12-04
7c686620-1339-41a5-8408-0dd2e13bacf8,b34de345-5bfe-4db2-a714-ed239a0c0b81,"Profil financier des municipalités 2020, données de 2020 agrégées par région administrative",CSV,donnees,1973,2025-12-04
bead357e-70b2-42a8-bd34-023916586c49,b34de345-5bfe-4db2-a714-ed239a0c0b81,"Profil financier des municipalités 2020, données de 2020 agrégées par région administrative",XLSX,donnees,7333,2025-12-04
66ceca39-a1d9-4cec-8899-08b3da63999b,b34de345-5bfe-4db2-a714-ed239a0c0b81,"Profil financier des municipalités 2020, données de 2019 agrégées par région administrative",CSV,donnees,4329,2025-12-04
917158a5-9b38-40ba-986c-785f903c4bdc,b34de345-5bfe-4db2-a714-ed239a0c0b81,"Profil financier des municipalités 2020, données de 2019 agrégées par région administrative",XLSX,donnees,8928,2025-12-04
7ac8db8b-f3b6-4040-8d23-bd84f3e53f76,b34de345-5bfe-4db2-a714-ed239a0c0b81,"Profil financier des municipalités 2020, données de 2020 agrégées par classe de population",CSV,donnees,636,2025-12-04
4653f604-4f7d-4cec-a56b-e13ae9c3518a,b34de345-5bfe-4db2-a714-ed239a0c0b81,"Profil financier des municipalités 2020, données de 2020 agrégées par classe de population",XLSX,donnees,6378,2025-12-04
0abaf03b-eea8-47e3-9348-edaebb11ae7e,b34de345-5bfe-4db2-a714-ed239a0c0b81,"Profil financier des municipalités 2020, données de 2019 agrégées par classe de population",CSV,donnees,1407,2025-12-04
e47615ea-ffb8-4e2d-a23e-ae80c8e095bd,b34de345-5bfe-4db2-a714-ed239a0c0b81,"Profil financier des municipalités 2020, données de 2019 agrégées par classe de population",XLSX,donnees,9428,2025-12-04
d1ef3229-42b6-46f6-b56b-df7cc000ddb9,b34de345-5bfe-4db2-a714-ed239a0c0b81,"Profil financier des municipalités 2020, données de 2020 agrégées pour le Québec",CSV,donnees,182,2025-12-04
f18ae58b-f863-4087-a3e7-0523735e1fb8,b34de345-5bfe-4db2-a714-ed239a0c0b81,"Profil financier des municipalités 2020, données de 2020 agrégées pour le Québec",XLSX,donnees,6034,2025-12-04
657ea791-6fd0-4c28-a025-3354a391359d,b34de345-5bfe-4db2-a714-ed239a0c0b81,"Profil financier des municipalités 2020, données de 2019 agrégées pour le Québec",CSV,donnees,424,2025-12-04
fe1badbd-d1a3-4638-addb-bc1b9cabe463,b34de345-5bfe-4db2-a714-ed239a0c0b81,"Profil financier des municipalités 2020, données de 2019 agrégées pour le Québec",XLSX,donnees,6324,2025-12-04
c2b06d14-283b-48d7-93a5-63cda55e7927,b34de345-5bfe-4db2-a714-ed239a0c0b81,"Profil financier 2020, renseignements complémentaires",PDF,support,NA,2025-03-10
ff5ba838-6505-4b11-b0d6-519c4915acde,b34de345-5bfe-4db2-a714-ed239a0c0b81,"Profil financier des municipalités 2019, données de 2019",CSV,donnees,348667,2025-12-04
27593ad0-ab35-45bd-bf47-8e4150547c43,b34de345-5bfe-4db2-a714-ed239a0c0b81,"Profil financier des municipalités 2019, données de 2019",XLSX,donnees,197405,2025-12-04
8f30bd65-4b07-403e-b91a-04736f3d64f4,b34de345-5bfe-4db2-a714-ed239a0c0b81,"Profil financier des municipalités 2019, données de 2018",CSV,donnees,654550,2025-12-04
69727960-4211-4464-b25d-5d870b5c7e04,b34de345-5bfe-4db2-a714-ed239a0c0b81,"Profil financier des municipalités 2019, données de 2018",XLSX,donnees,354632,2025-12-04
02eb51c6-08a4-4d57-839c-5720ed858d17,b34de345-5bfe-4db2-a714-ed239a0c0b81,"Profil financier des municipalités 2019, postes de 2019",CSV,support,5205,2025-12-04
ded2b9ef-fbab-4680-a3d2-aa6fb99f20d1,b34de345-5bfe-4db2-a714-ed239a0c0b81,"Profil financier des municipalités 2019, postes de 2019",XLSX,support,7178,2025-12-04
3ed95793-1740-410b-a818-c60ff372b180,b34de345-5bfe-4db2-a714-ed239a0c0b81,"Profil financier des municipalités 2019, postes de 2018",CSV,support,13350,2025-12-03
0cb75030-9fb7-4124-9e07-b1c7829323aa,b34de345-5bfe-4db2-a714-ed239a0c0b81,"Profil financier des municipalités 2019, postes de 2018",XLSX,support,9946,2025-12-04
a797a9b7-9bb9-4c98-ac80-37ba4fc300cd,b34de345-5bfe-4db2-a714-ed239a0c0b81,"Profil financier 2019, renseignements complémentaires",PDF,support,NA,2025-03-10
b6fe4d05-599d-4da4-b5bb-6584899a947c,b34de345-5bfe-4db2-a714-ed239a0c0b81,"Profil financier des municipalités 2019, données de 2019 agrégées par MRC",CSV,donnees,11410,2025-12-04
9aaa9aa4-0e82-4c8d-b892-b65a71df348b,b34de345-5bfe-4db2-a714-ed239a0c0b81,"Profil financier des municipalités 2019, données de 2019 agrégées par MRC",XLSX,donnees,13542,2025-12-04
e14c6e0b-3206-4ef8-9a1a-f527e5a7e5b8,b34de345-5bfe-4db2-a714-ed239a0c0b81,"Profil financier des municipalités 2019, données de 2018 agrégées par MRC",CSV,donnees,25001,2025-12-04
62685919-6d1e-40bc-bd5f-6100475bda43,b34de345-5bfe-4db2-a714-ed239a0c0b81,"Profil financier des municipalités 2019, données de 2018 agrégées par MRC",XLSX,donnees,21743,2025-12-04
76e8446c-8091-400a-ad82-9714fc6f04fa,b34de345-5bfe-4db2-a714-ed239a0c0b81,"Profil financier des municipalités 2019, données de 2019 agrégées par région administrative",CSV,donnees,1975,2025-12-04
2e3c2f14-2ba8-4564-a014-6e0be592383e,b34de345-5bfe-4db2-a714-ed239a0c0b81,"Profil financier des municipalités 2019, données de 2019 agrégées par région administrative",XLSX,donnees,7347,2025-12-04
5a6ecde2-e2c6-4a48-95fa-84875212e5b3,b34de345-5bfe-4db2-a714-ed239a0c0b81,"Profil financier des municipalités 2019, données de 2018 agrégées par région administrative",CSV,donnees,4332,2025-12-04
26c085bf-ad21-4650-a905-22320c38204f,b34de345-5bfe-4db2-a714-ed239a0c0b81,"Profil financier des municipalités 2019, données de 2018 agrégées par région administrative",XLSX,donnees,8954,2025-12-04
d9d80807-03ba-4411-b5c9-9f1f546218cd,b34de345-5bfe-4db2-a714-ed239a0c0b81,"Profil financier des municipalités 2019, données de 2019 agrégées par classe de population",CSV,donnees,639,2025-12-04
72da4ff9-cb62-4565-adea-8e07b56ccac0,b34de345-5bfe-4db2-a714-ed239a0c0b81,"Profil financier des municipalités 2019, données de 2019 agrégées par classe de population",XLSX,donnees,6379,2025-12-04
512c9d60-c9ec-4474-a845-f10bbc602cd6,b34de345-5bfe-4db2-a714-ed239a0c0b81,"Profil financier des municipalités 2019, données de 2018 agrégées par classe de population",CSV,donnees,1449,2025-12-04
c14fbdbf-d20e-4b1b-ac66-286987cabdea,b34de345-5bfe-4db2-a714-ed239a0c0b81,"Profil financier des municipalités 2019, données de 2018 agrégées par classe de population",XLSX,donnees,7018,2025-12-04
dcf76fa0-e7ee-4f87-9862-0b6cf60a6399,b34de345-5bfe-4db2-a714-ed239a0c0b81,"Profil financier des municipalités 2019, données de 2019 agrégées pour le Québec",CSV,donnees,185,2025-12-04
3856c56a-ad9d-41f3-88d3-b537a132a758,b34de345-5bfe-4db2-a714-ed239a0c0b81,"Profil financier des municipalités 2019, données de 2019 agrégées pour le Québec",XLSX,donnees,6033,2025-12-04
8735553a-0847-4a20-849f-c19099bf7945,b34de345-5bfe-4db2-a714-ed239a0c0b81,"Profil financier des municipalités 2019, données de 2018 agrégées pour le Québec",CSV,donnees,427,2025-12-04
56f1962f-37ae-4384-9d11-9d806da59a60,b34de345-5bfe-4db2-a714-ed239a0c0b81,"Profil financier des municipalités 2019, données de 2018 agrégées pour le Québec",XLSX,donnees,6314,2025-12-04
91533772-600d-4771-bea2-9ebbdb774681,b34de345-5bfe-4db2-a714-ed239a0c0b81,"Profil financier des municipalités 2018, données de 2018",CSV,donnees,348802,2025-12-04
cdf8455b-8469-489b-a333-13141699891f,b34de345-5bfe-4db2-a714-ed239a0c0b81,"Profil financier des municipalités 2018, données de 2018",XLSX,donnees,197353,2025-12-04
628b6dd9-1e1f-4cf3-af73-c9692628245b,b34de345-5bfe-4db2-a714-ed239a0c0b81,"Profil financier des municipalités 2018, données de 2017",CSV,donnees,639203,2025-12-04
28ac6f76-f2e3-498d-9eb0-4ab010a98a28,b34de345-5bfe-4db2-a714-ed239a0c0b81,"Profil financier des municipalités 2018, données de 2017",XLSX,donnees,348603,2025-12-04
ac56d1c1-069f-41cb-8098-292eb7de4287,b34de345-5bfe-4db2-a714-ed239a0c0b81,"Profil financier des municipalités 2018, postes de 2018",CSV,support,5205,2025-12-04
10329a02-6fe0-4eb3-9830-8af885b62e79,b34de345-5bfe-4db2-a714-ed239a0c0b81,"Profil financier des municipalités 2018, postes de 2018",XLSX,support,7188,2025-12-04
e97881bc-1480-4df8-b81a-8bfd8d21223d,b34de345-5bfe-4db2-a714-ed239a0c0b81,"Profil financier des municipalités 2018, postes de 2017",CSV,support,13167,2025-12-02
ccdd2bde-ad02-4c08-8f38-77db95b32a77,b34de345-5bfe-4db2-a714-ed239a0c0b81,"Profil financier des municipalités 2018, postes de 2017",XLSX,support,10148,2025-12-04
14d5fe47-53ce-4e04-97fb-6ae09eab7395,b34de345-5bfe-4db2-a714-ed239a0c0b81,"Profil financier des municipalités 2018, données de 2018 agrégées par MRC",CSV,donnees,11408,2025-12-04
6b27ad53-00ba-4136-8838-5d213636e8a8,b34de345-5bfe-4db2-a714-ed239a0c0b81,"Profil financier des municipalités 2018, données de 2018 agrégées par MRC",XLSX,donnees,13525,2025-12-04
17b61b76-252a-4b76-8e0c-7082df9088b7,b34de345-5bfe-4db2-a714-ed239a0c0b81,"Profil financier des municipalités 2018, données de 2017 agrégées par MRC",CSV,donnees,25002,2025-12-04
bf0e22cf-cbcd-4bd8-b8ef-c90d0fd3984c,b34de345-5bfe-4db2-a714-ed239a0c0b81,"Profil financier des municipalités 2018, données de 2017 agrégées par MRC",XLSX,donnees,21765,2025-12-04
dba7cd07-7827-47b2-bd66-18e7341fff54,b34de345-5bfe-4db2-a714-ed239a0c0b81,"Profil financier des municipalités 2018, données de 2018 agrégées par région administrative",CSV,donnees,1975,2025-12-04
27baf8e9-6741-4b16-93f0-9eeef80162b9,b34de345-5bfe-4db2-a714-ed239a0c0b81,"Profil financier des municipalités 2018, données de 2018 agrégées par région administrative",XLSX,donnees,7353,2025-12-04
1f8a0bf4-8d59-4d19-afcc-1bee63ded06a,b34de345-5bfe-4db2-a714-ed239a0c0b81,"Profil financier des municipalités 2018, données de 2017 agrégées par région administrative",CSV,donnees,4332,2025-12-04
e94fc635-ed26-4fa2-b422-905168c0c096,b34de345-5bfe-4db2-a714-ed239a0c0b81,"Profil financier des municipalités 2018, données de 2017 agrégées par région administrative",XLSX,donnees,8950,2025-12-04
3dd4df2c-be3a-4c69-8cb0-547b506e4e0e,b34de345-5bfe-4db2-a714-ed239a0c0b81,"Profil financier des municipalités 2018, données de 2018 agrégées par classe de population",CSV,donnees,639,2025-12-04
106a7b9a-c4eb-4d2b-abe5-a20922f6cb90,b34de345-5bfe-4db2-a714-ed239a0c0b81,"Profil financier des municipalités 2018, données de 2018 agrégées par classe de population",XLSX,donnees,6379,2025-12-04
dae84c41-3440-477a-b3fd-0187cd0f2f0a,b34de345-5bfe-4db2-a714-ed239a0c0b81,"Profil financier des municipalités 2018, données de 2017 agrégées par classe de population",CSV,donnees,1410,2025-12-04
f272648b-c8b9-4b2e-a0a0-7b15dc106160,b34de345-5bfe-4db2-a714-ed239a0c0b81,"Profil financier des municipalités 2018, données de 2017 agrégées par classe de population",XLSX,donnees,6987,2025-12-04
6e0bd720-68d7-4473-95d9-0f75ffa5ca5b,b34de345-5bfe-4db2-a714-ed239a0c0b81,"Profil financier des municipalités 2018, données de 2018 agrégées pour le Québec",CSV,donnees,185,2025-12-04
7c3d8f43-c076-411b-a025-f3d893c075eb,b34de345-5bfe-4db2-a714-ed239a0c0b81,"Profil financier des municipalités 2018, données de 2018 agrégées pour le Québec",XLSX,donnees,6031,2025-12-04
cc5a97a3-b4b6-4601-91dd-beaa74841525,b34de345-5bfe-4db2-a714-ed239a0c0b81,"Profil financier des municipalités 2018, données de 2017 agrégées pour le Québec",CSV,donnees,427,2025-12-04
5aadb22b-eda5-4dc3-9282-fc793d6b9d0b,b34de345-5bfe-4db2-a714-ed239a0c0b81,"Profil financier des municipalités 2018, données de 2017 agrégées pour le Québec",XLSX,donnees,6325,2025-12-04
1219b138-4588-4504-9078-0d90201a2074,b34de345-5bfe-4db2-a714-ed239a0c0b81,"Profil financier 2018, renseignements complémentaires",PDF,support,NA,2025-03-10
8bcbc39f-c7f3-4ff2-b88f-12ba7f9481e5,b34de345-5bfe-4db2-a714-ed239a0c0b81,"Profil financier 2017, renseignements complémentaires",PDF,support,NA,2025-03-10
cca6b5d2-aad0-40b9-bed4-c0813febf094,b34de345-5bfe-4db2-a714-ed239a0c0b81,"Profil financier des municipalités 2017, données de 2017",CSV,donnees,260508,2025-12-04
c5d31691-2bbc-4441-983e-349a58d2280e,b34de345-5bfe-4db2-a714-ed239a0c0b81,"Profil financier des municipalités 2017, données de 2016",CSV,donnees,490852,2025-12-04
063ec70c-907e-478b-a5ef-621f2395fa55,b34de345-5bfe-4db2-a714-ed239a0c0b81,"Profil financier des municipalités 2017, données de 2017 agrégées par MRC",CSV,donnees,8403,2025-12-04
65c7594e-5fc5-44e5-a9a6-616c462bbc5d,b34de345-5bfe-4db2-a714-ed239a0c0b81,"Profil financier des municipalités 2017, données de 2016 agrégées par MRC",CSV,donnees,17492,2025-12-04
27c3db5b-b273-4b1b-a19f-35aee16e9869,b34de345-5bfe-4db2-a714-ed239a0c0b81,"Profil financier des municipalités 2017, données de 2017 agrégées par région administrative",CSV,donnees,1478,2025-12-04
5ae5fc41-4e01-4c9a-8a10-2c44a9986130,b34de345-5bfe-4db2-a714-ed239a0c0b81,"Profil financier des municipalités 2017, données de 2016 agrégées par région administrative",CSV,donnees,3090,2025-12-04
24e65cb6-39c7-4a3b-beaa-23dc59de0917,b34de345-5bfe-4db2-a714-ed239a0c0b81,"Profil financier des municipalités 2017, données de 2017 agrégées par classe de population",CSV,donnees,541,2025-12-04
52172540-9c78-4b29-8944-47963084269a,b34de345-5bfe-4db2-a714-ed239a0c0b81,"Profil financier des municipalités 2017, données de 2016 agrégées par classe de population",CSV,donnees,1062,2025-12-04
e910d969-f222-46ef-8b0e-654ba6d80ceb,b34de345-5bfe-4db2-a714-ed239a0c0b81,"Profil financier des municipalités 2017, données de 2017 agrégées pour le Québec",CSV,donnees,154,2025-12-04
b3830344-ba1c-4dfa-9263-c3dedc329e11,b34de345-5bfe-4db2-a714-ed239a0c0b81,"Profil financier des municipalités 2017, données de 2016 agrégées pour le Québec",CSV,donnees,361,2025-12-04
b596cbb0-06d8-4b9f-b461-34d9072fcabf,b34de345-5bfe-4db2-a714-ed239a0c0b81,"Profil financier des municipalités 2017, postes de 2017",CSV,support,4322,2025-12-04
e80fe01d-4f8b-443e-b111-ac43d6df4013,b34de345-5bfe-4db2-a714-ed239a0c0b81,"Profil financier des municipalités 2017, postes de 2016",CSV,support,11502,2025-12-01
9e6c8de9-d09a-41dd-aed9-75bbc05b2927,b34de345-5bfe-4db2-a714-ed239a0c0b81,"Profil financier 2016, renseignements complémentaires",PDF,support,NA,2025-03-10
f1baf27e-89e9-40a8-b7b1-1bd80a793350,b34de345-5bfe-4db2-a714-ed239a0c0b81,"Profil financier des municipalités 2016, données de 2016",CSV,donnees,283903,2025-12-04
e4cbb4b2-3c74-4138-92a0-47a200220a4d,b34de345-5bfe-4db2-a714-ed239a0c0b81,"Profil financier des municipalités 2016, données de 2015",CSV,donnees,413041,2025-12-04
733dca8f-4cbc-4bbf-a908-4a5f1a02135a,b34de345-5bfe-4db2-a714-ed239a0c0b81,"Profil financier des municipalités 2016, données de 2016 agrégées par MRC",CSV,donnees,10110,2025-12-04
84769fa5-16a0-4b09-8ca2-c2051eec0577,b34de345-5bfe-4db2-a714-ed239a0c0b81,"Profil financier des municipalités 2016, données de 2015 agrégées par MRC",CSV,donnees,14154,2025-12-04
d4028c69-f4b0-43bc-861d-d17ab445b679,b34de345-5bfe-4db2-a714-ed239a0c0b81,"Profil financier des municipalités 2016, données de 2016 agrégées par région administrative",CSV,donnees,1788,2025-12-04
54e6d4a4-e8e6-4130-9b96-1aac9e51022d,b34de345-5bfe-4db2-a714-ed239a0c0b81,"Profil financier des municipalités 2016, données de 2015 agrégées par région administrative",CSV,donnees,2505,2025-12-04
9d9b0b76-7436-45cc-8738-955de59a1361,b34de345-5bfe-4db2-a714-ed239a0c0b81,"Profil financier des municipalités 2016, données de 2016 agrégées par classe de population",CSV,donnees,616,2025-12-04
aa6d4aa1-a402-4aed-a61d-4bd7fb8457fb,b34de345-5bfe-4db2-a714-ed239a0c0b81,"Profil financier des municipalités 2016, données de 2015 agrégées par classe de population",CSV,donnees,856,2025-12-04
05426d7e-26a3-48f7-8631-134f1a2d13e1,b34de345-5bfe-4db2-a714-ed239a0c0b81,"Profil financier des municipalités 2016, données de 2016 agrégées pour le Québec",CSV,donnees,194,2025-12-04
743f7083-9fc8-4148-8468-eb7e471560fc,b34de345-5bfe-4db2-a714-ed239a0c0b81,"Profil financier des municipalités 2016, données de 2015 agrégées pour le Québec",CSV,donnees,276,2025-12-04
4b0dd626-34fa-4964-8559-faf7275d6cd7,b34de345-5bfe-4db2-a714-ed239a0c0b81,"Profil financier des municipalités 2016, postes de 2016",CSV,support,6690,2025-12-04
085533a4-6874-4ea6-ada5-2bafc26629ee,b34de345-5bfe-4db2-a714-ed239a0c0b81,"Profil financier des municipalités 2016, postes de 2015",CSV,support,9287,2025-12-02
09b940f0-0bda-415f-a971-11266e995288,b34de345-5bfe-4db2-a714-ed239a0c0b81,"Profil financier 2015, renseignements complémentaires",PDF,support,NA,2025-03-10
a4bce30d-23b6-443a-a184-f1d8bd29de80,b34de345-5bfe-4db2-a714-ed239a0c0b81,"Profil financier des municipalités 2015, données de 2015",CSV,donnees,283574,2025-12-04
a10523f5-a698-4577-9121-23b8c842f2a7,b34de345-5bfe-4db2-a714-ed239a0c0b81,"Profil financier des municipalités 2015, données de 2014",CSV,donnees,380096,2025-12-04
6de25d98-aab3-4e82-b016-2950017d98fb,b34de345-5bfe-4db2-a714-ed239a0c0b81,"Profil financier des municipalités 2015, données de 2015 agrégées par MRC",CSV,donnees,10123,2025-12-04
1fc5183f-a941-42b2-8d5b-de888ea5e435,b34de345-5bfe-4db2-a714-ed239a0c0b81,"Profil financier des municipalités 2015, données de 2014 agrégées par MRC",CSV,donnees,12053,2025-12-04
1c20eaa1-96df-439c-9bf7-d16ee0740346,b34de345-5bfe-4db2-a714-ed239a0c0b81,"Profil financier des municipalités 2015, données de 2015 agrégées par région administrative",CSV,donnees,1789,2025-12-04
185e5060-32c1-411d-a3a0-ee59d9a472c2,b34de345-5bfe-4db2-a714-ed239a0c0b81,"Profil financier des municipalités 2015, données de 2014 agrégées par région administrative",CSV,donnees,2130,2025-12-04
86865138-6196-4874-9336-d25dade248ea,b34de345-5bfe-4db2-a714-ed239a0c0b81,"Profil financier des municipalités 2015, données de 2015 agrégées par classe de population",CSV,donnees,616,2025-12-04
f8d055b8-9912-4ae7-99b0-af6080eeb3ba,b34de345-5bfe-4db2-a714-ed239a0c0b81,"Profil financier des municipalités 2015, données de 2014 agrégées par classe de population",CSV,donnees,731,2025-12-04
25bba17f-9765-4af5-825e-643b2870c277,b34de345-5bfe-4db2-a714-ed239a0c0b81,"Profil financier des municipalités 2015, données de 2015 agrégées pour le Québec",CSV,donnees,196,2025-12-04
54fac5df-c8cf-49f3-bc29-4c91a98a53db,b34de345-5bfe-4db2-a714-ed239a0c0b81,"Profil financier des municipalités 2015, données de 2014 agrégées pour le Québec",CSV,donnees,235,2025-12-04
275d9ee4-e4ca-48c8-9ae8-2a96240333d3,b34de345-5bfe-4db2-a714-ed239a0c0b81,"Profil financier des municipalités 2015, postes de 2015",CSV,support,6384,2025-12-04
75efca52-5ba5-4fc6-9f4e-d78557ed5fc1,b34de345-5bfe-4db2-a714-ed239a0c0b81,"Profil financier des municipalités 2015, postes de 2014",CSV,support,8076,2025-12-04
19385b4e-5503-4330-9e59-f998f5918363,a8a678b0-875f-4607-b347-009a5096ff45,﻿Liste des municipalités (csv),CSV,donnees,NA,2026-07-10
bc4e0842-3fe0-4e46-b23f-8218bcff6f72,a8a678b0-875f-4607-b347-009a5096ff45,Liste des MRC_CM_Arg (csv),CSV,donnees,NA,2026-07-10
999d9702-cdfc-4c2c-9120-af75fbdcc1cc,a8a678b0-875f-4607-b347-009a5096ff45,Liste des arrondissements (csv),CSV,donnees,NA,2026-07-10
1935e599-a541-485c-8eff-714ca08ac0ea,a8a678b0-875f-4607-b347-009a5096ff45,Liste des ressources (csv),CSV,donnees,NA,2026-07-10
fad04899-abd8-4d3f-a841-4f8b11edac57,a8a678b0-875f-4607-b347-009a5096ff45,Liste des organisations municipales,XML,donnees,3,2026-07-10
c27b1830-2b46-4e80-819b-6238ff7c3b03,a8a678b0-875f-4607-b347-009a5096ff45,Population des organisations municipales,XML,donnees,5,2026-07-10
84f47c71-657d-444b-b555-2baf58415405,a8a678b0-875f-4607-b347-009a5096ff45,Lien entre les organisations municipales,XML,donnees,1,2026-07-10
8317ba7c-4764-4ee1-9790-36ff513b4d93,a8a678b0-875f-4607-b347-009a5096ff45,﻿Liste des circonscriptions électorales,XML,donnees,NA,2026-07-10
c91cf2f0-2643-4927-a081-12dfd5a5c605,a8a678b0-875f-4607-b347-009a5096ff45,﻿Lien entre les municipalités et les circonscriptions électorales,XML,donnees,NA,2026-07-10
8cbff725-87ad-43f1-aefc-89982f1976c1,a8a678b0-875f-4607-b347-009a5096ff45,Historique des liens entre les organisations municipales,XML,donnees,NA,2026-07-10
d5a5840c-3ade-48a4-8d3d-246cb246b949,a8a678b0-875f-4607-b347-009a5096ff45,Information complémentaire sur les organisations municipales inactives,XML,donnees,NA,2026-07-10
5f9e699f-5df3-4d10-8e72-fd81e2b56a27,a8a678b0-875f-4607-b347-009a5096ff45,﻿Liste des mouvements des municipalités,XML,donnees,NA,2026-07-10
0a4ac40e-7cfa-40b1-9a0d-b767e309d0a7,a8a678b0-875f-4607-b347-009a5096ff45,﻿Domaines de valeurs de certains paramètres du Répertoire,XML,donnees,NA,2026-07-10
6dd9e101-a450-4977-af28-0f9887efc7c5,a8a678b0-875f-4607-b347-009a5096ff45,﻿Liste des directions régionales du MAMH,XML,donnees,NA,2026-07-10
b8ad19c5-3ac7-4a9a-b964-6d9b3fa25f73,a8a678b0-875f-4607-b347-009a5096ff45,﻿Liste des organismes périmunicipaux,XML,donnees,NA,2026-07-10
e74823a4-477b-4932-9431-041df22d1208,a8a678b0-875f-4607-b347-009a5096ff45,﻿Liens entre les organisations municipales et les organismes périmunicipaux,XML,donnees,NA,2026-07-10
14ebfdbd-2a61-4d7e-9f14-be6ab2ec16b9,a8a678b0-875f-4607-b347-009a5096ff45,﻿Fonctions des organismes périmunicipaux,XML,donnees,NA,2026-07-10
d361707e-52f3-4554-9b9e-8d4249e9918f,a8a678b0-875f-4607-b347-009a5096ff45,﻿Liste des élues et élus de certains responsables des organisations municipales,XML,donnees,NA,2026-07-10
cb6fcf56-6097-4c1f-b837-5c9e65f5c78e,a8a678b0-875f-4607-b347-009a5096ff45,﻿Liste de certains responsables des organismes périmunicipaux,XML,donnees,NA,2026-07-10
d441415e-7462-4a9b-8234-315a7bf157e5,061c8cb7-ca4e-45be-a990-61fce7e7d2dc,Rôles d'évaluation foncière du Québec géoréférencés 2026,FGDB,donnees,NA,2026-04-01
8a79d011-0f0e-42fa-af68-049f741e8919,061c8cb7-ca4e-45be-a990-61fce7e7d2dc,Rôles d'évaluation foncière du Québec géoréférencés 2026,GPKG,donnees,NA,2026-06-09
c0e65c47-fcc1-40e4-bc2e-7baa74bc164a,061c8cb7-ca4e-45be-a990-61fce7e7d2dc,Index des rôles d'évaluation foncière 2026 par municipalité,CSV,donnees,NA,2026-03-03
32ac5079-ae14-460a-9a2d-b811b0fc56f3,061c8cb7-ca4e-45be-a990-61fce7e7d2dc,Tous les fichiers des rôles d'évaluation foncière du Québec 2026,ZIP,donnees,NA,2026-03-03
9707cf59-c49c-4685-a8b8-73fbdb7b1814,061c8cb7-ca4e-45be-a990-61fce7e7d2dc,Rôles d'évaluation foncière du Québec géoréférencés 2025,GPKG,donnees,NA,2025-12-15
de314af2-82d3-4e79-97f6-dc394492cb03,061c8cb7-ca4e-45be-a990-61fce7e7d2dc,Rôles d'évaluation foncière du Québec géoréférencés 2025,FGDB,donnees,NA,2025-12-15
347f60d1-a1d9-406e-a5a8-d1672ece32fb,061c8cb7-ca4e-45be-a990-61fce7e7d2dc,Index de la mise à jour trimestrielle des rôles d’évaluation foncière par municipalité,CSV,donnees,NA,2026-07-02
d2db6102-9215-4abc-9b5b-2c37f2e12618,061c8cb7-ca4e-45be-a990-61fce7e7d2dc,Index des rôles d'évaluation foncière 2025 par municipalité,CSV,donnees,NA,2025-03-21
b52d3822-f3fa-4108-ab46-34581b57d041,061c8cb7-ca4e-45be-a990-61fce7e7d2dc,Tous les fichiers des rôles d'évaluation foncière du Québec 2025,ZIP,donnees,NA,2025-03-21
0278065d-1e9a-4daf-8252-523d4eed735e,061c8cb7-ca4e-45be-a990-61fce7e7d2dc,Index des rôles d'évaluation foncière 2024 par municipalité,CSV,donnees,NA,2024-03-08
79d20d4a-2cdb-406a-b768-70f4ef5e6c0e,061c8cb7-ca4e-45be-a990-61fce7e7d2dc,Tous les fichiers des rôles d'évaluation foncière du Québec 2024,ZIP,donnees,NA,2024-03-07
44f9b7e8-306e-4c7e-8497-6a1232ace32b,061c8cb7-ca4e-45be-a990-61fce7e7d2dc,Rôles d'évaluation foncière du Québec géoréférencés 2024,GeoJSON,donnees,NA,2025-02-06
fe31dfcd-0753-4769-9868-d897d9c5a0ba,061c8cb7-ca4e-45be-a990-61fce7e7d2dc,Rôles d'évaluation foncière du Québec géoréférencés 2024,FGDB,donnees,NA,2024-06-26
427a72a7-f34c-495b-aa23-9de71a84a066,061c8cb7-ca4e-45be-a990-61fce7e7d2dc,Répertoire des renseignements prescrits du rôles d'évaluation foncière en format ouvert,PDF,support,205617,2022-06-29
6f2599be-e49d-4b9a-8702-b12ad0f56141,061c8cb7-ca4e-45be-a990-61fce7e7d2dc,Guide sur les données du rôle d'évaluation foncière en format ouvert,PDF,support,855555,2022-09-26
da52954e-5adf-437b-9679-3f9a7b3ee861,061c8cb7-ca4e-45be-a990-61fce7e7d2dc,Index des rôles d'évaluation foncière 2023 par municipalité,CSV,donnees,578547,2025-05-07
0223532f-2fb7-4242-a226-b2205c064b07,061c8cb7-ca4e-45be-a990-61fce7e7d2dc,Tous les fichiers des rôles d'évaluation foncière du Québec 2023,ZIP,donnees,NA,2023-04-12
b15f77c5-99ae-4455-8306-41e7e3cf1dda,061c8cb7-ca4e-45be-a990-61fce7e7d2dc,Rôles d'évaluation foncière du Québec géoréférencés 2023,GeoJSON,donnees,NA,2025-02-06
0366c463-5820-47e1-b70f-de5a6c777cef,061c8cb7-ca4e-45be-a990-61fce7e7d2dc,Rôles d'évaluation foncière du Québec géoréférencés 2023,FGDB,donnees,NA,2023-11-20
7f97f97c-6ac3-4610-8e94-65375fad74bc,061c8cb7-ca4e-45be-a990-61fce7e7d2dc,Index des rôles d'évaluation foncière 2022 par municipalité,CSV,donnees,93589,2023-04-12
93548503-59b0-4721-b1a8-df98f447aa5c,061c8cb7-ca4e-45be-a990-61fce7e7d2dc,Tous les fichiers des rôles d'évaluation foncière du Québec 2022,ZIP,donnees,NA,2023-01-09
bab52bb2-caea-401f-af0a-62a09a8c5da3,061c8cb7-ca4e-45be-a990-61fce7e7d2dc,Rôles d'évaluation foncière du Québec géoréférencés 2022,GeoJSON,donnees,NA,2025-02-06
6e34aecd-6914-4791-8aff-452e554b9990,061c8cb7-ca4e-45be-a990-61fce7e7d2dc,Rôles d'évaluation foncière du Québec géoréférencés 2022,SHP,donnees,NA,2023-05-25
62c46738-6c05-4971-b598-d114db4e32cb,061c8cb7-ca4e-45be-a990-61fce7e7d2dc,Rôles d'évaluation foncière du Québec géoréférencés 2022,FGDB,donnees,NA,2023-05-25
dec77845-1ab6-42bc-94ca-4f0a9580e60b,061c8cb7-ca4e-45be-a990-61fce7e7d2dc,Rôles d'évaluation foncière du Québec géoréférencés 2021,GeoJSON,donnees,NA,2025-02-06
6892a568-7f7c-4f52-82e8-00427eb98e48,061c8cb7-ca4e-45be-a990-61fce7e7d2dc,Rôles d'évaluation foncière du Québec géoréférencés 2021,SHP,donnees,NA,2022-10-24
74db5f6f-b41d-4c01-8a76-1f8efd6bc39a,061c8cb7-ca4e-45be-a990-61fce7e7d2dc,Rôles d'évaluation foncière du Québec géoréférencés 2021,FGDB,donnees,NA,2022-10-24
1eacb835-a135-49c3-a562-cd43285eb5d7,061c8cb7-ca4e-45be-a990-61fce7e7d2dc,Rôles d'évaluation foncière du Québec géoréférencés 2020,GeoJSON,donnees,NA,2025-02-06
21267ba8-c00c-48d6-9e56-a5cffcbc39d7,061c8cb7-ca4e-45be-a990-61fce7e7d2dc,Rôles d'évaluation foncière du Québec géoréférencés 2020,SHP,donnees,NA,2022-10-24
517cfc2f-cccd-49a6-aaeb-5fad309a552a,061c8cb7-ca4e-45be-a990-61fce7e7d2dc,Rôles d'évaluation foncière du Québec géoréférencés 2020,FGDB,donnees,NA,2022-10-24
70959321-087d-49d3-b7d5-6a83f2f5e445,061c8cb7-ca4e-45be-a990-61fce7e7d2dc,Rôles d'évaluation foncière du Québec géoréférencés 2019,GeoJSON,donnees,NA,2025-02-06
3284ee39-df24-404c-a57f-5b58e522ca40,061c8cb7-ca4e-45be-a990-61fce7e7d2dc,Rôles d'évaluation foncière du Québec géoréférencés 2019,SHP,donnees,NA,2025-02-06
97508896-0344-4377-9911-9122c6e55055,061c8cb7-ca4e-45be-a990-61fce7e7d2dc,Rôles d'évaluation foncière du Québec géoréférencés 2019,FGDB,donnees,NA,2022-10-24
66e4bcd0-791a-4182-a0c3-e2129bd4a626,061c8cb7-ca4e-45be-a990-61fce7e7d2dc,Rôles d'évaluation foncière du Québec géoréférencés 2018,GeoJSON,donnees,NA,2025-02-06
5aa5c374-5ca8-482e-8294-d5827eb808d6,061c8cb7-ca4e-45be-a990-61fce7e7d2dc,Rôles d'évaluation foncière du Québec géoréférencés 2018,SHP,donnees,NA,2022-10-24
930b8eed-f913-433e-bc5f-9d2b43ed96f0,061c8cb7-ca4e-45be-a990-61fce7e7d2dc,Rôles d'évaluation foncière du Québec géoréférencés 2018,FGDB,donnees,NA,2022-10-24
11453e4d-5a4e-49bb-985f-5543707ae6f8,061c8cb7-ca4e-45be-a990-61fce7e7d2dc,Rôles d'évaluation foncière du Québec géoréférencés 2017,GeoJSON,donnees,NA,2025-02-11
510fa221-e94f-4f56-8648-f9edc593df11,061c8cb7-ca4e-45be-a990-61fce7e7d2dc,Rôles d'évaluation foncière du Québec géoréférencés 2017,SHP,donnees,NA,2022-10-24
0b92fffb-c796-467e-8d28-d82c141ab78b,061c8cb7-ca4e-45be-a990-61fce7e7d2dc,Rôles d'évaluation foncière du Québec géoréférencés 2017,FGDB,donnees,NA,2022-10-24
891acc20-cc05-4ed8-b658-8cdf105a82d2,061c8cb7-ca4e-45be-a990-61fce7e7d2dc,Rôles d'évaluation foncière du Québec géoréférencés 2016,GeoJSON,donnees,NA,2025-02-11
c90be224-ef40-4f8c-b0ee-046ff08a4d68,061c8cb7-ca4e-45be-a990-61fce7e7d2dc,Rôles d'évaluation foncière du Québec géoréférencés 2016,SHP,donnees,NA,2022-10-24
441a9192-3ae8-41b5-a4a6-97119bbf39b1,061c8cb7-ca4e-45be-a990-61fce7e7d2dc,Rôles d'évaluation foncière du Québec géoréférencés 2016,FGDB,donnees,NA,2022-10-24
d20c51d7-ac35-47ed-a76e-455cf348c9ad,061c8cb7-ca4e-45be-a990-61fce7e7d2dc,Rôles d'évaluation foncière du Québec géoréférencés 2015,GeoJSON,donnees,NA,2025-02-11
5512fd4c-4c97-49fc-8df7-3a170e8bc808,061c8cb7-ca4e-45be-a990-61fce7e7d2dc,Rôles d'évaluation foncière du Québec géoréférencés 2015,SHP,donnees,NA,2022-10-24
d688b20b-22cf-4c0a-8aa8-e55f0d2b0a98,061c8cb7-ca4e-45be-a990-61fce7e7d2dc,Rôles d'évaluation foncière du Québec géoréférencés 2015,FGDB,donnees,NA,2022-10-24
da378341-0008-4ee6-bfbb-1344159befe6,061c8cb7-ca4e-45be-a990-61fce7e7d2dc,Rôles d'évaluation foncière du Québec géoréférencés 2014,GeoJSON,donnees,NA,2025-02-11
09713023-d7ce-40d3-91f4-4290e4134ad2,061c8cb7-ca4e-45be-a990-61fce7e7d2dc,Rôles d'évaluation foncière du Québec géoréférencés 2014,SHP,donnees,NA,2022-10-24
9d99b599-915f-4e20-af68-fd5d25506832,061c8cb7-ca4e-45be-a990-61fce7e7d2dc,Rôles d'évaluation foncière du Québec géoréférencés 2014,FGDB,donnees,NA,2022-10-24
86af14d6-6cb2-493f-a5f1-d2d5f63c87f0,061c8cb7-ca4e-45be-a990-61fce7e7d2dc,Rôles d'évaluation foncière du Québec géoréférencés 2013,GeoJSON,donnees,NA,2025-02-11
e096aa1a-2420-4b43-8fc7-cfc7e478f848,061c8cb7-ca4e-45be-a990-61fce7e7d2dc,Rôles d'évaluation foncière du Québec géoréférencés 2013,SHP,donnees,NA,2022-10-24
3d5cc996-95eb-4230-b321-7dd09b8979b9,061c8cb7-ca4e-45be-a990-61fce7e7d2dc,Rôles d'évaluation foncière du Québec géoréférencés 2013,FGDB,donnees,NA,2022-12-01
68e64482-1208-4e13-832c-2fc63c2412f6,061c8cb7-ca4e-45be-a990-61fce7e7d2dc,Rôles d'évaluation foncière du Québec géoréférencés 2012,SHP,donnees,NA,2022-10-24
f5ef26bd-be45-4fa0-b824-5b9f694189f6,5f28e8ba-a1c0-417f-94d2-2344e938f4f4,Richesse foncière uniformisée 2025,CSV,donnees,NA,2025-09-11
5fb4fbdc-7a9b-48dc-a958-6838a76eaa9f,5f28e8ba-a1c0-417f-94d2-2344e938f4f4,"Richesse foncière uniformisée 2025, données et description des postes",XLSX,donnees,NA,2025-09-11
effd753f-7cbc-45f5-ac36-85333ae52000,5f28e8ba-a1c0-417f-94d2-2344e938f4f4,"Richesse foncière uniformisée 2025, description des postes",CSV,support,NA,2025-09-11
c5fa1c56-9064-4dc1-9000-aa2bd0b2457e,5f28e8ba-a1c0-417f-94d2-2344e938f4f4,Richesse foncière uniformisée 2024,CSV,donnees,NA,2026-05-21
3a87e115-9e72-4f88-80e1-996beeeaa56c,5f28e8ba-a1c0-417f-94d2-2344e938f4f4,"Richesse foncière uniformisée 2024, données et description des postes",XLSX,donnees,NA,2026-05-21
780d0080-4665-4d6f-8f20-8ea26215e777,5f28e8ba-a1c0-417f-94d2-2344e938f4f4,"Richesse foncière uniformisée 2024, description des postes",CSV,support,NA,2026-05-21
ce278c94-8851-4e0d-bd2d-96f912a96b2b,5f28e8ba-a1c0-417f-94d2-2344e938f4f4,Richesse foncière uniformisée 2023,CSV,donnees,NA,2023-09-18
c79d4786-48e0-49e5-8151-61969d093903,5f28e8ba-a1c0-417f-94d2-2344e938f4f4,Richesse foncière uniformisée 2023,XLSX,donnees,NA,2024-09-03
fd4ba6b8-88be-4757-9c46-ba794cc24764,5f28e8ba-a1c0-417f-94d2-2344e938f4f4,"Richesse foncière uniformisée, 2022",CSV,donnees,447443,2024-11-06
3e5a5ba3-b6df-4714-a077-bd6ff19f325b,5f28e8ba-a1c0-417f-94d2-2344e938f4f4,"Richesse foncière uniformisée 2023, description des postes",CSV,support,1763,2024-11-06
c39d53fc-de5f-4080-9d1a-0acb57e8621e,5f28e8ba-a1c0-417f-94d2-2344e938f4f4,"Richesse foncière uniformisée 2023, description des postes",XLSX,support,NA,2023-09-13
063baf3b-4d88-4190-84ce-4c0fcd75d854,5f28e8ba-a1c0-417f-94d2-2344e938f4f4,"Richesse foncière uniformisée 2022, description des postes",CSV,support,1608,2024-11-06
121b0f23-0e31-4b9c-b4dd-b8a60f12d778,5f28e8ba-a1c0-417f-94d2-2344e938f4f4,"Richesse foncière uniformisée, 2022",XLSX,donnees,NA,2023-06-26
d7ebe314-7123-4048-af39-bad55076a947,5f28e8ba-a1c0-417f-94d2-2344e938f4f4,"Richesse foncière uniformisée 2022, description des postes",XLSX,support,NA,2022-09-30
81028389-ce08-47ed-907e-a95c81dae23f,5f28e8ba-a1c0-417f-94d2-2344e938f4f4,"Richesse foncière uniformisée, 2021",CSV,donnees,284428,2024-11-06
3977aa9b-74ad-47be-9601-6733d0921ffc,5f28e8ba-a1c0-417f-94d2-2344e938f4f4,"Richesse foncière uniformisée, 2021",XLSX,donnees,NA,2022-10-06
12685294-918f-4949-80c9-108f7924ea30,5f28e8ba-a1c0-417f-94d2-2344e938f4f4,"Richesse foncière uniformisée 2021, description des postes",CSV,support,1153,2024-11-06
dd528fae-1ec7-4c1b-93e0-ec5704730aba,5f28e8ba-a1c0-417f-94d2-2344e938f4f4,"Richesse foncière uniformisée 2021, description des postes",XLSX,support,NA,2021-07-28
c8599d0f-958b-4847-8109-da915e9eb58a,5f28e8ba-a1c0-417f-94d2-2344e938f4f4,"Richesse foncière uniformisée, 2020",CSV,donnees,284074,2024-11-06
2a881e7e-db14-476e-bc3e-807cf8933d00,5f28e8ba-a1c0-417f-94d2-2344e938f4f4,"Richesse foncière uniformisée, 2020",XLSX,donnees,NA,2022-10-06
0a0725eb-00a7-432e-a1db-e425bc7679c3,5f28e8ba-a1c0-417f-94d2-2344e938f4f4,"Richesse foncière uniformisée 2020, description des postes",CSV,support,1153,2024-11-06
6000b268-0a2e-477b-ba8a-c4d7a0c0eee8,5f28e8ba-a1c0-417f-94d2-2344e938f4f4,"Richesse foncière uniformisée 2020, description des postes",XLSX,support,NA,2020-06-22
cd033572-4151-4975-961d-1e75c877a42c,5f28e8ba-a1c0-417f-94d2-2344e938f4f4,"Richesse foncière uniformisée, 2019",CSV,donnees,284098,2024-11-06
b73ddae4-b439-4e33-bcd9-ab53bcd2ddcf,5f28e8ba-a1c0-417f-94d2-2344e938f4f4,"Richesse foncière uniformisée, 2019",XLSX,donnees,NA,2022-10-06
8272d0c8-23a6-47fc-958f-e316ba6e8a01,5f28e8ba-a1c0-417f-94d2-2344e938f4f4,"Richesse foncière uniformisée 2019, description des postes",CSV,support,1153,2024-11-06
393dfce2-10a4-42bc-bbd1-984350667a33,5f28e8ba-a1c0-417f-94d2-2344e938f4f4,"Richesse foncière uniformisée 2019, description des postes",XLSX,support,NA,2019-08-12
b3969d3e-f4f4-40a9-a35a-5b7e41cfc991,5f28e8ba-a1c0-417f-94d2-2344e938f4f4,"Richesse foncière uniformisée, 2018",CSV,donnees,284127,2024-11-06
a1b39212-b3a3-46b1-9b54-e0addfc44b79,5f28e8ba-a1c0-417f-94d2-2344e938f4f4,"Richesse foncière uniformisée, 2018",XLSX,donnees,NA,2018-07-03
54466cdf-2987-4af4-8476-5ddab897bce4,5f28e8ba-a1c0-417f-94d2-2344e938f4f4,"Richesse foncière uniformisée 2018, description des postes",CSV,support,1153,2024-11-06
d1641009-14e5-4a3c-857c-7eb24b9a627e,5f28e8ba-a1c0-417f-94d2-2344e938f4f4,"Richesse foncière uniformisée 2018, description des postes",XLSX,support,NA,2018-07-03
fbf78ed5-7b28-43d5-a65e-0255918d6ec2,5f28e8ba-a1c0-417f-94d2-2344e938f4f4,"Richesse foncière uniformisée, 2017",CSV,donnees,NA,2017-07-28
4a6cdea6-b207-4b8b-aa2f-ec74c913d808,5f28e8ba-a1c0-417f-94d2-2344e938f4f4,"Richesse foncière uniformisée, 2017",XLSX,donnees,NA,2017-09-14
e952e224-ca6a-4e26-8d21-7938c79fc68c,5f28e8ba-a1c0-417f-94d2-2344e938f4f4,"Richesse foncière uniformisée 2017, description des postes",CSV,support,NA,2017-09-15
7ebccaba-194f-4265-ae34-98d7217145c5,5f28e8ba-a1c0-417f-94d2-2344e938f4f4,"Richesse foncière uniformisée 2017, description des postes",XLSX,support,NA,2017-09-15
5e098e9f-73b5-4a2b-806a-988b07b590ea,648535fc-1243-4b8a-bb6b-41eba50de954,Résultats des élections municipales générales de 2025 (municipalités),CSV,donnees,NA,2025-12-12
c9216f44-af1c-4f09-96ff-18a7cf1f21dd,648535fc-1243-4b8a-bb6b-41eba50de954,Résultats des élections municipales générales de 2025 (municipalités)(xlsx),XLSX,donnees,NA,2025-12-12
59723374-07f1-452a-951f-e5ad4cecb796,648535fc-1243-4b8a-bb6b-41eba50de954,Résultats des élections municipales générales de 2025 (MRC),CSV,donnees,NA,2025-12-12
f1b3e3ef-bbf2-481b-a626-ea3e891a3c0a,648535fc-1243-4b8a-bb6b-41eba50de954,Résultats des élections municipales générales de 2025 (MRC)(xlsx),XLSX,donnees,NA,2025-12-12
90f4c6df-28aa-464b-8195-ef49d22c3b94,648535fc-1243-4b8a-bb6b-41eba50de954,Résultats des élections municipales générales de 2021 (municipalités),CSV,donnees,NA,2025-10-16
4f5c652d-383e-4856-abe2-01e623aacc0d,648535fc-1243-4b8a-bb6b-41eba50de954,Résultats des élections municipales générales de 2021 (municipalités)(xlsx),XLSX,donnees,NA,2025-09-18
c769ed36-f511-44e3-87d4-114433d75b07,648535fc-1243-4b8a-bb6b-41eba50de954,Résultats des élections municipales générales de 2021 (mrc),CSV,donnees,NA,2025-09-18
1f9171d3-f34a-4492-9878-c5a74243d38e,648535fc-1243-4b8a-bb6b-41eba50de954,Résultats des élections municipales générales de 2021 (mrc)(xlsx),XLSX,donnees,NA,2025-09-18
4d74e526-05f9-44e7-800c-9a46a395f876,648535fc-1243-4b8a-bb6b-41eba50de954,Résultats des élections municipales générales de 2017,CSV,donnees,NA,2025-09-18
95c8b5c0-e76a-4d73-80f2-82d4fea7015c,648535fc-1243-4b8a-bb6b-41eba50de954,Résultats des élections municipales générales de 2017 (xlsx),XLSX,donnees,NA,2025-09-18
1196c375-e391-4f73-b162-ba1fae26ec9c,648535fc-1243-4b8a-bb6b-41eba50de954,Résultats des élections municipales générales de 2013,CSV,donnees,NA,2025-09-18
19c6c280-d9d1-4cd8-89bd-c41d90241497,648535fc-1243-4b8a-bb6b-41eba50de954,Résultats des élections municipales générales de 2013 (xlsx),XLSX,donnees,NA,2025-09-18
34344285-744d-41d9-9fc4-5e49f861d3f2,648535fc-1243-4b8a-bb6b-41eba50de954,Résultats des élections municipales générales de 2009,CSV,donnees,NA,2025-09-18
8539e2f0-ccbd-4470-9c23-209c05305190,648535fc-1243-4b8a-bb6b-41eba50de954,Résultats des élections municipales générales de 2009 (xlsx),XLSX,donnees,NA,2025-09-18
de7c5891-aeb2-4c54-b13e-3bd3fd89fe61,648535fc-1243-4b8a-bb6b-41eba50de954,Résultats des élections municipales générales de 2005,CSV,donnees,NA,2025-11-03
1b81d0e2-28ed-4eed-9728-147b8776189b,648535fc-1243-4b8a-bb6b-41eba50de954,Résultats des élections municipales générales de 2005 (xlsx),XLSX,donnees,NA,2025-11-03
284d12a0-1fbb-4512-adce-a7b570bf9dd3,2474b4f2-c4aa-436e-b1fd-830f4a70cede,Consommation résidentielle par municipalité 2023 - selon la classe de population,CSV,donnees,NA,2026-01-15
b26da1bd-de4d-4694-b47d-5ac44e6f202f,2474b4f2-c4aa-436e-b1fd-830f4a70cede,Consommation résidentielle par municipalité 2023 - selon la région administrative,CSV,donnees,NA,2026-01-15
f68471b3-4a2b-4390-a9e7-98b7e7279fc6,2474b4f2-c4aa-436e-b1fd-830f4a70cede,Indice de fuites dans les infrastructures (IFI) 2023 - selon la classe de population,CSV,donnees,NA,2026-01-15
729bfc4b-f4d7-4e0b-b7fd-42944f5233f1,2474b4f2-c4aa-436e-b1fd-830f4a70cede,Indice de fuites dans les infrastructures (IFI) 2023 - selon la région administrative,CSV,donnees,NA,2026-01-15
6f9b5637-a9c8-4dd0-8834-c22f6fba59a9,2474b4f2-c4aa-436e-b1fd-830f4a70cede,Résultat de validité des données des audits de l’eau de l’AWWA 2023 - selon la classe de population,CSV,donnees,NA,2026-01-15
d9d6ba5b-38d1-4ffc-a8c4-6950629b3a2d,2474b4f2-c4aa-436e-b1fd-830f4a70cede,Résultat de validité des données des audits de l’eau de l’AWWA 2023 - selon la région administrative,CSV,donnees,NA,2026-01-15
f998ce4b-2c7c-4d4d-a149-eda391a6d4e9,2474b4f2-c4aa-436e-b1fd-830f4a70cede,Consommation résidentielle par municipalité 2022 - selon la classe de population,CSV,donnees,NA,2024-06-11
58bdcb3e-e597-4b8b-b062-9b1e21f83731,2474b4f2-c4aa-436e-b1fd-830f4a70cede,Consommation résidentielle par municipalité 2022 - selon la région administrative,CSV,donnees,NA,2024-06-11
035b453e-e13f-4af1-839d-443ac217dec0,2474b4f2-c4aa-436e-b1fd-830f4a70cede,Indice de fuites dans les infrastructures (IFI) 2022 - selon la classe de population,CSV,donnees,NA,2024-06-11
68157a82-12e8-4394-b388-7143bf3d7fe9,2474b4f2-c4aa-436e-b1fd-830f4a70cede,Indice de fuites dans les infrastructures (IFI) 2022 - selon la région administrative,CSV,donnees,NA,2024-06-11
45565332-7d42-4e91-8355-0d4e5261b90a,2474b4f2-c4aa-436e-b1fd-830f4a70cede,Résultat de validité des données des audits de l’eau de l’AWWA 2022 - selon la classe de population,CSV,donnees,NA,2024-06-11
297d054a-b485-45c7-84fd-575a329e9ccd,2474b4f2-c4aa-436e-b1fd-830f4a70cede,Résultat de validité des données des audits de l’eau de l’AWWA 2022 - selon la région administrative,CSV,donnees,NA,2024-06-11
86b105eb-cc2f-4d75-ad6e-e7010a5862c0,2474b4f2-c4aa-436e-b1fd-830f4a70cede,Consommation résidentielle par municipalité 2021 - selon la classe de population,CSV,donnees,NA,2024-06-11
df7f16f5-37f5-40a7-a1c7-32c0b65dc8e3,2474b4f2-c4aa-436e-b1fd-830f4a70cede,Consommation résidentielle par municipalité 2021 - selon la région administrative,CSV,donnees,NA,2024-06-11
aa500264-2ef1-4d38-abfe-11ddecf2a1b2,2474b4f2-c4aa-436e-b1fd-830f4a70cede,Indice de fuites dans les infrastructures (IFI) 2021 - selon la classe de population,CSV,donnees,NA,2024-06-11
c8990e06-2c95-4fb1-94dc-40e8911ae31b,2474b4f2-c4aa-436e-b1fd-830f4a70cede,Indice de fuites dans les infrastructures (IFI) 2021 - selon la région administrative,CSV,donnees,NA,2024-06-11
ce30f707-6bdc-4095-a573-149ae6da5e76,2474b4f2-c4aa-436e-b1fd-830f4a70cede,Résultat de validité des données des audits de l’eau de l’AWWA 2021 - selon la classe de population,CSV,donnees,NA,2024-06-11
d3b11352-cad2-4257-b3ad-f1ab5e794804,2474b4f2-c4aa-436e-b1fd-830f4a70cede,Résultat de validité des données des audits de l’eau de l’AWWA 2021 - selon la région administrative,CSV,donnees,NA,2024-06-11
d498a62f-56c8-47ba-967b-a2fc8005242e,2474b4f2-c4aa-436e-b1fd-830f4a70cede,Consommation résidentielle par municipalité 2020 - selon la classe de population,CSV,donnees,NA,2024-06-11
c1cc2fd4-5545-479e-9be4-d49444367cc8,2474b4f2-c4aa-436e-b1fd-830f4a70cede,Consommation résidentielle par municipalité 2020 - selon la région administrative,CSV,donnees,NA,2024-06-11
5c22fced-27a4-4585-b7a3-17f3701a7edd,2474b4f2-c4aa-436e-b1fd-830f4a70cede,Indice de fuites dans les infrastructures (IFI) 2020 - selon la classe de population,CSV,donnees,NA,2024-06-11
7e19a5bb-cc5a-4932-a7c5-b55e8a960e15,2474b4f2-c4aa-436e-b1fd-830f4a70cede,Indice de fuites dans les infrastructures (IFI) 2020 - selon la région administrative,CSV,donnees,NA,2024-06-05
2166699a-d0b4-494a-ab05-8c30619b1dda,2474b4f2-c4aa-436e-b1fd-830f4a70cede,Résultat de validité des données des audits de l’eau de l’AWWA 2020 - selon la classe de population,CSV,donnees,NA,2024-06-11
de56f9cf-05f6-43a4-83a6-db244cbb6f4b,2474b4f2-c4aa-436e-b1fd-830f4a70cede,Résultat de validité des données des audits de l’eau de l’AWWA 2020 - selon la région administrative,CSV,donnees,NA,2024-06-11
018e1958-6b1e-42c2-890f-0a6d7be21b89,2474b4f2-c4aa-436e-b1fd-830f4a70cede,Consommation résidentielle par municipalité 2019 - selon la classe de population,CSV,donnees,NA,2024-06-05
a41530d5-01d1-4812-8eb6-a49366de5fd7,2474b4f2-c4aa-436e-b1fd-830f4a70cede,Consommation résidentielle par municipalité 2019 - selon la région administrative,CSV,donnees,NA,2024-06-05
6a0fb059-19b7-47c7-9a57-9d169fdbdca6,2474b4f2-c4aa-436e-b1fd-830f4a70cede,Indice de fuites dans les infrastructures (IFI) 2019 - selon la classe de population,CSV,donnees,NA,2024-06-05
aa0966ee-4193-4f11-813f-69fd4e0456cd,2474b4f2-c4aa-436e-b1fd-830f4a70cede,Indice de fuites dans les infrastructures (IFI) 2019 - selon la région administrative,CSV,donnees,NA,2024-06-11
e2d90ad9-56fc-439e-a925-8266589f2a06,2474b4f2-c4aa-436e-b1fd-830f4a70cede,Résultat de validité des données des audits de l’eau de l’AWWA 2019 - selon la classe de population,CSV,donnees,NA,2024-06-05
c9a7481b-7f90-4cc3-bec9-0e1cd4fc7159,2474b4f2-c4aa-436e-b1fd-830f4a70cede,Résultat de validité des données des audits de l’eau de l’AWWA 2019 - selon la région administrative,CSV,donnees,NA,2024-06-05
075699e2-a44c-444e-8d89-0014b8427aad,2474b4f2-c4aa-436e-b1fd-830f4a70cede,Consommation résidentielle par municipalité 2018 - selon la classe de population,CSV,donnees,NA,2024-05-01
20e11f28-7fbc-409f-980c-0e3e7f394a00,2474b4f2-c4aa-436e-b1fd-830f4a70cede,Consommation résidentielle par municipalité 2018 - selon la région administrative,CSV,donnees,NA,2024-05-01
5228b77c-ce2f-4475-9aeb-205772407299,2474b4f2-c4aa-436e-b1fd-830f4a70cede,Indice de fuites dans les infrastructures (IFI) 2018 - selon la classe de population,CSV,donnees,NA,2024-05-01
b4b8aa97-6d91-4c41-80b9-d032457815ad,2474b4f2-c4aa-436e-b1fd-830f4a70cede,Indice de fuites dans les infrastructures (IFI) 2018 - selon la région administrative,CSV,donnees,NA,2024-05-01
5b7ecd23-42f8-43ae-b8d7-5e2b7fa3f6f0,2474b4f2-c4aa-436e-b1fd-830f4a70cede,Résultat de validité des données des audits de l’eau de l’AWWA 2018 - selon la classe de population,CSV,donnees,NA,2024-05-01
8500a7e8-1f58-451c-bec1-feb3dbc86a23,2474b4f2-c4aa-436e-b1fd-830f4a70cede,Résultat de validité des données des audits de l’eau de l’AWWA 2018 - selon la région administrative,CSV,donnees,NA,2024-05-01
fd447b5b-e862-4f92-91c7-7dcf9a9d6321,ed4c5174-666c-4374-801e-c6958144c7f3,Documents_deposes_Assemblee.csv,CSV,donnees,3445349,2026-07-10
954317ee-01b2-4e13-9a79-b37743e68fef,4019d3d8-8a9f-4cf1-8237-df94d6ac81e8,Deputees_deputes_en_fonction.csv,CSV,donnees,681531,2026-07-06
93c74b8c-51d1-49e6-9ab9-1f8d96dbd735,2bde70f9-15ff-455b-b3ea-c6e229b24074,Projets de loi.csv,CSV,donnees,152408,2026-06-16
003d7d50-f579-4be2-951f-129ed49e8663,749a7cc2-ed14-451b-b371-6bc3c15bf1e3,Commissions.csv,CSV,donnees,1078,2026-04-28
e39e7dbb-76e0-4ed1-ba4f-bfc882f54d2d,d0ab69a8-a363-4a07-849a-a76e2102ccf1,Circonscriptions,CSV,donnees,4012,2026-04-20
35d5d35a-2575-46c5-bc17-a6a2ae76513d,54686932-09f2-4a7f-8bad-a6dbf97b610f,Description du jeu de données FRQSC,PDF,support,NA,2023-06-26
d82e9a5a-be58-4b3a-af30-0ce7a811faff,54686932-09f2-4a7f-8bad-a6dbf97b610f,Liste du Financement - FRQSC 2023-2024,CSV,donnees,1172751,2026-01-30
cd484b7d-9c19-41b1-a6ae-877bc4101340,54686932-09f2-4a7f-8bad-a6dbf97b610f,Liste du Financement - FRQSC 2022-2023,CSV,donnees,1110682,2026-01-30
05a7905e-62cd-4efb-8c74-fd722898bad2,54686932-09f2-4a7f-8bad-a6dbf97b610f,Liste du Financement - FRQSC 2021-2022,CSV,donnees,792406,2025-01-27
3a9cb446-fc99-482a-a747-52cfe7a5284b,54686932-09f2-4a7f-8bad-a6dbf97b610f,Liste du Financement - FRQSC 2020-2021,CSV,donnees,985502,2025-01-27
9d204ea3-c42a-4b12-bba9-7542d8b38dcd,54686932-09f2-4a7f-8bad-a6dbf97b610f,Liste du Financement - FRQSC 2019-2020,CSV,donnees,923503,2025-01-27
e84bbc32-06d5-4030-afd4-77d831a9e8fc,54686932-09f2-4a7f-8bad-a6dbf97b610f,Liste du Financement - FRQSC 2018-2019,CSV,donnees,NA,2025-01-27
6931a8d3-6102-4b73-8cf5-f6cb22dc8a20,c8433300-f752-4815-8ea2-69cad416dd80,Lois,XML,donnees,44491942,2026-07-04
7ee7d4cc-7162-4864-8050-d24d377ec1aa,c8433300-f752-4815-8ea2-69cad416dd80,Reglements,XML,donnees,46012120,2026-07-04
0258a249-ed43-4486-8f02-0029d1359cdf,c8433300-f752-4815-8ea2-69cad416dd80,Règlements - Contenu visuel - 1,PDF,donnees,287957139,2026-07-04
12c0b85f-7cfb-460d-8729-63abfb4fb48b,c8433300-f752-4815-8ea2-69cad416dd80,Règlements - Contenu visuel - 2,PDF,donnees,263325923,2026-07-04
30fa2cc5-b12e-4e55-a4a3-1fd163f5761d,c8433300-f752-4815-8ea2-69cad416dd80,Règlements - Contenu visuel - 3,PDF,donnees,302525737,2026-07-04
686ce4ff-694b-4c6c-aecc-1c634c758b45,c8433300-f752-4815-8ea2-69cad416dd80,Règlements - Contenu visuel - 4,PDF,donnees,290794792,2026-07-04
8bb1bb9f-c29d-434a-a368-f23523050113,c8433300-f752-4815-8ea2-69cad416dd80,Règlements - Contenu visuel - 5,PDF,donnees,279347494,2026-07-04
7df6f34f-2871-455e-8e86-cdcc10e9695f,c8433300-f752-4815-8ea2-69cad416dd80,Règlements - Contenu visuel - 6,PDF,donnees,200054941,2026-07-04
f95045c5-9e5b-4b2d-b328-e98c29bd3b76,c8433300-f752-4815-8ea2-69cad416dd80,Liste des lois et des règlements en français,CSV,support,563701,2026-07-04
f0c6b16b-62f6-4e82-81ca-fc4b061f06c1,c8433300-f752-4815-8ea2-69cad416dd80,Liste des lois et des règlements en anglais,CSV,support,537140,2026-07-04
d8de5fa9-e075-4dfc-844a-3bbe48543261,2ac81cd6-382a-442e-b65e-fdad1c027caf,"Assistance sociale : clientèle et prestations, avril 2026",CSV,donnees,2067,2026-06-12
b245245d-ced4-45a5-9dd1-4d00d71f4ebd,2ac81cd6-382a-442e-b65e-fdad1c027caf,"Assistance sociale : clientèle et prestations, mars 2026",CSV,donnees,2067,2026-05-14
b7514fd6-6c2c-4d2b-8b21-06c772fd2674,2ac81cd6-382a-442e-b65e-fdad1c027caf,"Assistance sociale : clientèle et prestations, février 2026",CSV,donnees,2068,2026-04-15
bc28cd6c-715d-46db-8139-dcce91e2ca7f,2ac81cd6-382a-442e-b65e-fdad1c027caf,"Assistance sociale : clientèle et prestations, janvier 2026",CSV,donnees,2068,2026-03-20
de9c56d4-f3a1-431c-ad8c-542018ff63a5,2ac81cd6-382a-442e-b65e-fdad1c027caf,"Assistance sociale : clientèle et prestations, décembre 2025",CSV,donnees,2066,2026-02-11
df470623-4ca9-42bf-9c94-803ca7515220,2ac81cd6-382a-442e-b65e-fdad1c027caf,"Assistance sociale : clientèle et prestations, novembre 2025",CSV,donnees,2068,2026-01-14
32ae58db-ea7d-4b97-991e-d56710a281c5,2ac81cd6-382a-442e-b65e-fdad1c027caf,"Assistance sociale : clientèle et prestations, octobre 2025",CSV,donnees,2068,2026-01-14
0ea4e6d7-20e1-4de2-8225-50605c2105b6,2ac81cd6-382a-442e-b65e-fdad1c027caf,"Assistance sociale : clientèle et prestations, septembre 2025",CSV,donnees,2067,2025-11-12
85f09671-9557-41fe-b307-ad8789a53812,2ac81cd6-382a-442e-b65e-fdad1c027caf,"Assistance sociale : clientèle et prestations, août 2025",CSV,donnees,2068,2025-10-09
6ae6d74c-18e5-4937-997b-4c393c868333,2ac81cd6-382a-442e-b65e-fdad1c027caf,"Assistance sociale : clientèle et prestations, juillet 2025",CSV,donnees,2068,2025-09-15
864fe51b-d203-4a6c-8987-c14a9e259e11,2ac81cd6-382a-442e-b65e-fdad1c027caf,"Assistance sociale : clientèle et prestations, juin 2025",CSV,donnees,2069,2025-08-18
3c1c541e-a962-43a2-8598-de119a06dd68,2ac81cd6-382a-442e-b65e-fdad1c027caf,"Assistance sociale : clientèle et prestations, mai 2025",CSV,donnees,2068,2025-07-11
42301546-8ac9-48e9-9ae3-8209f0b25da8,2ac81cd6-382a-442e-b65e-fdad1c027caf,"Assistance sociale : clientèle et prestations, avril 2025",CSV,donnees,2064,2025-06-16
0fee6aea-893b-49e3-983a-3e0cfc6c635f,2ac81cd6-382a-442e-b65e-fdad1c027caf,"Assistance sociale : clientèle et prestations, mars 2025",CSV,donnees,2067,2025-05-12
03ab94ff-0396-40d6-a6f0-54b109037fb8,2ac81cd6-382a-442e-b65e-fdad1c027caf,"Assistance sociale : clientèle et prestations, février 2025",CSV,donnees,2067,2025-04-16
7710f73d-7034-4b21-89f7-915d55eedd5a,2ac81cd6-382a-442e-b65e-fdad1c027caf,"Assistance sociale : clientèle et prestations, janvier 2025",CSV,donnees,2065,2025-03-10
e8ab1c70-62c9-4dbc-af3f-9001f61d16fc,2ac81cd6-382a-442e-b65e-fdad1c027caf,"Assistance sociale : clientèle et prestations, décembre 2024",CSV,donnees,2064,2025-02-14
d5cd2be3-2c3e-4174-bbba-c78a0c446fdd,2ac81cd6-382a-442e-b65e-fdad1c027caf,"Assistance sociale : clientèle et prestations, novembre 2024",CSV,donnees,2065,2025-01-15
f8de9792-484a-4c1e-b0b4-bf245efd1257,2ac81cd6-382a-442e-b65e-fdad1c027caf,"Assistance sociale : clientèle et prestations, octobre 2024",CSV,donnees,2065,2024-12-12
9c53e477-1ff1-403b-aaf3-1ce810308912,2ac81cd6-382a-442e-b65e-fdad1c027caf,"Assistance sociale : clientèle et prestations, septembre 2024",CSV,donnees,2066,2024-11-14
8db9a994-1bdb-4a33-a036-9548773c69da,2ac81cd6-382a-442e-b65e-fdad1c027caf,"Assistance sociale : clientèle et prestations, août 2024",CSV,donnees,2067,2024-10-15
692f5496-72de-4406-8cc4-3f44bd4974b0,2ac81cd6-382a-442e-b65e-fdad1c027caf,"Assistance sociale : clientèle et prestations, juillet 2024",CSV,donnees,2067,2024-09-12
609cc362-ef4d-4bfe-8471-c52c2a9f7173,2ac81cd6-382a-442e-b65e-fdad1c027caf,"Assistance sociale : clientèle et prestations, juin 2024",CSV,donnees,2067,2024-08-19
a699d725-80d9-4732-b4e5-2f9ecf6bab48,2ac81cd6-382a-442e-b65e-fdad1c027caf,"Assistance sociale : clientèle et prestations, mai 2024",CSV,donnees,2067,2024-08-19
4f6a2f52-cccd-4789-a305-40b851e4075a,2ac81cd6-382a-442e-b65e-fdad1c027caf,"Assistance sociale : clientèle et prestations, avril 2024",CSV,donnees,2066,2024-06-14
359c1459-d3c8-454d-8bed-30f189a48344,2ac81cd6-382a-442e-b65e-fdad1c027caf,"Assistance sociale : clientèle et prestations, mars 2024",CSV,donnees,2065,2024-05-23
b6a7798c-9016-4b6b-9f10-dc7d6a3c1999,2ac81cd6-382a-442e-b65e-fdad1c027caf,"Assistance sociale : clientèle et prestations, février 2024",CSV,donnees,2064,2024-04-17
1a8d294e-96b3-4fc2-85a9-030afe358a7f,2ac81cd6-382a-442e-b65e-fdad1c027caf,"Assistance sociale : clientèle et prestations, janvier 2024",CSV,donnees,2066,2024-03-19
496f2469-4495-4180-9268-f6de46e913b2,2ac81cd6-382a-442e-b65e-fdad1c027caf,"Assistance sociale : clientèle et prestations, décembre 2023",CSV,donnees,2066,2024-02-22
32fdbf7b-8dfe-4e84-a900-b4ee9dae4e99,2ac81cd6-382a-442e-b65e-fdad1c027caf,"Assistance sociale : clientèle et prestations, novembre 2023",CSV,donnees,2059,2024-01-22
6f1f27ce-02d6-40f3-b3ee-81c68bcae20c,2ac81cd6-382a-442e-b65e-fdad1c027caf,"Assistance sociale : clientèle et prestations, octobre 2023",CSV,donnees,2064,2023-12-19
86625b2d-b412-4407-adec-4e2becc126b6,2ac81cd6-382a-442e-b65e-fdad1c027caf,"Assistance sociale : clientèle et prestations, septembre 2023",CSV,donnees,2056,2023-12-19
e3c12a51-383d-4cb8-b99b-6ef031d34ec2,2ac81cd6-382a-442e-b65e-fdad1c027caf,"Assistance sociale : clientèle et prestations, août 2023",CSV,donnees,2066,2023-12-19
71282a04-8196-495f-9030-e88b9a03d0af,2ac81cd6-382a-442e-b65e-fdad1c027caf,"Assistance sociale : clientèle et prestations, juillet 2023",CSV,donnees,2065,2023-12-19
62ce56f4-8de7-482f-a403-e67ea16d8fe6,2ac81cd6-382a-442e-b65e-fdad1c027caf,"Assistance sociale : clientèle et prestations, juin 2023",CSV,donnees,2067,2023-12-19
555c9b44-5e47-4b34-bed6-c975cf08a245,2ac81cd6-382a-442e-b65e-fdad1c027caf,"Assistance sociale : clientèle et prestations, mai 2023",CSV,donnees,2066,2023-12-19
7a057b13-f73d-45c5-9054-7cf2ff1657ef,2ac81cd6-382a-442e-b65e-fdad1c027caf,"Assistance sociale : clientèle et prestations, avril 2023",CSV,donnees,2061,2024-01-22
014399cd-b72b-4caf-b334-8e48cbd2e12f,2ac81cd6-382a-442e-b65e-fdad1c027caf,"Assistance sociale : clientèle et prestations, mars 2023",CSV,donnees,2060,2023-05-29
6b7f555c-75aa-4db2-a2c6-cee88a480539,2ac81cd6-382a-442e-b65e-fdad1c027caf,"Assistance sociale : clientèle et prestations, février 2023",CSV,donnees,2060,2023-05-29
ab8028be-824e-4b5a-8382-aed6eb7e214d,2ac81cd6-382a-442e-b65e-fdad1c027caf,"Assistance sociale : clientèle et prestations, janvier 2023",CSV,donnees,2060,2023-06-01
cac75848-24f9-4f90-9978-407c94060df5,2ac81cd6-382a-442e-b65e-fdad1c027caf,Lexique Programmes d'assistance sociale,PDF,support,153256,2023-05-29
e7ff6020-a76b-41bc-be27-d844e5fd2079,2ac81cd6-382a-442e-b65e-fdad1c027caf,Description des champs,PDF,support,644819,2023-06-26
6ca5a183-b364-4ceb-8f47-df1b0744548f,57d9922e-7e01-4780-801f-0697d6459f70,"Revenu de base : adultes, avril 2026",CSV,donnees,6886,2026-06-12
335b2c38-0788-4953-bb01-b6b690270b47,57d9922e-7e01-4780-801f-0697d6459f70,"Revenu de base : adultes, mars 2026",CSV,donnees,6877,2026-05-14
14fb481a-a699-481e-a90a-e97f52a13ba6,57d9922e-7e01-4780-801f-0697d6459f70,"Revenu de base : adultes, février 2026",CSV,donnees,6863,2026-04-15
dcb7fffc-dccb-4e57-8dc4-2736f8ad8227,57d9922e-7e01-4780-801f-0697d6459f70,"Revenu de base : adultes, janvier 2026",CSV,donnees,6852,2026-03-20
36d60a36-115c-4247-925a-44e3127ba7a5,57d9922e-7e01-4780-801f-0697d6459f70,"Revenu de base : adultes, décembre 2025",CSV,donnees,6868,2026-02-11
926c854b-9780-432d-bf38-239fbde0d274,57d9922e-7e01-4780-801f-0697d6459f70,"Revenu de base : adultes, novembre 2025",CSV,donnees,6871,2026-01-14
c08dd684-25e9-45c8-ad6d-544ef87b4b3f,57d9922e-7e01-4780-801f-0697d6459f70,"Revenu de base : adultes, octobre 2025",CSV,donnees,6841,2025-12-10
0c07e7d1-d38c-4a13-b78a-2ca28831f91c,57d9922e-7e01-4780-801f-0697d6459f70,"Revenu de base : adultes, septembre 2025",CSV,donnees,6876,2025-11-12
5f34132b-8833-4a70-806b-754e316cd527,57d9922e-7e01-4780-801f-0697d6459f70,"Revenu de base : adultes, août 2025",CSV,donnees,6857,2025-10-09
7d4faced-9f0d-447d-829b-1513bf07e1ac,57d9922e-7e01-4780-801f-0697d6459f70,"Revenu de base : adultes, juillet 2025",CSV,donnees,6871,2025-09-15
d84a87a8-db43-457e-afab-8964dcf8c0c4,57d9922e-7e01-4780-801f-0697d6459f70,"Revenu de base : adultes, juin 2025",CSV,donnees,6880,2025-08-18
301c0c0e-832e-408d-a09d-98bd6d5a984c,57d9922e-7e01-4780-801f-0697d6459f70,"Revenu de base : adultes, mai 2025",CSV,donnees,6863,2025-07-11
edbf2bf9-3591-4e39-b8a8-bfbb4fbca02c,57d9922e-7e01-4780-801f-0697d6459f70,"Revenu de base : adultes, avril 2025",CSV,donnees,6892,2025-06-16
cee35d18-6af2-4c62-9615-d2778bab6230,57d9922e-7e01-4780-801f-0697d6459f70,"Revenu de base : adultes, mars 2025",CSV,donnees,6863,2025-05-12
a83dc061-d705-4857-85fb-e20308fa0eea,57d9922e-7e01-4780-801f-0697d6459f70,"Revenu de base : adultes, février 2025",CSV,donnees,6860,2025-04-16
4922153c-430c-419c-b497-3cdff1de846b,57d9922e-7e01-4780-801f-0697d6459f70,"Revenu de base : adultes, janvier 2025",CSV,donnees,6878,2025-03-10
2349aad1-f5b7-451c-a40e-a32b00e9068c,57d9922e-7e01-4780-801f-0697d6459f70,"Revenu de base : adultes, décembre 2024",CSV,donnees,6871,2025-02-14
daab7d3d-0a98-474a-a4f0-e838c25529a6,57d9922e-7e01-4780-801f-0697d6459f70,"Revenu de base : adultes, novembre 2024",CSV,donnees,6879,2025-01-15
36d6e017-10fb-445d-9ac0-6e2b0f4ceae8,57d9922e-7e01-4780-801f-0697d6459f70,"Revenu de base : adultes, octobre 2024",CSV,donnees,6859,2024-12-12
ba836339-961f-4034-b1e9-0bc0b2febea1,57d9922e-7e01-4780-801f-0697d6459f70,"Revenu de base : adultes, septembre 2024",CSV,donnees,6867,2024-11-14
37b9c527-e3bb-49a2-9520-dfa2c15b3fa7,57d9922e-7e01-4780-801f-0697d6459f70,"Revenu de base : adultes, août 2024",CSV,donnees,6866,2024-10-15
452975df-0f1e-41b6-927b-b7ceedcc8d07,57d9922e-7e01-4780-801f-0697d6459f70,"Revenu de base : adultes, juillet 2024",CSV,donnees,6855,2024-09-12
cdde6025-cb5e-4ea1-83e4-a7aa753350c0,57d9922e-7e01-4780-801f-0697d6459f70,"Revenu de base : adultes, juin 2024",CSV,donnees,6848,2024-08-19
5c87f130-d1b8-4524-aac4-a8fb820e1ef8,57d9922e-7e01-4780-801f-0697d6459f70,"Revenu de base : adultes, mai 2024",CSV,donnees,6844,2024-07-15
5deb4437-3fae-42e5-a1d6-ef00d524c20b,57d9922e-7e01-4780-801f-0697d6459f70,"Revenu de base : adultes, avril 2024",CSV,donnees,6884,2024-06-14
40136261-e0da-4285-b595-46d7924cb9ab,57d9922e-7e01-4780-801f-0697d6459f70,"Revenu de base : adultes, mars 2024",CSV,donnees,6873,2024-05-23
79ec9f6e-0350-4499-92e5-d9135eba0b42,57d9922e-7e01-4780-801f-0697d6459f70,"Revenu de base : adultes, février 2024",CSV,donnees,6859,2024-04-17
93b7a084-09b2-4713-9436-de6a48e5f0ac,57d9922e-7e01-4780-801f-0697d6459f70,"Revenu de base : adultes, janvier 2024",CSV,donnees,6873,2024-03-19
e2e3d71a-fbd5-4ee3-b34e-0aced60694a8,57d9922e-7e01-4780-801f-0697d6459f70,"Revenu de base : adultes, décembre 2023",CSV,donnees,6866,2024-02-22
a1f5d58f-294c-4ba6-aeb1-679e6e877e31,57d9922e-7e01-4780-801f-0697d6459f70,"Revenu de base : adultes, novembre 2023",CSV,donnees,6867,2024-01-22
0d21867b-ba94-45be-88e2-81be07e8126c,57d9922e-7e01-4780-801f-0697d6459f70,"Revenu de base : adultes, octobre 2023",CSV,donnees,6869,2023-12-20
7d5a43f0-8aef-471d-8e26-1e96c567fbd0,57d9922e-7e01-4780-801f-0697d6459f70,"Revenu de base : adultes, septembre 2023",CSV,donnees,6856,2023-12-20
708b6b71-b337-4400-8ab6-bf360191e524,57d9922e-7e01-4780-801f-0697d6459f70,"Revenu de base : adultes, août 2023",CSV,donnees,6861,2023-12-20
09eb3404-55a2-40a0-8d59-3de4577220b4,57d9922e-7e01-4780-801f-0697d6459f70,"Revenu de base : adultes, juillet 2023",CSV,donnees,6871,2023-12-20
187cb649-3fd7-4b9f-9c7d-c9b06c9b4700,57d9922e-7e01-4780-801f-0697d6459f70,"Revenu de base : adultes, juin 2023",CSV,donnees,6875,2023-12-20
5c01ca1c-0b58-4814-9d43-8d5616545b9a,57d9922e-7e01-4780-801f-0697d6459f70,"Revenu de base : adultes, mai 2023",CSV,donnees,6870,2023-12-20
be14126c-1d21-4e34-8b9f-0528ccbb0221,57d9922e-7e01-4780-801f-0697d6459f70,"Revenu de base : adultes, avril 2023",CSV,donnees,6848,2024-01-22
6ff2150f-bb02-4f9c-8094-232ae50493cf,57d9922e-7e01-4780-801f-0697d6459f70,"Revenu de base : adultes, mars 2023",CSV,donnees,6859,2023-05-29
33bc80c6-e49a-4b81-ab88-df042afecafc,57d9922e-7e01-4780-801f-0697d6459f70,"Revenu de base : adultes, février 2023",CSV,donnees,6852,2023-05-29
565ea314-0888-4ca7-a84a-9caee37d57eb,57d9922e-7e01-4780-801f-0697d6459f70,"Revenu de base : adultes, janvier 2023",CSV,donnees,6860,2023-05-29
77693f68-2411-425b-9f30-93d312e6f4fc,57d9922e-7e01-4780-801f-0697d6459f70,Lexique Programmes d'assistance sociale,PDF,support,153256,2023-05-29
494244da-f124-4ed3-87ca-cdd1d2cac4d0,57d9922e-7e01-4780-801f-0697d6459f70,Description des champs,PDF,support,644819,2023-06-26
f34979d2-2e2e-4108-9a41-36a9e2d8f0f8,4800d735-5abd-4bff-a732-f938dd695815,"Solidarité sociale : adultes, avril 2026",CSV,donnees,7394,2026-06-12
6f88fb47-54a3-4693-b4e8-b06642f5dcf9,4800d735-5abd-4bff-a732-f938dd695815,"Solidarité sociale : adultes, mars 2026",CSV,donnees,7369,2026-05-14
6e0e2b9e-2398-4aab-ac1e-9f610db53132,4800d735-5abd-4bff-a732-f938dd695815,"Solidarité sociale : adultes, février 2026",CSV,donnees,7347,2026-04-15
94cd285e-3327-4d06-841e-549578b34403,4800d735-5abd-4bff-a732-f938dd695815,"Solidarité sociale : adultes, janvier 2026",CSV,donnees,7373,2026-03-20
b9f5dd17-e03f-41b3-9ada-346d86cbb07b,4800d735-5abd-4bff-a732-f938dd695815,"Solidarité sociale : adultes, décembre 2025",CSV,donnees,7361,2026-02-11
b493c547-a954-4830-a979-fd9ffe3dce5d,4800d735-5abd-4bff-a732-f938dd695815,"Solidarité sociale : adultes, novembre 2025",CSV,donnees,7367,2026-01-14
b26f5bdf-0628-4c5c-9731-d074b678d346,4800d735-5abd-4bff-a732-f938dd695815,"Solidarité sociale : adultes, octobre 2025",CSV,donnees,7363,2025-12-10
4a46be81-e01e-49f7-bdf4-bd77a73f1da0,4800d735-5abd-4bff-a732-f938dd695815,"Solidarité sociale : adultes, septembre 2025",CSV,donnees,7365,2025-11-12
55a888b5-47bf-42ef-a364-dc122f6112ae,4800d735-5abd-4bff-a732-f938dd695815,"Solidarité sociale : adultes, août 2025",CSV,donnees,7320,2025-10-09
a37ac9bf-1245-40e9-a451-62016ac28fd5,4800d735-5abd-4bff-a732-f938dd695815,"Solidarité sociale : adultes, juillet 2025",CSV,donnees,7351,2025-09-15
4b97fb6b-3726-4625-af46-94aa8a347600,4800d735-5abd-4bff-a732-f938dd695815,"Solidarité sociale : adultes, juin 2025",CSV,donnees,7355,2025-08-18
e483ed4b-67f9-455f-ad2d-7aa4f288dd51,4800d735-5abd-4bff-a732-f938dd695815,"Solidarité sociale : adultes, mai 2025",CSV,donnees,7337,2025-07-11
6085a3d9-3a7c-4dcf-a44a-afe7188067e2,4800d735-5abd-4bff-a732-f938dd695815,"Solidarité sociale : adultes, avril 2025",CSV,donnees,7351,2025-06-16
a6e9af92-d1d0-45ea-b423-a39579f3eb88,4800d735-5abd-4bff-a732-f938dd695815,"Solidarité sociale : adultes, mars 2025",CSV,donnees,7355,2025-05-12
ef43e763-f9f8-4ad8-9b14-73a42e4268dd,4800d735-5abd-4bff-a732-f938dd695815,"Solidarité sociale : adultes, février 2025",CSV,donnees,7336,2025-04-16
b3c1aaad-62dd-420b-bd93-dc1e581620fa,4800d735-5abd-4bff-a732-f938dd695815,"Solidarité sociale : adultes, janvier 2025",CSV,donnees,7323,2025-03-10
317f7aed-7850-4c8c-96c9-dcb4a499d4c5,4800d735-5abd-4bff-a732-f938dd695815,"Solidarité sociale : adultes, décembre 2024",CSV,donnees,7317,2025-02-14
e7f1212b-b43f-4789-bb56-4042b5211fbd,4800d735-5abd-4bff-a732-f938dd695815,"Solidarité sociale : adultes, novembre 2024",CSV,donnees,7304,2025-01-15
9fdc9f94-6e73-472f-b480-77499e6baeda,4800d735-5abd-4bff-a732-f938dd695815,"Solidarité sociale : adultes, octobre 2024",CSV,donnees,7317,2024-12-12
84260694-57c4-4a8a-b690-1e2be6a9d0a6,4800d735-5abd-4bff-a732-f938dd695815,"Solidarité sociale : adultes, septembre 2024",CSV,donnees,7307,2024-11-14
ffe077f0-e3cc-44f2-bd0f-4bed8caa935d,4800d735-5abd-4bff-a732-f938dd695815,"Solidarité sociale : adultes, août 2024",CSV,donnees,7315,2024-10-15
dd9fac25-8d1d-4f30-bd49-9ef1e30028ae,4800d735-5abd-4bff-a732-f938dd695815,"Solidarité sociale : adultes, juillet 2024",CSV,donnees,7323,2024-09-12
9cafb89e-10f5-434e-a309-3a50eabfa05f,4800d735-5abd-4bff-a732-f938dd695815,"Solidarité sociale : adultes, juin 2024",CSV,donnees,7329,2024-08-19
95e2d89e-0f31-45a5-b6e9-3efb0fa45921,4800d735-5abd-4bff-a732-f938dd695815,"Solidarité sociale : adultes, mai 2024",CSV,donnees,7290,2024-07-15
ff114ec8-47ca-44ba-9ecf-fd2a846d3151,4800d735-5abd-4bff-a732-f938dd695815,"Solidarité sociale : adultes, avril 2024",CSV,donnees,7317,2024-06-14
24b0d596-3c43-49ea-b3ed-75050ae73d02,4800d735-5abd-4bff-a732-f938dd695815,"Solidarité sociale : adultes, mars 2024",CSV,donnees,7319,2024-05-23
e15793f3-aa1c-4cb7-a848-d1131c7416a5,4800d735-5abd-4bff-a732-f938dd695815,"Solidarité sociale : adultes, février 2024",CSV,donnees,7300,2024-04-17
9453d15d-27cf-48f7-a71d-bb0b570b65ba,4800d735-5abd-4bff-a732-f938dd695815,"Solidarité sociale : adultes, janvier 2024",CSV,donnees,7315,2024-03-19
cf5043f0-8e6e-4099-bbaa-37cfb4a004da,4800d735-5abd-4bff-a732-f938dd695815,"Solidarité sociale : adultes, décembre 2023",CSV,donnees,7312,2024-02-22
2629407f-d234-4930-b0f5-825423fc6bda,4800d735-5abd-4bff-a732-f938dd695815,"Solidarité sociale : adultes, novembre 2023",CSV,donnees,7315,2024-01-22
d2d56b41-2480-47c5-9965-febec1839a37,4800d735-5abd-4bff-a732-f938dd695815,"Solidarité sociale : adultes, octobre 2023",CSV,donnees,7329,2023-12-20
e4ce6c04-ca8f-4a30-9ac7-e8ab73959318,4800d735-5abd-4bff-a732-f938dd695815,"Solidarité sociale : adultes, septembre 2023",CSV,donnees,7330,2023-12-20
421070fe-6ba8-44f7-83f4-d3ed5c42d957,4800d735-5abd-4bff-a732-f938dd695815,"Solidarité sociale : adultes, août 2023",CSV,donnees,7329,2023-12-20
35c77c97-976a-4b06-a94a-abeb4a355887,4800d735-5abd-4bff-a732-f938dd695815,"Solidarité sociale : adultes, juillet 2023",CSV,donnees,7330,2023-12-20
5b2a6935-462f-42e5-9d52-ad60880e5826,4800d735-5abd-4bff-a732-f938dd695815,"Solidarité sociale : adultes, juin 2023",CSV,donnees,7322,2023-12-20
f232b6ba-bdb9-4b12-8bea-8814131d174a,4800d735-5abd-4bff-a732-f938dd695815,"Solidarité sociale : adultes, mai 2023",CSV,donnees,7335,2023-12-20
f22fa55d-441f-4404-b89e-a09f263c75e9,4800d735-5abd-4bff-a732-f938dd695815,"Solidarité sociale : adultes, avril 2023",CSV,donnees,7356,2024-01-22
362b246d-5899-4002-a0cb-b9813bfd7b2c,4800d735-5abd-4bff-a732-f938dd695815,"Solidarité sociale : adultes, mars 2023",CSV,donnees,7370,2023-05-30
c5fd9943-b970-4377-8cea-439130d043c0,4800d735-5abd-4bff-a732-f938dd695815,"Solidarité sociale : adultes, février 2023",CSV,donnees,7362,2023-05-30
68b85a44-931f-454d-acb8-9d5dccdc931f,4800d735-5abd-4bff-a732-f938dd695815,"Solidarité sociale : adultes, janvier 2023",CSV,donnees,7349,2023-06-01
6136e83b-5147-46eb-948d-45a08cbca625,4800d735-5abd-4bff-a732-f938dd695815,Lexique Programmes d'assistance sociale,PDF,support,153256,2023-05-29
d436b80a-d04e-4c02-b688-e01d29850a34,4800d735-5abd-4bff-a732-f938dd695815,Description des champs,PDF,support,644819,2023-06-26
ce35c935-94da-4411-9bd4-64a6e08eecfe,59df7940-27d0-4753-b4c0-3ae7b4172c94,"Aide sociale : adultes, avril 2026",CSV,donnees,7408,2026-06-12
6ffa2e99-7c8a-45df-9948-228d808fcd56,59df7940-27d0-4753-b4c0-3ae7b4172c94,"Aide sociale : adultes, mars 2026",CSV,donnees,7420,2026-05-14
7b69dad0-6e8e-4363-a5f5-61888d559682,59df7940-27d0-4753-b4c0-3ae7b4172c94,"Aide sociale : adultes, février 2026",CSV,donnees,7405,2026-04-15
7d570c36-9a2e-40ef-86df-080bcc250289,59df7940-27d0-4753-b4c0-3ae7b4172c94,"Aide sociale : adultes, janvier 2026",CSV,donnees,7418,2026-03-20
70060f64-e720-40b0-8104-bdacd9b7d4b3,59df7940-27d0-4753-b4c0-3ae7b4172c94,"Aide sociale : adultes, décembre 2025",CSV,donnees,7657,2026-02-11
92120880-ee4c-4e39-9597-0608f1011ec4,59df7940-27d0-4753-b4c0-3ae7b4172c94,"Aide sociale : adultes, novembre 2025",CSV,donnees,7654,2026-01-14
f3e2ee80-0734-484e-a244-94aaa1cf90c5,59df7940-27d0-4753-b4c0-3ae7b4172c94,"Aide sociale : adultes, octobre 2025",CSV,donnees,7657,2025-12-10
94618502-3232-47e8-b203-9cacca44e0c2,59df7940-27d0-4753-b4c0-3ae7b4172c94,"Aide sociale : adultes, septembre 2025",CSV,donnees,7655,2025-11-12
9fd1c863-a9ad-4617-9a78-bb95c911a173,59df7940-27d0-4753-b4c0-3ae7b4172c94,"Aide sociale : adultes, août 2025",CSV,donnees,7653,2025-10-09
248914b3-1500-43d6-92c6-7667cce06550,59df7940-27d0-4753-b4c0-3ae7b4172c94,"Aide sociale : adultes, juillet 2025",CSV,donnees,7651,2025-09-15
d9347d17-18ec-423c-93af-a27258e08ac1,59df7940-27d0-4753-b4c0-3ae7b4172c94,"Aide sociale : adultes, juin 2025",CSV,donnees,7661,2025-08-18
0700d3fc-0cd4-4ebd-8080-5582c0dff275,59df7940-27d0-4753-b4c0-3ae7b4172c94,"Aide sociale : adultes, mai 2025",CSV,donnees,7661,2025-07-11
106a1938-d011-4db7-ba42-72636929ab9d,59df7940-27d0-4753-b4c0-3ae7b4172c94,"Aide sociale : adultes, avril 2025",CSV,donnees,7662,2025-06-16
0f3fcd68-f807-4bdc-8216-fd7da769089f,59df7940-27d0-4753-b4c0-3ae7b4172c94,"Aide sociale : adultes, mars 2025",CSV,donnees,7653,2025-05-12
b8032819-6d40-489d-9601-1ee17067f20d,59df7940-27d0-4753-b4c0-3ae7b4172c94,"Aide sociale : adultes, février 2025",CSV,donnees,7645,2025-04-16
53aa5477-93dd-49c4-be7e-7de7450e45a5,59df7940-27d0-4753-b4c0-3ae7b4172c94,"Aide sociale : adultes, janvier 2025",CSV,donnees,7661,2025-03-10
3680efe6-2776-47bd-acd0-4add378b33e0,59df7940-27d0-4753-b4c0-3ae7b4172c94,"Aide sociale : adultes, décembre 2024",CSV,donnees,7653,2025-02-14
8fd002cd-14af-4c15-b68b-fa247e9aeef5,59df7940-27d0-4753-b4c0-3ae7b4172c94,"Aide sociale : adultes, novembre 2024",CSV,donnees,7660,2025-01-15
2937428b-83f2-4d0b-90a0-d40bb78d2f6a,59df7940-27d0-4753-b4c0-3ae7b4172c94,"Aide sociale : adultes, octobre 2024",CSV,donnees,7662,2024-12-12
edebc1c3-3151-4b4c-bf7b-578a832ec938,59df7940-27d0-4753-b4c0-3ae7b4172c94,"Aide sociale : adultes, septembre 2024",CSV,donnees,7679,2024-11-14
082034ea-3188-40b4-a756-dd5e6de1e619,59df7940-27d0-4753-b4c0-3ae7b4172c94,"Aide sociale : adultes, août 2024",CSV,donnees,7652,2024-10-15
5d578024-e6e8-477b-9a4f-d09867532b80,59df7940-27d0-4753-b4c0-3ae7b4172c94,"Aide sociale : adultes, juillet 2024",CSV,donnees,7668,2024-09-12
58a610c0-fac2-434e-8fe2-0366929900c8,59df7940-27d0-4753-b4c0-3ae7b4172c94,"Aide sociale : adultes, juin 2024",CSV,donnees,7673,2024-08-19
abebddec-61e8-4526-b85a-7bb726a62687,59df7940-27d0-4753-b4c0-3ae7b4172c94,"Aide sociale : adultes, mai 2024",CSV,donnees,7661,2024-07-15
108f87d2-2b6d-460c-92c8-e4b90983d423,59df7940-27d0-4753-b4c0-3ae7b4172c94,"Aide sociale : adultes, avril 2024",CSV,donnees,7682,2024-06-14
31d6f90b-a90c-4016-a5be-641e89209e02,59df7940-27d0-4753-b4c0-3ae7b4172c94,"Aide sociale : adultes, mars 2024",CSV,donnees,7661,2024-05-23
e6de733d-94a8-4fc7-b35a-a0d6a0b20923,59df7940-27d0-4753-b4c0-3ae7b4172c94,"Aide sociale : adultes, février 2024",CSV,donnees,7651,2024-04-17
55ccee2f-2c9f-494e-a9b4-91df323b13ff,59df7940-27d0-4753-b4c0-3ae7b4172c94,"Aide sociale : adultes, janvier 2024",CSV,donnees,7629,2024-03-19
8524117e-08b7-4c54-a533-a38da2cdb50b,59df7940-27d0-4753-b4c0-3ae7b4172c94,"Aide sociale : adultes, décembre 2023",CSV,donnees,7616,2024-02-22
daf3720b-418c-4743-bc70-eda54154b603,59df7940-27d0-4753-b4c0-3ae7b4172c94,"Aide sociale : adultes, novembre 2023",CSV,donnees,7628,2024-02-22
0548fcbc-a169-4b65-9f63-adab9f88c61d,59df7940-27d0-4753-b4c0-3ae7b4172c94,"Aide sociale : adultes, octobre 2023",CSV,donnees,7639,2023-12-20
66bc7c20-6e17-4955-8273-cc053536aad1,59df7940-27d0-4753-b4c0-3ae7b4172c94,"Aide sociale : adultes, septembre 2023",CSV,donnees,7636,2023-12-20
65d7f811-1527-4421-8181-671169ee8910,59df7940-27d0-4753-b4c0-3ae7b4172c94,"Aide sociale : adultes, août 2023",CSV,donnees,7641,2023-12-20
95c752cb-df4a-40d7-a311-3f2e2c25d602,59df7940-27d0-4753-b4c0-3ae7b4172c94,"Aide sociale : adultes, juillet 2023",CSV,donnees,7632,2023-12-20
00177a20-a76d-48b2-8da9-1215b0564168,59df7940-27d0-4753-b4c0-3ae7b4172c94,"Aide sociale : adultes, juin 2023",CSV,donnees,7626,2023-12-20
dc448dd3-ecb6-4e30-9e5f-a333e356c0f6,59df7940-27d0-4753-b4c0-3ae7b4172c94,"Aide sociale : adultes, mai 2023",CSV,donnees,7641,2023-12-20
f93fde9a-bdc0-4448-9e57-3e681d134340,59df7940-27d0-4753-b4c0-3ae7b4172c94,"Aide sociale : adultes, avril 2023",CSV,donnees,7633,2024-01-22
3a34d13f-9c78-498f-9708-fbce0867c873,59df7940-27d0-4753-b4c0-3ae7b4172c94,"Aide sociale : adultes, mars 2023",CSV,donnees,7635,2023-05-30
ed50339e-a8c3-42aa-a6a0-98d912226763,59df7940-27d0-4753-b4c0-3ae7b4172c94,"Aide sociale : adultes, février 2023",CSV,donnees,7620,2023-05-30
90b14b24-c3e2-4b12-8725-e0d2e931613f,59df7940-27d0-4753-b4c0-3ae7b4172c94,"Aide sociale : adultes, janvier 2023",CSV,donnees,7619,2023-06-01
0576fa16-831d-47e6-a3e4-c3bfdbc0364c,59df7940-27d0-4753-b4c0-3ae7b4172c94,Lexique Programmes d'assistance sociale,PDF,support,153256,2023-05-29
ebb5d5bb-7cfe-4cba-a042-37235781f1f4,59df7940-27d0-4753-b4c0-3ae7b4172c94,Description des champs,PDF,support,644819,2023-06-26
4e1aab8e-7c5e-4e16-bd60-eb9e81c36741,1bb9277c-2a31-42ee-8625-2b68d4283026,"Aide financière de dernier recours : adultes, avril 2026",CSV,donnees,5957,2026-06-12
102c37f4-49c6-47de-b3fc-c9126ee54d37,1bb9277c-2a31-42ee-8625-2b68d4283026,"Aide financière de dernier recours : adultes, mars 2026",CSV,donnees,5929,2026-05-14
2b22b907-7492-42cf-98b2-4c5dda03dcd3,1bb9277c-2a31-42ee-8625-2b68d4283026,"Aide financière de dernier recours : adultes, février 2026",CSV,donnees,5921,2026-04-15
7520d461-e1fb-49fd-bded-44544e6d1a84,1bb9277c-2a31-42ee-8625-2b68d4283026,"Aide financière de dernier recours : adultes, janvier 2026",CSV,donnees,5931,2026-03-20
bc683cbb-b128-4d42-a496-d81beb18d048,1bb9277c-2a31-42ee-8625-2b68d4283026,"Aide financière de dernier recours : adultes, décembre 2025",CSV,donnees,5938,2026-02-11
24c31c30-1585-4ee9-a47c-8ded274d2726,1bb9277c-2a31-42ee-8625-2b68d4283026,"Aide financière de dernier recours : adultes, novembre 2025",CSV,donnees,5929,2026-01-14
127c8da0-b7e5-4b7c-8927-066b062ecfc8,1bb9277c-2a31-42ee-8625-2b68d4283026,"Aide financière de dernier recours : adultes, octobre 2025",CSV,donnees,5925,2025-12-10
297aab81-56fa-4117-a953-79c531f90d43,1bb9277c-2a31-42ee-8625-2b68d4283026,"Aide financière de dernier recours : adultes, septembre 2025",CSV,donnees,5941,2025-11-12
62ac39ec-40fc-4145-b7b1-76207652d223,1bb9277c-2a31-42ee-8625-2b68d4283026,"Aide financière de dernier recours : adultes, août 2025",CSV,donnees,5940,2025-10-09
13d15a0a-99d0-446e-b784-a1d3302864a9,1bb9277c-2a31-42ee-8625-2b68d4283026,"Aide financière de dernier recours : adultes, juillet 2025",CSV,donnees,5928,2025-09-15
f28f7859-f074-472a-b1a2-e754d5d744d0,1bb9277c-2a31-42ee-8625-2b68d4283026,"Aide financière de dernier recours : adultes, juin 2025",CSV,donnees,5935,2025-08-18
d790bf76-92be-412e-bebf-70ffbf586c17,1bb9277c-2a31-42ee-8625-2b68d4283026,"Aide financière de dernier recours : adultes, mai 2025",CSV,donnees,5936,2025-07-11
ced8972e-099f-4f52-b566-2f28e364fcd3,1bb9277c-2a31-42ee-8625-2b68d4283026,"Aide financière de dernier recours : adultes, avril 2025",CSV,donnees,5934,2025-06-16
e9c55ebe-0c8c-42f5-a8c4-e7223b3b2bda,1bb9277c-2a31-42ee-8625-2b68d4283026,"Aide financière de dernier recours : adultes, mars 2025",CSV,donnees,5938,2025-05-12
f26589e2-94cd-4922-90cf-36387d787b52,1bb9277c-2a31-42ee-8625-2b68d4283026,"Aide financière de dernier recours : adultes, février 2025",CSV,donnees,5942,2025-04-16
1483170b-2a96-4781-90ac-7b846c53df45,1bb9277c-2a31-42ee-8625-2b68d4283026,"Aide financière de dernier recours : adultes, janvier 2025",CSV,donnees,5937,2025-03-10
b5f877f9-470f-457f-8caf-3d57749f64f5,1bb9277c-2a31-42ee-8625-2b68d4283026,"Aide financière de dernier recours : adultes, décembre 2024",CSV,donnees,5933,2025-02-14
ba2fb1c7-6715-4b15-93ff-4a1104c9a691,1bb9277c-2a31-42ee-8625-2b68d4283026,"Aide financière de dernier recours : adultes, novembre 2024",CSV,donnees,5928,2025-01-15
e3cde409-bd1b-4b41-a336-67ef1186c3db,1bb9277c-2a31-42ee-8625-2b68d4283026,"Aide financière de dernier recours : adultes, octobre 2024",CSV,donnees,5930,2024-12-12
894887ee-fad6-4bbe-89dc-87a49772c5f6,1bb9277c-2a31-42ee-8625-2b68d4283026,"Aide financière de dernier recours : adultes, septembre 2024",CSV,donnees,5933,2024-11-14
f376a12d-242d-4370-bc30-04b9b92fda3b,1bb9277c-2a31-42ee-8625-2b68d4283026,"Aide financière de dernier recours : adultes, août 2024",CSV,donnees,5953,2024-10-15
61355167-6ecb-47e4-b200-79b98698d8cf,1bb9277c-2a31-42ee-8625-2b68d4283026,"Aide financière de dernier recours : adultes, juillet 2024",CSV,donnees,5960,2024-09-12
dbcaf2bc-ee81-411a-8576-69b0323587ab,1bb9277c-2a31-42ee-8625-2b68d4283026,"Aide financière de dernier recours : adultes, juin 2024",CSV,donnees,5951,2024-08-19
8942d155-8f8f-40b9-899d-e716c5fdb761,1bb9277c-2a31-42ee-8625-2b68d4283026,"Aide financière de dernier recours : adultes, mai 2024",CSV,donnees,5960,2024-07-15
c3f684fb-0dff-4793-8875-4f2ec1477d64,1bb9277c-2a31-42ee-8625-2b68d4283026,"Aide financière de dernier recours : adultes, avril 2024",CSV,donnees,5956,2024-06-14
60ca9a1e-f407-4f82-bf7c-cfa4ccff7b6a,1bb9277c-2a31-42ee-8625-2b68d4283026,"Aide financière de dernier recours : adultes, mars 2024",CSV,donnees,5942,2024-05-23
6e8db5db-0ea4-4d46-a49c-17bcbb0aa47c,1bb9277c-2a31-42ee-8625-2b68d4283026,"Aide financière de dernier recours : adultes, février 2024",CSV,donnees,5945,2024-04-17
cc403afd-94ff-4806-8971-a437ec5cad5a,1bb9277c-2a31-42ee-8625-2b68d4283026,"Aide financière de dernier recours : adultes, janvier 2024",CSV,donnees,5920,2024-03-19
50b8ace0-6f7c-4a4b-9044-3471fb2b5d72,1bb9277c-2a31-42ee-8625-2b68d4283026,"Aide financière de dernier recours : adultes, décembre 2023",CSV,donnees,5922,2024-02-22
245a6fc7-ad51-407b-aaea-b54411ec4552,1bb9277c-2a31-42ee-8625-2b68d4283026,"Aide financière de dernier recours : adultes, novembre 2023",CSV,donnees,5915,2024-01-22
d7bf3757-d227-438d-ba90-3a90237a25da,1bb9277c-2a31-42ee-8625-2b68d4283026,"Aide financière de dernier recours : adultes, octobre 2023",CSV,donnees,5912,2023-12-20
8ba4a009-726a-43ab-b0ed-95357cb864d2,1bb9277c-2a31-42ee-8625-2b68d4283026,"Aide financière de dernier recours : adultes, septembre 2023",CSV,donnees,5925,2023-12-20
3a5ecf1d-cf0e-472e-9267-083349caed82,1bb9277c-2a31-42ee-8625-2b68d4283026,"Aide financière de dernier recours : adultes, août 2023",CSV,donnees,5924,2023-12-20
6f60e6c2-1ddf-4255-9560-9fbc4fc6cfd0,1bb9277c-2a31-42ee-8625-2b68d4283026,"Aide financière de dernier recours : adultes, juillet 2023",CSV,donnees,5923,2023-12-20
8331aa8b-08d2-4cfb-8013-a0c319b5c5a2,1bb9277c-2a31-42ee-8625-2b68d4283026,"Aide financière de dernier recours : adultes, juin 2023",CSV,donnees,5925,2023-12-20
28c1e67f-a9df-4784-9339-ab106ff20237,1bb9277c-2a31-42ee-8625-2b68d4283026,"Aide financière de dernier recours : adultes, mai 2023",CSV,donnees,5914,2023-12-20
68d131d2-ba4c-45f6-a891-09fe279b4c13,1bb9277c-2a31-42ee-8625-2b68d4283026,"Aide financière de dernier recours : adultes, avril 2023",CSV,donnees,5930,2024-01-22
ae68cc34-aa6e-4728-a1cd-b5525c2703dd,1bb9277c-2a31-42ee-8625-2b68d4283026,"Aide financière de dernier recours : adultes, mars 2023",CSV,donnees,5927,2023-06-01
eb6a6b1d-487f-4d7a-8488-1451c64e51e0,1bb9277c-2a31-42ee-8625-2b68d4283026,"Aide financière de dernier recours : adultes, février 2023",CSV,donnees,5919,2023-05-30
a8798626-48be-479b-9f8c-c7c258539ae6,1bb9277c-2a31-42ee-8625-2b68d4283026,"Aide financière de dernier recours : adultes, janvier 2023",CSV,donnees,5909,2023-05-30
772c7d35-f499-44d0-bad7-455787c1f9bd,1bb9277c-2a31-42ee-8625-2b68d4283026,Lexique Programmes d'assistance sociale,PDF,support,153256,2023-05-29
e22e0f87-0853-40cb-9a88-8160f2e7e945,1bb9277c-2a31-42ee-8625-2b68d4283026,Description des champs,PDF,support,644819,2023-06-26
68f742dd-ff88-4a82-959b-637b9524b707,cab8ee40-9b99-40e7-865c-044df4a9fb5c,"Objectif emploi : adultes, avril 2026",CSV,donnees,4673,2026-06-12
a4fbb54f-d9a7-49dd-b932-01eb5ac74127,cab8ee40-9b99-40e7-865c-044df4a9fb5c,"Objectif emploi : adultes, mars 2026",CSV,donnees,4672,2026-05-14
39015c1e-88b1-4ce0-b424-18b850125283,cab8ee40-9b99-40e7-865c-044df4a9fb5c,"Objectif emploi : adultes, février 2026",CSV,donnees,4683,2026-04-15
5eda25a3-77a2-4dac-a225-9f78ef84614d,cab8ee40-9b99-40e7-865c-044df4a9fb5c,"Objectif emploi : adultes, janvier 2026",CSV,donnees,4714,2026-03-20
43b242e0-f188-4375-b070-b7d6eb5d0450,cab8ee40-9b99-40e7-865c-044df4a9fb5c,"Objectif emploi : adultes, décembre 2025",CSV,donnees,4682,2026-02-11
9ed8db51-1de1-4976-9639-ccd7ac3d94c1,cab8ee40-9b99-40e7-865c-044df4a9fb5c,"Objectif emploi : adultes, novembre 2025",CSV,donnees,4658,2026-01-14
0e531d73-139c-44f2-a95e-90da0d71993a,cab8ee40-9b99-40e7-865c-044df4a9fb5c,"Objectif emploi : adultes, octobre 2025",CSV,donnees,4667,2025-12-10
c15468a7-178c-4b74-99b9-f70b161b3639,cab8ee40-9b99-40e7-865c-044df4a9fb5c,"Objectif emploi : adultes, septembre 2025",CSV,donnees,4663,2025-11-12
1eb27d49-2529-4119-a276-f25ece1f6de8,cab8ee40-9b99-40e7-865c-044df4a9fb5c,"Objectif emploi : adultes, août 2025",CSV,donnees,4699,2025-10-09
18863083-6b7a-442b-851d-e23c346b9714,cab8ee40-9b99-40e7-865c-044df4a9fb5c,"Objectif emploi : adultes, juillet 2025",CSV,donnees,4671,2025-09-15
e07cfe40-0177-4333-a782-32a2c0182b55,cab8ee40-9b99-40e7-865c-044df4a9fb5c,"Objectif emploi : adultes, juin 2025",CSV,donnees,4647,2025-08-18
b8300607-fb0f-41ce-9c01-dc0375658b02,cab8ee40-9b99-40e7-865c-044df4a9fb5c,"Objectif emploi : adultes, mai 2025",CSV,donnees,4678,2025-07-11
2e018bdb-08b7-44cc-b979-6f365bdac242,cab8ee40-9b99-40e7-865c-044df4a9fb5c,"Objectif emploi : adultes, avril 2025",CSV,donnees,4641,2025-06-16
7273afa9-fff2-4aae-8479-ee60d6a0ed82,cab8ee40-9b99-40e7-865c-044df4a9fb5c,"Objectif emploi : adultes, mars 2025",CSV,donnees,4670,2025-05-12
4666e62b-edad-48e5-98e7-113949756b9f,cab8ee40-9b99-40e7-865c-044df4a9fb5c,"Objectif emploi : adultes, février 2025",CSV,donnees,4659,2025-04-16
cf4aa778-9bf5-4bf8-8c87-626b428b30ec,cab8ee40-9b99-40e7-865c-044df4a9fb5c,"Objectif emploi : adultes, janvier 2025",CSV,donnees,4636,2025-04-16
cf2da197-7b65-48f9-9d07-2b5aa6747a20,cab8ee40-9b99-40e7-865c-044df4a9fb5c,"Objectif emploi : adultes, décembre 2024",CSV,donnees,4665,2025-02-14
744cc581-c0a7-46b2-a005-b80ed04be990,cab8ee40-9b99-40e7-865c-044df4a9fb5c,"Objectif emploi : adultes, novembre 2024",CSV,donnees,4644,2025-01-15
0830fee6-55b7-4e35-9fb3-b3658b111230,cab8ee40-9b99-40e7-865c-044df4a9fb5c,"Objectif emploi : adultes, octobre 2024",CSV,donnees,4589,2024-12-12
18dc4a07-f902-4dc1-a8eb-1aa4607a441a,cab8ee40-9b99-40e7-865c-044df4a9fb5c,"Objectif emploi : adultes, septembre 2024",CSV,donnees,4636,2024-11-14
3da9d01e-256e-4811-ac36-6c3d8fceae04,cab8ee40-9b99-40e7-865c-044df4a9fb5c,"Objectif emploi : adultes, août 2024",CSV,donnees,4622,2024-10-15
fe9076ce-4f40-492e-b1a9-aaa990dda008,cab8ee40-9b99-40e7-865c-044df4a9fb5c,"Objectif emploi : adultes, juillet 2024",CSV,donnees,4574,2024-09-12
427db396-14eb-45e0-a21e-dc51e2254a1e,cab8ee40-9b99-40e7-865c-044df4a9fb5c,"Objectif emploi : adultes, juin 2024",CSV,donnees,4623,2024-09-12
f1ae79c9-791b-4888-a39e-9ae640f6816d,cab8ee40-9b99-40e7-865c-044df4a9fb5c,"Objectif emploi : adultes, mai 2024",CSV,donnees,4642,2024-07-15
4e8a204a-a91d-4d8c-887c-26cde60eb2e7,cab8ee40-9b99-40e7-865c-044df4a9fb5c,"Objectif emploi : adultes, avril 2024",CSV,donnees,4629,2024-06-14
491bbd96-6bb5-4165-ac82-9c245871051e,cab8ee40-9b99-40e7-865c-044df4a9fb5c,"Objectif emploi : adultes, mars 2024",CSV,donnees,4667,2024-05-23
b0dc485e-35cb-446c-93c1-08e509fb38d5,cab8ee40-9b99-40e7-865c-044df4a9fb5c,"Objectif emploi : adultes, février 2024",CSV,donnees,4612,2024-04-17
dfcf415b-e1f1-4ce8-9819-d30d98124d59,cab8ee40-9b99-40e7-865c-044df4a9fb5c,"Objectif emploi : adultes, janvier 2024",CSV,donnees,4607,2024-03-19
f2d6f770-1484-4c90-95a8-321c49cf451d,cab8ee40-9b99-40e7-865c-044df4a9fb5c,"Objectif emploi : adultes, décembre 2023",CSV,donnees,4635,2024-02-22
1e6096df-40fc-4d90-b763-9ddbe1b76a50,cab8ee40-9b99-40e7-865c-044df4a9fb5c,"Objectif emploi : adultes, novembre 2023",CSV,donnees,4593,2024-01-22
1b4b237e-b822-46e9-8dfe-35d94a3a05fc,cab8ee40-9b99-40e7-865c-044df4a9fb5c,"Objectif emploi : adultes, octobre 2023",CSV,donnees,4612,2023-12-20
76139f17-c6be-439e-bb53-9e8d5d0f598d,cab8ee40-9b99-40e7-865c-044df4a9fb5c,"Objectif emploi : adultes, septembre 2023",CSV,donnees,4628,2023-12-20
9b39212b-f94d-4412-8d68-1c122fdd73b1,cab8ee40-9b99-40e7-865c-044df4a9fb5c,"Objectif emploi : adultes, août 2023",CSV,donnees,4654,2023-12-20
4d04c1ec-aae2-4ef3-bce5-8a2aff354043,cab8ee40-9b99-40e7-865c-044df4a9fb5c,"Objectif emploi : adultes, juillet 2023",CSV,donnees,4571,2023-12-20
0c01d108-ec69-4dd7-b320-18317bd609ed,cab8ee40-9b99-40e7-865c-044df4a9fb5c,"Objectif emploi : adultes, juin 2023",CSV,donnees,4583,2023-12-20
f9fab865-6ba1-4380-b38d-7d56d20b2317,cab8ee40-9b99-40e7-865c-044df4a9fb5c,"Objectif emploi : adultes, mai 2023",CSV,donnees,4566,2023-12-20
2c67d0ec-120e-4e1e-aa9d-785f57df3e2a,cab8ee40-9b99-40e7-865c-044df4a9fb5c,"Objectif emploi : adultes, avril 2023",CSV,donnees,4615,2024-01-22
ce2bfb64-9e1b-4fba-9856-79e2ec9e61ed,cab8ee40-9b99-40e7-865c-044df4a9fb5c,"Objectif emploi : adultes, mars 2023",CSV,donnees,4582,2023-05-30
7b7c360f-46ab-47ff-b55b-37499981c0be,cab8ee40-9b99-40e7-865c-044df4a9fb5c,"Objectif emploi : adultes, février 2023",CSV,donnees,4605,2023-05-30
94eb9280-ce2d-465f-bd9f-bb1d341fae17,cab8ee40-9b99-40e7-865c-044df4a9fb5c,"Objectif emploi : adultes, janvier 2023",CSV,donnees,4545,2023-06-01
c20196d9-5d40-4814-a481-c3280b1acaaa,cab8ee40-9b99-40e7-865c-044df4a9fb5c,Lexique Programmes d'assistance sociale,PDF,support,153256,2023-05-29
232a5a3a-662d-40df-8258-bf18ac01c59f,cab8ee40-9b99-40e7-865c-044df4a9fb5c,Description des champs,PDF,support,644819,2023-06-26
bab8c08c-3f9d-43d9-ae45-5c213aef52e5,4bc66f23-0b68-4e04-8816-2ae95ae44e09,"Assistance sociale : adultes, avril 2026",CSV,donnees,6003,2026-06-12
ba98cd8e-82fb-412e-9e90-7b61684b4e40,4bc66f23-0b68-4e04-8816-2ae95ae44e09,"Assistance sociale : adultes, mars 2026",CSV,donnees,5986,2026-05-14
0f0b6dfb-cad7-4307-8850-bdfdf6aed092,4bc66f23-0b68-4e04-8816-2ae95ae44e09,"Assistance sociale : adultes, février 2026",CSV,donnees,5985,2026-04-15
154241a7-db08-43b1-8fff-f582aeb33405,4bc66f23-0b68-4e04-8816-2ae95ae44e09,"Assistance sociale : adultes, janvier 2026",CSV,donnees,5986,2026-03-20
8d6d8b9e-bc1e-4b53-b4f5-a58ed97ee449,4bc66f23-0b68-4e04-8816-2ae95ae44e09,"Assistance sociale : adultes, décembre 2025",CSV,donnees,5984,2026-02-11
0477c8cb-0797-4659-9f8a-eef3b9473981,4bc66f23-0b68-4e04-8816-2ae95ae44e09,"Assistance sociale : adultes, novembre 2025",CSV,donnees,5992,2026-01-14
1eabdf12-2783-4013-ab94-b6b32f6c252d,4bc66f23-0b68-4e04-8816-2ae95ae44e09,"Assistance sociale : adultes, octobre 2025",CSV,donnees,5973,2025-12-10
1971767e-2f9b-4c58-9f82-c2b3b58c684e,4bc66f23-0b68-4e04-8816-2ae95ae44e09,"Assistance sociale : adultes, septembre 2025",CSV,donnees,5996,2025-11-12
bf3ac97f-3680-4923-825f-9b7d5c4030bd,4bc66f23-0b68-4e04-8816-2ae95ae44e09,"Assistance sociale : adultes, août 2025",CSV,donnees,5985,2025-10-09
aa0d690b-ac9e-48c9-9f6d-e097b5b0b6f9,4bc66f23-0b68-4e04-8816-2ae95ae44e09,"Assistance sociale : adultes, juillet 2025",CSV,donnees,5981,2025-09-15
6340003c-0533-4ea1-832f-f101fa43fe16,4bc66f23-0b68-4e04-8816-2ae95ae44e09,"Assistance sociale : adultes, juin 2025",CSV,donnees,5977,2025-08-18
a6387a20-bce1-483e-8ca9-6d71ecded17d,4bc66f23-0b68-4e04-8816-2ae95ae44e09,"Assistance sociale : adultes, mai 2025",CSV,donnees,5987,2025-07-11
e8082827-5b50-4f88-982c-f02ae53f4580,4bc66f23-0b68-4e04-8816-2ae95ae44e09,"Assistance sociale : adultes, avril 2025",CSV,donnees,5995,2025-06-16
5db75450-046d-46aa-a095-b89108a7a4f0,4bc66f23-0b68-4e04-8816-2ae95ae44e09,"Assistance sociale : adultes, mars 2025",CSV,donnees,5980,2025-05-12
f4148c8b-e8a3-4f6a-8031-f9d29dba1cfa,4bc66f23-0b68-4e04-8816-2ae95ae44e09,"Assistance sociale : adultes, février 2025",CSV,donnees,5980,2025-04-16
da2e483d-e626-4ba9-ab11-3ee300d0f9fa,4bc66f23-0b68-4e04-8816-2ae95ae44e09,"Assistance sociale : adultes, janvier 2025",CSV,donnees,5983,2025-03-10
080ccca1-c100-44e5-a440-9798e88eb76b,4bc66f23-0b68-4e04-8816-2ae95ae44e09,"Assistance sociale : adultes, décembre 2024",CSV,donnees,5993,2025-02-14
33744386-7e98-424f-b989-dff0e63801a9,4bc66f23-0b68-4e04-8816-2ae95ae44e09,"Assistance sociale : adultes, novembre 2024",CSV,donnees,5988,2025-01-15
4a1a0c10-5978-4995-8d2d-8d4164635c6f,4bc66f23-0b68-4e04-8816-2ae95ae44e09,"Assistance sociale : adultes, octobre 2024",CSV,donnees,5992,2024-12-12
54a48eb5-2da2-4b1f-975c-b3fb4af9253d,4bc66f23-0b68-4e04-8816-2ae95ae44e09,"Assistance sociale : adultes, septembre 2024",CSV,donnees,6001,2024-11-14
8f9bd745-e7f8-403a-be95-c4c9caf9bb1a,4bc66f23-0b68-4e04-8816-2ae95ae44e09,"Assistance sociale : adultes, août 2024",CSV,donnees,5995,2024-10-15
bdc55219-cf75-46f9-87e1-92e4352d4f3a,4bc66f23-0b68-4e04-8816-2ae95ae44e09,"Assistance sociale : adultes, juillet 2024",CSV,donnees,5997,2024-09-12
12d96ec2-9e2d-41ae-b0d9-3cc8d83cb90d,4bc66f23-0b68-4e04-8816-2ae95ae44e09,"Assistance sociale : adultes, juin 2024",CSV,donnees,5997,2024-08-19
70bc084f-525a-4c3d-ad13-29cc90f5a411,4bc66f23-0b68-4e04-8816-2ae95ae44e09,"Assistance sociale : adultes, mai 2024",CSV,donnees,5989,2024-07-15
96795ce6-0194-4205-bd11-83111f8fd3a0,4bc66f23-0b68-4e04-8816-2ae95ae44e09,"Assistance sociale : adultes, avril 2024",CSV,donnees,5987,2024-06-14
a001cd10-0be2-4911-864b-484a3d6235e2,4bc66f23-0b68-4e04-8816-2ae95ae44e09,"Assistance sociale : adultes, mars 2024",CSV,donnees,5978,2024-05-23
a80d3275-d051-4b04-aa9b-17aee6c52ac8,4bc66f23-0b68-4e04-8816-2ae95ae44e09,"Assistance sociale : adultes, février 2024",CSV,donnees,5997,2024-04-17
451aebba-9deb-4ca2-a87e-1ff4464d4c74,4bc66f23-0b68-4e04-8816-2ae95ae44e09,"Assistance sociale : adultes, janvier 2024",CSV,donnees,5975,2024-03-19
c6c11084-6b41-4bd2-94a6-472982328538,4bc66f23-0b68-4e04-8816-2ae95ae44e09,"Assistance sociale : adultes, décembre 2023",CSV,donnees,5970,2024-02-22
79bc34b5-1495-4400-8ec8-b5fbfadb8e38,4bc66f23-0b68-4e04-8816-2ae95ae44e09,"Assistance sociale : adultes, novembre 2023",CSV,donnees,5978,2024-01-22
79c3e91c-24db-4a8e-9f72-5a1a665ebf71,4bc66f23-0b68-4e04-8816-2ae95ae44e09,"Assistance sociale : adultes, octobre 2023",CSV,donnees,5974,2023-12-19
56a9b14a-e676-4e1d-ab00-d8f9cdf7a78a,4bc66f23-0b68-4e04-8816-2ae95ae44e09,"Assistance sociale : adultes, septembre 2023",CSV,donnees,5977,2023-12-19
b06d6e54-5bdf-4f87-83a6-9fd16735b5bd,4bc66f23-0b68-4e04-8816-2ae95ae44e09,"Assistance sociale : adultes, août 2023",CSV,donnees,5964,2023-12-19
4f20120c-64ca-42e5-bd5d-f41ab07864b7,4bc66f23-0b68-4e04-8816-2ae95ae44e09,"Assistance sociale : adultes, juillet 2023",CSV,donnees,5970,2023-12-19
886c8fca-6b11-4143-974a-fb9bc9396701,4bc66f23-0b68-4e04-8816-2ae95ae44e09,"Assistance sociale : adultes, juin 2023",CSV,donnees,5964,2023-12-19
0a7493f2-7da5-4ed3-8269-a1aaebec91fe,4bc66f23-0b68-4e04-8816-2ae95ae44e09,"Assistance sociale : adultes, mai 2023",CSV,donnees,5972,2023-12-19
98bf53ad-79c8-4f5f-a39e-1fae85ef59e8,4bc66f23-0b68-4e04-8816-2ae95ae44e09,"Assistance sociale : adultes, avril 2023",CSV,donnees,5972,2024-01-22
3cee9706-92d2-48ec-8717-504e62e50c5a,4bc66f23-0b68-4e04-8816-2ae95ae44e09,"Assistance sociale : adultes, mars 2023",CSV,donnees,5979,2023-05-30
8c32c5fe-a3bd-4980-84a6-4028458a9d39,4bc66f23-0b68-4e04-8816-2ae95ae44e09,"Assistance sociale : adultes, février 2023",CSV,donnees,5970,2023-05-30
c46af578-3587-40e9-9cb2-34ca27322e9b,4bc66f23-0b68-4e04-8816-2ae95ae44e09,"Assistance sociale : adultes, janvier 2023",CSV,donnees,5958,2023-06-01
5c4af551-0290-46fa-bd71-980ac8789449,4bc66f23-0b68-4e04-8816-2ae95ae44e09,Lexique Programmes d'assistance sociale,PDF,support,153256,2023-05-29
1ad9a421-9539-4b9a-ad66-903724c25d32,4bc66f23-0b68-4e04-8816-2ae95ae44e09,Description des champs,PDF,support,644819,2023-06-26
85de64f9-1547-483a-a321-84f7e8b98afd,2095ec43-6e18-441d-a79a-fd400393093f,Coordonnées des sous-ministres et des sous-ministres adjoints ou associés,CSV,donnees,58418,2026-07-07
005bd2f0-6bc4-4acc-956a-829e351e8f10,2095ec43-6e18-441d-a79a-fd400393093f, Coordonnées des dirigeants des organismes gouvernementaux,CSV,donnees,92329,2026-07-07
7e7439f7-c37d-477e-a905-1e6d56e9c112,2095ec43-6e18-441d-a79a-fd400393093f,Coordonnées des dirigeants des autres organismes,CSV,donnees,6966,2026-07-07
8e75dbc6-d004-4928-8361-a425c997991f,b480170d-39a0-4b24-834b-24995b5d4bac,"Code, nom et acronyme des ministères et organismes publics dont le gouvernement ou l'Assemblée nationale procède à la nomination de membres",CSV,donnees,20522,2026-07-07
49561120-4c82-4709-8e66-85dadb7aafa6,afd242d3-cc46-4ef4-a194-40835293360c,Description du jeu de données FRQNT,PDF,support,NA,2023-06-26
49349c89-a827-464e-8aa9-1dd814cdeca3,afd242d3-cc46-4ef4-a194-40835293360c,Liste du Financement - FRQNT 2023-2024,CSV,donnees,1129276,2026-01-30
1fb1c27d-9082-4ee6-8b0e-ae79523c1b8b,afd242d3-cc46-4ef4-a194-40835293360c,Liste du Financement - FRQNT 2022-2023,CSV,donnees,983832,2026-01-29
b256a615-c21e-40e2-b564-f4a437501b7c,afd242d3-cc46-4ef4-a194-40835293360c,Liste du Financement - FRQNT 2021-2022,CSV,donnees,716851,2025-01-27
36631aee-707d-4f3b-b115-6f5d7cb5b15d,afd242d3-cc46-4ef4-a194-40835293360c,Liste du financement - FRQNT 2020-2021,CSV,donnees,965498,2025-01-27
51d03422-747e-4bb0-80ae-1550b11ba348,afd242d3-cc46-4ef4-a194-40835293360c,Liste du Financement - FRQNT 2019-2020,CSV,donnees,924122,2025-01-27
7fb5b20f-e808-4825-be69-ea1ed0fb552d,afd242d3-cc46-4ef4-a194-40835293360c,Liste du financement - FRQNT 2018-2019,CSV,donnees,NA,2025-01-27
e0cf79b5-7261-4f5c-aafa-3e027d00d308,579125c6-561b-4558-8d69-6832fec8a7ac,VSH - Service cartographique ArcGIS,REST,web,NA,2025-09-30
a1e670b6-4713-41ff-81ae-a5433b4ab6c7,579125c6-561b-4558-8d69-6832fec8a7ac,dbo.V_GBR_TRONCON_L,GeoJSON,donnees,NA,2025-09-30
10f21ece-c5ad-457a-a6be-7c4e0c17e86d,2642706c-14a6-4044-be21-e2a6d8d37691,VSH - Service cartographique ArcGIS,REST,web,NA,2025-09-30
5aceb7a7-ca14-4815-a5eb-3b9459a26917,2642706c-14a6-4044-be21-e2a6d8d37691,dbo.SIUEVA_UEVA_S,GeoJSON,donnees,NA,2025-09-30
62327643-f470-4e70-b3e0-0f0f8468570c,19b0d9a9-11d5-4a35-af9a-ac8f6470c62c,VSH - Service cartographique ArcGIS,REST,web,NA,2025-09-30
4c57b0a5-a9ee-4fbd-90ff-e36c9f0f8a79,19b0d9a9-11d5-4a35-af9a-ac8f6470c62c,dbo.V_SEC_DISTRICT_ELEC_S,GeoJSON,donnees,NA,2025-09-30
99a8c351-89e5-4186-a5e6-97f37b9348cc,d4357015-d0d9-456d-a249-66841d2413f2,VSH - Service cartographique ArcGIS,REST,web,NA,2025-09-30
ea125a0a-95c6-434c-8e67-950d239e512d,d4357015-d0d9-456d-a249-66841d2413f2,dbo.V_BGO_BAT_ADRCIV_T,GeoJSON,donnees,NA,2025-09-30
481bd84b-ea98-4d40-9e03-4e6074390feb,c4179790-79a3-42d3-94a2-69d513223da3,VSH - Service cartographique ArcGIS,REST,web,NA,2025-09-30
ced3f326-e684-4021-a77f-b2e375e3a110,c4179790-79a3-42d3-94a2-69d513223da3,dbo.V_SEC_LOISIR_S,GeoJSON,donnees,NA,2025-09-30
a503b81d-d924-459e-ad78-8d39983a25ee,52e35caf-ee9d-4446-8c0a-915e35c77efc,VSH - Service cartographique ArcGIS,REST,web,NA,2025-09-30
6525de74-619f-4fe2-8315-bbd5993a1c6d,52e35caf-ee9d-4446-8c0a-915e35c77efc,dbo.V_ZON_AFFECTATION_S,GeoJSON,donnees,NA,2025-09-30
b51970cb-3b36-41a9-8490-0ac18e1d541e,0c8a89da-47f2-4341-9770-35146d265fc1,VSH - Service cartographique ArcGIS,REST,web,NA,2025-09-30
3988d5da-5fc0-4320-8aee-4cfae2cb7775,0c8a89da-47f2-4341-9770-35146d265fc1,dbo.V_ZON_ZONAGE_S,GeoJSON,donnees,NA,2025-09-30
73456e53-03a6-4b51-b8cc-34d70d1b4a18,7185f1a1-3d97-48ad-a6e8-2461e7abcc15,VSH - Service cartographique ArcGIS,REST,web,NA,2025-09-30
b106a05d-b743-4fb1-9e25-a615e3985138,7185f1a1-3d97-48ad-a6e8-2461e7abcc15,dbo.V_AQU_BF_P,GeoJSON,donnees,NA,2025-09-30
e1a785db-254a-472f-bf1b-2e91b6da86b7,6d62c914-77c0-43f3-99b6-74d5f3d56546,Longs métrages québécois disponibles sur les plateformes numériques en octobre 2025,CSV,donnees,884997,2026-02-17
abb011fd-a194-475b-9252-e434b4d53695,6d62c914-77c0-43f3-99b6-74d5f3d56546,Longs métrages québécois disponibles sur les plateformes numériques en mai 2025,CSV,donnees,116104,2025-11-20
a2d5c33c-8cb3-45ad-b6f4-46133c9db7a1,6d62c914-77c0-43f3-99b6-74d5f3d56546,Longs métrages québecois disponibles sur les plateformes numériques en 2023,CSV,donnees,78982,2026-02-17
f686aba3-1e16-432b-a7a6-e58936c3a816,6d62c914-77c0-43f3-99b6-74d5f3d56546,Longs métrages québécois disponibles sur les plateformes numériques en 2022,CSV,donnees,64033,2025-11-20
6d4515c5-8d51-43fc-9e7a-3a085ba6cc9d,e535fac3-17e7-42f2-855f-a4c8e581b7e0,Longs métrages sortis en salle en 2025,CSV,donnees,24633,2025-11-17
d00f77ca-49dc-4ce9-9da0-511848be6684,e535fac3-17e7-42f2-855f-a4c8e581b7e0,Longs métrages sortis en salle en 2024,CSV,donnees,14121,2024-11-12
8c169002-866c-40e8-babd-2be7186cb17c,95c99f50-d417-4932-9e9a-207b45b1b42a,Gares de train exo,GeoJSON,donnees,21229,2026-05-20
0f7d6393-e43e-48b3-ab8c-a3d48b36cac6,0bc4dc35-a12b-4695-8e0a-21b87c18d8a4,Lignes de train exo,GeoJSON,donnees,63623,2026-05-20
f12fe017-54a9-4a1b-bb7f-5aa0a370d2c9,3c580808-452a-40e8-937e-0c4907cb40c3,Personnes bénéficiant d'une mesure de représentation selon le genre,CSV,donnees,18408,2026-05-07
e2bb3bc0-f481-4c2b-8bcf-82c59e0029ce,abcc710c-dd95-4a8b-a999-f10a698b6667,Personnes bénéficiant d'une mesure de représentation selon le type de mesure,CSV,donnees,24451,2026-05-07
4cca183b-c31d-4759-bc10-08d04b3750dc,bc44f8d2-1833-46bc-89c2-41e44906a442,Adultes bénéficiant d'une mesure de représentation selon la région sociosanitaire et le genre,CSV,donnees,54399,2026-05-07
bc672827-41a5-4197-9a04-7fe5cc682377,2990a918-1e87-4bae-a5a4-0cd283b02c5b,Adultes bénéficiant d'une mesure de représentation publique ou mixte selon la cause d'inaptitude et le genre,CSV,donnees,18435,2026-05-07
cce90360-8b9e-43f2-bfac-ae2d8c4ddd9b,1ac35363-2f9f-4c67-a1f1-05dcde1111dd,Adultes bénéficiant d'une mesure de représentation selon le groupe d'âge et le genre,CSV,donnees,18587,2026-05-07
c5bde6e3-0c4c-4f3b-9e0e-a70ce91a4516,6d65a6ad-af47-4b70-a31f-7b4a14078245,Avertissement routier,HTML,cartes,NA,2026-07-11
8a2dd651-606f-48b2-b79d-d104714a1723,6d65a6ad-af47-4b70-a31f-7b4a14078245,Avertissement routier,CSV,donnees,NA,2026-07-11
798ecc35-ddb7-40bf-abb1-ce45d3f9754b,6d65a6ad-af47-4b70-a31f-7b4a14078245,Avertissement routier,GeoJSON,donnees,NA,2026-07-11
05513877-a05d-4188-bb02-2bed9ed8acc5,6d65a6ad-af47-4b70-a31f-7b4a14078245,Avertissement routier,SHP,donnees,NA,2026-07-11
77339e07-bdfd-4bea-a2d2-3b12d75183ec,6d65a6ad-af47-4b70-a31f-7b4a14078245,Avertissement routier,GPKG,donnees,NA,2026-07-11
83fb39ec-07e9-4a25-bcb7-4b496014ca81,6d65a6ad-af47-4b70-a31f-7b4a14078245,Avertissement routier,WMS,web,NA,2026-07-11
89e8d1c1-d5db-467e-a9fc-30add6847612,6d65a6ad-af47-4b70-a31f-7b4a14078245,Avertissement routier,WFS,web,NA,2026-07-11
71af1d78-0394-4c89-882d-32c404517609,6d65a6ad-af47-4b70-a31f-7b4a14078245,Avertissement routier - Dictionnaire de données,PDF,support,122579,2023-03-28
6eb2fee4-1d4a-4654-bb85-18470fad48fc,1dc7fe7f-4eb4-4d9b-a254-e48771bf49b7,Condition routière hivernale - en continu,HTML,cartes,NA,2026-07-11
878ec199-1698-4059-b14f-1697fe441070,1dc7fe7f-4eb4-4d9b-a254-e48771bf49b7,Condition routière hivernale - en continu,CSV,donnees,666,2026-07-11
d33ffe22-65ec-4427-9fe1-60045c4cadc7,1dc7fe7f-4eb4-4d9b-a254-e48771bf49b7,Condition routière hivernale - année courante (quotidien),CSV,donnees,NA,2026-07-11
2cf79ac2-2139-4ff3-8ad9-eb7c8ac1b7c8,1dc7fe7f-4eb4-4d9b-a254-e48771bf49b7,Condition routière hivernale - archives 2015 à 2020,CSV,donnees,NA,2025-11-20
9e291157-476e-4317-a959-51b1e89c695e,1dc7fe7f-4eb4-4d9b-a254-e48771bf49b7,Condition routière hivernale - archives 2021 à 2025,CSV,donnees,NA,2026-05-26
3e2253e0-56a9-496d-be75-429c5f923bf3,1dc7fe7f-4eb4-4d9b-a254-e48771bf49b7,Condition routière hivernale  - en continu,GeoJSON,donnees,666,2026-07-11
34b130f8-9487-4df3-ab5b-6ccb249fef76,1dc7fe7f-4eb4-4d9b-a254-e48771bf49b7,Condition routière hivernale - année courante (quotidien),GeoJSON,donnees,NA,2026-07-11
e56dc41c-b3d5-4f6b-a97a-f205976e4ffb,1dc7fe7f-4eb4-4d9b-a254-e48771bf49b7,Condition routière hivernale - archives 2015 à 2020,GeoJSON,donnees,NA,2023-04-14
2c94a336-8272-4760-9d0a-15813be7b395,1dc7fe7f-4eb4-4d9b-a254-e48771bf49b7,Condition routière hivernale - archives 2021 à 2025,GeoJSON,donnees,NA,2026-05-26
7066def3-c553-4a3e-ae4c-33da6690f48b,1dc7fe7f-4eb4-4d9b-a254-e48771bf49b7,Condition routière hivernale - en continu,SHP,donnees,666,2026-07-11
da9b27d0-cca7-473d-98ab-b7b108710f20,1dc7fe7f-4eb4-4d9b-a254-e48771bf49b7,Condition routière hivernale - année courante (quotidien),SHP,donnees,NA,2026-07-11
01e86f4a-b165-4048-9fe2-95e485ea4e81,1dc7fe7f-4eb4-4d9b-a254-e48771bf49b7,Condition routière hivernale - archives 2015 à 2020,SHP,donnees,NA,2026-05-26
16cccee5-e9d8-4fd5-9e49-cfae0b476424,1dc7fe7f-4eb4-4d9b-a254-e48771bf49b7,Condition routière hivernale - archives 2021 à 2025,SHP,donnees,NA,2026-05-26
93f59ffc-55bc-40b7-bb70-3df7af51aafd,1dc7fe7f-4eb4-4d9b-a254-e48771bf49b7,Condition routière hivernale - en continu,GPKG,donnees,666,2026-07-11
0e91884d-c5bb-478b-a72a-5ffb43658d1e,1dc7fe7f-4eb4-4d9b-a254-e48771bf49b7,Condition routière hivernale - année courante (quotidien),GPKG,donnees,NA,2026-07-11
56351cc5-6e5b-4b3f-b925-35fee98d2116,1dc7fe7f-4eb4-4d9b-a254-e48771bf49b7,Condition routière hivernale - archives 2015 à 2020,GPKG,donnees,NA,2026-05-26
79ee8314-8579-43ff-8c44-c52fd58f5068,1dc7fe7f-4eb4-4d9b-a254-e48771bf49b7,Condition routière hivernale - archives 2021 à 2025,GPKG,donnees,NA,2026-05-26
fb9064b8-4c6a-45c0-9ef3-047672b0b596,1dc7fe7f-4eb4-4d9b-a254-e48771bf49b7,Condition routière hivernale - en continu,WMS,web,NA,2026-07-11
2162c079-1b2b-4751-a741-638d21f8764e,1dc7fe7f-4eb4-4d9b-a254-e48771bf49b7,Condition routière hivernale - en continu,WFS,web,NA,2026-07-11
6e4fc6c9-e2ad-478a-a62c-5f87cd0cfa8d,1dc7fe7f-4eb4-4d9b-a254-e48771bf49b7,Condition routière hivernale - Dictionnaire des données,PDF,support,155569,2023-03-06
5b1fb7fb-be54-41b9-860b-c0c9228dc215,d7941cb1-69a8-4e8e-a117-6c0fd12c2037,Station météoroutière,HTML,cartes,NA,2026-07-11
4488e1f0-7a58-4eb3-adc2-da2471af05b4,d7941cb1-69a8-4e8e-a117-6c0fd12c2037,Station météoroutière,CSV,donnees,NA,2026-07-11
2e247e35-55b7-4a53-ad71-7f0187cfe87d,d7941cb1-69a8-4e8e-a117-6c0fd12c2037,Station météoroutière,GeoJSON,donnees,NA,2026-07-11
c2e5e7b7-56d0-4bdb-a17a-4c2691fabb38,d7941cb1-69a8-4e8e-a117-6c0fd12c2037,Station météoroutière,SHP,donnees,NA,2026-07-11
265e24d5-ddfb-4363-a83b-619647ea032a,d7941cb1-69a8-4e8e-a117-6c0fd12c2037,Station météoroutière,GPKG,donnees,NA,2026-07-11
380c91c1-ad06-41dd-87bd-3eab85e711ff,d7941cb1-69a8-4e8e-a117-6c0fd12c2037,Station météoroutière,WMS,web,NA,2026-07-11
1d8d55c8-2bb2-487c-96d2-f9f7e914ecd6,d7941cb1-69a8-4e8e-a117-6c0fd12c2037,Station météoroutière,WFS,web,NA,2026-07-11
ed0e6233-f828-428b-baaf-05f53e4ca6b1,d7941cb1-69a8-4e8e-a117-6c0fd12c2037,Station météoroutière - Guide d'utilisation des données,PDF,support,NA,2018-07-11
5f6b851c-1d3b-49fa-b11c-ab0256916fa6,988dcd41-592c-4f80-9ac2-28d77bbad991,Structure,HTML,cartes,NA,2026-07-11
43cf12b0-8430-46db-acad-789bfede8ea0,988dcd41-592c-4f80-9ac2-28d77bbad991,Structure,CSV,donnees,6,2026-07-11
ccd7915f-5a7c-480c-8717-993a827e0744,988dcd41-592c-4f80-9ac2-28d77bbad991,Structure,GeoJSON,donnees,NA,2026-07-11
fc89b7d1-5273-4a6a-b9e3-927ee4cc572e,988dcd41-592c-4f80-9ac2-28d77bbad991,Structure,SHP,donnees,NA,2026-07-11
00c28a81-5011-41dc-8b41-90c77fcd498b,988dcd41-592c-4f80-9ac2-28d77bbad991,Structure,GPKG,donnees,NA,2026-07-11
f062e27c-58a7-4f6d-a642-a6f5eec64eb8,988dcd41-592c-4f80-9ac2-28d77bbad991,Structure,WMS,web,NA,2026-07-11
531b235d-82b7-4489-9bb0-25c7e49e3af7,988dcd41-592c-4f80-9ac2-28d77bbad991,Structure,WFS,web,NA,2026-07-11
606f8c4f-efff-4089-a5ae-46b72436359a,988dcd41-592c-4f80-9ac2-28d77bbad991,Structure - Dictionnaire de données,PDF,support,165209,2025-08-16
2bd6ea5d-ba7f-44d5-afcd-4ca968897c1d,c77c495a-2a4c-447e-9184-25722289007f,Débit de circulation,HTML,cartes,NA,2026-07-11
cd6f9bfd-c395-4646-93bc-24bd3f96235b,c77c495a-2a4c-447e-9184-25722289007f,Débit de circulation,CSV,donnees,1,2026-07-11
e876be7b-c983-4461-a6e0-dca532922f7e,c77c495a-2a4c-447e-9184-25722289007f,Débit de circulation,GeoJSON,donnees,NA,2026-07-11
9de14998-2e3b-4936-a587-2da4f3ddd3af,c77c495a-2a4c-447e-9184-25722289007f,Débit de circulation,SHP,donnees,NA,2026-07-11
f077d119-365f-47bd-88ee-010d171f8b0f,c77c495a-2a4c-447e-9184-25722289007f,Débit de circulation,GPKG,donnees,NA,2026-07-11
aeb846ff-24e8-42c0-afb8-83c38f1b2f27,c77c495a-2a4c-447e-9184-25722289007f,Débit de circulation,WMS,web,NA,2026-07-11
684f3481-0c09-4c71-b786-b72c77c15818,c77c495a-2a4c-447e-9184-25722289007f,Débit de circulation,WFS,web,NA,2026-07-11
782087a6-3f53-4591-b9e2-07af432a1379,c77c495a-2a4c-447e-9184-25722289007f,Débit de circulation - Dictionnaire de données,PDF,support,308180,2024-12-11
764cd660-e8ba-4484-a259-4510a405958f,c937deb0-a089-4035-88f1-06b36bfd42c5,Réseau routier - RTSS,HTML,cartes,NA,2026-07-11
191adf2f-d2fa-4039-b3eb-c7d04e95f3e1,c937deb0-a089-4035-88f1-06b36bfd42c5,Réseau routier - RTSS,CSV,donnees,5,2026-07-11
312a75f4-e93a-4681-b2da-48aa1c9fd52a,c937deb0-a089-4035-88f1-06b36bfd42c5,Réseau routier - RTSS,GeoJSON,donnees,NA,2026-07-11
aca68531-930a-49bf-b28d-c688b388c761,c937deb0-a089-4035-88f1-06b36bfd42c5,Réseau routier - RTSS,SHP,donnees,NA,2026-07-11
d09ba078-fd84-4e2e-96f5-178dd346564b,c937deb0-a089-4035-88f1-06b36bfd42c5,Réseau routier - RTSS,GPKG,donnees,NA,2026-07-11
6463f364-06f5-4ab3-9bec-c43736a18827,c937deb0-a089-4035-88f1-06b36bfd42c5,Réseau routier - RTSS,WMS,web,NA,2026-07-11
e32a5171-60d2-4956-b975-21d60c64798a,c937deb0-a089-4035-88f1-06b36bfd42c5,Réseau routier - RTSS,WFS,web,NA,2026-07-11
c63c6c70-f0a8-4029-a0b3-909b88a7d3fc,c937deb0-a089-4035-88f1-06b36bfd42c5,Réseau routier - RTSS - Dictionnaire de données,PDF,support,159270,2023-07-20
5258f981-ca48-40cd-bb28-4b925f076b90,549a1076-94da-4163-b8ce-c6c5e97627ed,Limite de charge,HTML,cartes,NA,2026-07-11
9b59607b-7093-4ed3-a40e-dd037d1566ae,549a1076-94da-4163-b8ce-c6c5e97627ed,Limite de charge,WMS,web,NA,2026-07-11
abaea426-758a-47f6-881d-66a2d8ce9623,8939044a-c0cd-4c98-9060-a77c8b43b0f2,Travaux routiers,HTML,cartes,NA,2026-07-11
d467ece4-7427-4779-b43c-120afbe5f330,8939044a-c0cd-4c98-9060-a77c8b43b0f2,Travaux routiers,CSV,donnees,1,2026-07-11
50fc1778-4171-4d4d-bb55-c39fb95c043d,8939044a-c0cd-4c98-9060-a77c8b43b0f2,Travaux routiers,GeoJSON,donnees,NA,2026-07-11
cb67f805-fc4d-4df0-a579-16b4b4a9f8ef,8939044a-c0cd-4c98-9060-a77c8b43b0f2,Travaux routiers,SHP,donnees,NA,2026-07-11
da295d19-61a4-4bb5-ab40-46de8191245b,8939044a-c0cd-4c98-9060-a77c8b43b0f2,Travaux routiers,GPKG,donnees,NA,2026-07-11
fe0e3edd-b6ac-4f07-9b26-0781e12a67ef,8939044a-c0cd-4c98-9060-a77c8b43b0f2,Travaux routiers,WMS,web,NA,2026-07-11
0ba0d51e-2e97-43a7-923d-90e78b16a5f6,8939044a-c0cd-4c98-9060-a77c8b43b0f2,Travaux routiers,WFS,web,NA,2026-07-11
9d6755af-0b0a-4c2f-83e9-1ae27b2da3ff,d27c44f2-3f54-412d-bd1c-70c6e6a37ba8,Transports - Système d’information touristique Québec (SIT Québec) (format JSON),JSON,donnees,NA,2025-06-06
61828273-74fc-4dfe-ac1f-9cf70726f067,d27c44f2-3f54-412d-bd1c-70c6e6a37ba8,Transports - Système d’information touristique Québec (SIT Québec) (format XML),XML,donnees,NA,2025-06-08
73b7ac3a-8d37-4452-8b6b-211624f2cd91,d27c44f2-3f54-412d-bd1c-70c6e6a37ba8,Transports - Système d’information touristique Québec (SIT Québec) (format CSV),CSV,donnees,108106,2026-07-05
ec6e62f0-931f-43e6-8699-a609f800111f,3f1aef13-48f9-41d0-9575-245d931f28ea,Services connexes - Système d’information touristique Québec (SIT Québec) (format JSON),JSON,donnees,NA,2025-06-06
7950ebc7-1b26-4310-a203-38abf5625728,3f1aef13-48f9-41d0-9575-245d931f28ea,Services connexes - Système d’information touristique Québec (SIT Québec) (format XML),XML,donnees,NA,2025-06-08
2a61cf34-020f-43b4-a9c0-24a836a12922,3f1aef13-48f9-41d0-9575-245d931f28ea,Services connexes - Système d’information touristique Québec (SIT Québec) (format CSV),CSV,donnees,470811,2026-07-05
fe1a934e-d9b3-49ad-8295-f03c0c6fa7aa,17dfa825-9515-4fac-be6b-3964d25194c3,Restauration - Système d’information touristique Québec (SIT Québec) (format JSON),JSON,donnees,NA,2025-06-06
ec33e13b-49ff-40ef-8f52-3f6b613c8bf3,17dfa825-9515-4fac-be6b-3964d25194c3,Restauration - Système d’information touristique Québec (SIT Québec) (format XML),XML,donnees,NA,2025-06-08
64d52e5a-5cc5-40ce-a0c4-96c318087e97,17dfa825-9515-4fac-be6b-3964d25194c3,Restauration - Système d’information touristique Québec (SIT Québec) (format CSV),CSV,donnees,1126126,2026-07-05
02a09a20-7df6-4463-90ca-b1e71a226444,f43fbfd7-2b40-4f40-99da-2e0ac1339012,Pourvoiries - Système d’information touristique Québec (SIT Québec) (format JSON),JSON,donnees,NA,2025-06-06
dee8a7c9-9e7c-4f8c-9388-a96617642598,f43fbfd7-2b40-4f40-99da-2e0ac1339012,Pourvoiries - Système d’information touristique Québec (SIT Québec) (format XML),XML,donnees,NA,2025-06-08
d2f8c9e6-cdb7-4faa-976f-2cac089ee692,f43fbfd7-2b40-4f40-99da-2e0ac1339012,Pourvoiries - Système d’information touristique Québec (SIT Québec) (format CSV),CSV,donnees,641586,2026-07-05
dc58840c-b308-4f26-894f-fef8f03b28fb,bc318da2-934b-4e67-b575-875d59a44cd1,Organismes touristiques - Système d’information touristique Québec (SIT Québec) (format JSON),JSON,donnees,NA,2025-06-06
c5d80927-ff35-4b6a-a8b2-78277d8badf5,bc318da2-934b-4e67-b575-875d59a44cd1,Organismes touristiques - Système d’information touristique Québec (SIT Québec) (format XML),XML,donnees,NA,2025-06-06
d251ac1c-20ee-4d08-8e1f-55ecfcc592a9,bc318da2-934b-4e67-b575-875d59a44cd1,Organismes touristiques - Système d’information touristique Québec (SIT Québec) (format CSV),CSV,donnees,86476,2026-07-05
81cb33b5-f44c-4d46-9ace-96119eccd582,3adf4522-2eae-4600-80d3-7df6e7c62ef1,"Nature, sports et plein air - Système d’information touristique Québec (SIT Québec) (format JSON)",JSON,donnees,NA,2025-06-06
49525ed1-69dd-4955-8eea-4dd1739ae1c6,3adf4522-2eae-4600-80d3-7df6e7c62ef1,"Nature, sports et plein air - Système d’information touristique Québec (SIT Québec) (format XML)",XML,donnees,NA,2025-06-08
fe020f80-c2b8-487a-ab92-13b0080b7ca4,3adf4522-2eae-4600-80d3-7df6e7c62ef1,"Nature, sports et plein air - Système d’information touristique Québec (SIT Québec) (format CSV)",CSV,donnees,1294988,2026-07-05
75c03e72-ee95-4b3f-b41c-575ba616445c,2125099f-486b-422d-bc23-f46864d9b41c,Hôtels - Système d’information touristique Québec (SIT Québec) (format JSON),JSON,donnees,NA,2025-06-06
769ffa98-9211-45c2-9635-0f6bc4beefe9,2125099f-486b-422d-bc23-f46864d9b41c,Hôtels - Système d’information touristique Québec (SIT Québec) (format XML),XML,donnees,NA,2025-06-08
8ea2fd71-b4e7-4cef-95fc-c36d4a0c44d3,2125099f-486b-422d-bc23-f46864d9b41c,Hôtels - Système d’information touristique Québec (SIT Québec) (format CSV),CSV,donnees,1685699,2026-07-05
07efe4ef-684e-4bee-be19-18bae70d9891,e9e2429f-7f23-41f2-bd0e-e41a6e349aa5,Hébergements touristiques collectifs - Système d’information touristique Québec (SIT Québec) (format JSON),JSON,donnees,NA,2025-06-06
d7cfe613-d1f6-4597-a720-3ae90a0abfa5,e9e2429f-7f23-41f2-bd0e-e41a6e349aa5,Hébergements touristiques collectifs - Système d’information touristique Québec (SIT Québec) (format XML),XML,donnees,NA,2025-06-08
16e84b47-4fa3-4079-bf00-8609939974e9,e9e2429f-7f23-41f2-bd0e-e41a6e349aa5,Hébergements touristiques collectifs - Système d’information touristique Québec (SIT Québec) (format CSV),CSV,donnees,318350,2026-07-05
0e4c9cb4-7ab3-40d2-a3d8-a0ecf5d3165c,2c84537c-0a2f-4e6f-aae8-1664bd92d90b,GTFS_STSV,ZIP,donnees,2049798,2026-07-10
